20002
169 643 2560 
901 2934 6767 
4169 986 5005 
2024 9797 9861 
615 1637 5804 
3280 6716 8903 
2721 774 3869 
3077 1022 4026 
83 1360 4359 
3479 6280 7785 
1702 7459 9329 
1174 269 3841 
6084 7362 8697 
6999 4361 9086 
385 3926 4867 
4134 3468 5286 
748 15 7477 
3474 794 8717 
4284 486 5726 
810 6135 9158 
7931 7071 8966 
8179 5480 9799 
5442 6249 6942 
2939 2962 5876 
2127 2171 4597 
6938 1859 9587 
2427 1611 7140 
6560 60 7410 
5523 8767 9251 
1977 2628 3978 
1212 1601 5524 
3050 4051 6476 
1587 2125 5607 
3807 3456 7346 
2014 122 5790 
6055 742 6435 
9594 7530 9988 
260 3754 9163 
2148 1172 5997 
4065 4542 5965 
3572 8215 8735 
7626 3317 8608 
1326 2762 3529 
380 284 1292 
4598 3140 6789 
2802 857 6776 
1419 2159 4080 
8690 5065 9270 
4599 807 7755 
4311 3788 9447 
1842 2561 5340 
1309 1655 3210 
3217 355 8846 
904 971 7250 
1541 839 9259 
6665 44 9092 
3801 2419 3813 
1016 2430 2620 
6357 1449 6600 
833 465 3947 
3189 5611 7445 
2162 3888 7420 
633 1056 7703 
3722 4015 9247 
4040 4519 5778 
3563 4891 7594 
1477 493 3387 
5652 1432 9289 
1612 705 6568 
5481 4078 8570 
1017 2392 2974 
182 6275 9595 
4959 6198 7957 
129 5485 7375 
5386 3171 6492 
3021 4625 8065 
2902 307 4885 
7574 2176 8405 
8612 4961 9595 
5398 6542 9903 
2732 3036 6270 
1989 531 3113 
40 3462 4197 
550 2369 9516 
4022 3099 5071 
6794 7844 9499 
5912 831 6488 
527 669 742 
1178 4651 6874 
41 3916 8873 
586 3443 5052 
3836 1909 5983 
4020 1076 5265 
4322 2539 5317 
9306 1273 9910 
1687 1510 8987 
7405 8932 8959 
7951 7802 8816 
4647 4864 5903 
1588 1933 5392 
566 2125 2307 
4945 4401 8891 
1537 6204 7228 
46 3027 9137 
1448 2880 3388 
3586 7687 9558 
348 5305 7362 
6150 5322 7969 
1183 3253 8237 
6149 6856 9455 
9243 2031 9911 
1018 1533 4554 
2583 3516 4620 
2425 1554 5230 
7324 4298 8753 
2998 5667 7369 
610 950 3282 
2420 5079 6603 
232 1631 4710 
963 4489 7921 
4308 1886 4654 
3916 146 6271 
128 1952 6085 
6746 4085 9653 
5956 5049 9945 
2256 6424 9771 
3253 2935 3745 
2531 3475 6578 
2174 384 5134 
4092 4040 5778 
5612 5665 9454 
67 631 1807 
1051 784 8294 
15 1521 4721 
1625 3602 7652 
5011 2024 9861 
2511 2264 9063 
2664 6924 7677 
2639 891 4631 
853 1707 3223 
3737 756 4221 
1186 2741 5010 
4889 2658 5772 
537 2090 4498 
7262 3731 7925 
5800 5902 9326 
10002 1600 7670 
2026 697 3447 
302 2235 6100 
282 3525 9378 
9233 8081 9345 
1692 508 4929 
5844 6629 7610 
2009 4312 6413 
2305 1183 8237 
7944 2210 9210 
9447 515 9523 
4403 348 7362 
4671 1284 8125 
6556 8824 8861 
68 1175 3029 
8294 4995 9031 
3370 3182 7030 
7521 1937 9328 
643 80 1796 
6584 9507 9894 
3559 814 9050 
5079 2420 8535 
7405 7595 8932 
4391 3858 7901 
2987 3177 6087 
1589 809 5845 
1330 594 2465 
1698 4954 6773 
1434 2519 3932 
4462 4755 5980 
5229 349 5457 
779 17 820 
711 6956 7019 
3841 209 3973 
4614 7384 7626 
5764 400 6105 
2074 3643 4523 
305 5852 9032 
116 1483 3394 
4278 6925 9849 
1496 302 6100 
169 80 643 
1267 4962 6097 
1493 691 1535 
3206 157 3378 
8330 236 9394 
6714 7142 9576 
894 5816 8273 
4379 2697 8004 
5355 6438 9138 
7596 3079 8404 
8160 2223 8609 
4574 23 4594 
211 6426 6638 
4826 1917 5067 
2251 989 3427 
842 3513 9964 
4820 388 5749 
2482 6866 8233 
4939 339 5590 
654 2182 2932 
1749 6258 9439 
3048 3952 7558 
7546 7286 7606 
1240 705 1612 
5690 5771 6088 
2397 1563 8991 
5501 6877 8355 
5183 2454 7412 
4604 104 5939 
7745 7677 9006 
632 2643 9101 
3340 8380 9579 
4771 7318 9553 
5141 3731 7164 
4666 1331 5476 
912 5296 6355 
3548 2340 4484 
5613 2028 8042 
1586 441 1818 
1604 6163 6551 
6538 474 8972 
763 2239 2777 
2136 1726 3812 
7561 1335 8140 
5087 1418 7726 
6478 3514 7293 
1483 3474 7523 
2050 5341 6788 
668 2982 6430 
3059 2072 4538 
1665 2875 8206 
3205 3008 8412 
4944 1321 6394 
5372 5215 9991 
543 6558 7560 
2883 2758 4645 
139 3654 4946 
1346 308 2441 
4456 2100 9213 
4461 5788 8710 
3218 1926 7895 
2343 1631 2710 
173 102 5643 
2633 738 3912 
3319 5578 6995 
889 4325 5728 
2969 1625 5827 
4698 132 4873 
4301 131 6574 
1846 1894 6949 
2527 533 8441 
889 5728 6214 
1161 4820 5749 
1726 2136 6718 
3054 2757 5933 
376 330 1955 
690 2033 2209 
1466 1406 7432 
1709 2376 5145 
1689 4431 5192 
1464 531 3192 
4824 8331 9847 
5840 2991 8561 
1634 272 6593 
164 4015 5616 
9050 2736 9332 
2135 887 5872 
880 305 9032 
3985 2405 7651 
3831 2070 3941 
848 2213 4426 
1608 7358 8064 
6639 1285 9471 
6836 2807 7067 
8756 7037 9508 
2729 5937 7429 
2424 1109 6209 
459 3215 7531 
297 1947 3313 
1923 1553 2431 
1609 2453 4405 
1556 2702 6183 
3382 1732 4512 
5572 346 6224 
388 745 5749 
5694 1489 6591 
5570 4900 8488 
880 9032 9397 
4291 7660 8327 
9322 5695 9408 
1498 3754 5499 
1934 1319 4556 
6389 6478 7293 
1039 4937 6035 
8292 2176 8961 
2317 1180 4400 
3466 5629 7729 
393 307 4316 
3482 7512 9854 
6130 494 8079 
4923 1875 8128 
478 5834 9200 
503 2515 2681 
5039 2627 9783 
1383 7896 9166 
4687 565 9524 
3282 1653 8026 
5387 109 7697 
9646 721 9724 
7104 2760 8832 
1102 630 6758 
5511 5633 9791 
3757 6614 8773 
4229 4611 8202 
1220 3838 5891 
2052 1341 6403 
2 3148 5336 
2445 1792 5271 
1895 1194 9348 
378 5904 6006 
728 559 2262 
404 3952 9907 
3348 5866 6213 
1438 4817 7314 
5274 5307 6207 
5306 2108 8646 
538 928 2497 
2512 4586 5216 
732 870 1614 
1342 1560 4928 
4762 1679 8451 
6100 436 7379 
552 436 6100 
5423 4909 7477 
8221 2181 8418 
1732 2872 7008 
1822 3463 5150 
1675 1235 6730 
3095 7321 7921 
4159 3022 4927 
2527 4750 8950 
4699 1796 4947 
7369 6261 9786 
5664 5102 5696 
3381 1971 8536 
10003 5304 7633 
1403 1556 3664 
2279 4173 9933 
88 523 1387 
559 108 2262 
5433 1381 8515 
2940 242 6624 
1560 11 7582 
1490 3291 3688 
2597 7788 9162 
822 3819 6881 
163 1750 7313 
2538 4698 4873 
6496 409 7601 
1017 2797 4008 
1856 383 2913 
8095 6440 9583 
5783 2715 6090 
2372 471 2435 
5235 4507 7216 
5840 1608 8064 
3246 9 5338 
5824 8281 9160 
976 7528 9716 
2878 1562 4449 
4086 694 6680 
1038 229 5669 
631 67 3206 
3208 7211 7830 
2184 1775 5643 
446 737 3165 
2345 71 4297 
7654 733 8667 
781 3448 4747 
631 3206 3378 
4122 203 5661 
2517 2496 6943 
6526 4494 6656 
269 1174 8356 
5588 2585 7098 
3795 4202 7417 
2102 3997 4153 
4936 2314 8062 
3257 1480 7283 
5299 881 5447 
1712 720 5369 
4764 3371 9644 
2028 3579 8042 
5377 6205 8457 
12 217 7032 
2340 3731 5141 
1879 4664 8279 
7487 2809 9986 
2339 3688 3967 
1038 5669 5892 
684 8533 9334 
1696 4122 5661 
1807 631 2035 
1067 3175 4592 
2257 5273 5537 
2728 837 9480 
4609 4285 7260 
4480 8719 9998 
1995 1902 3607 
1651 134 8110 
4648 4341 5782 
545 259 1475 
1875 4923 6473 
5580 7215 8840 
1099 3203 7880 
264 4878 5092 
3202 5796 9142 
5612 472 6271 
5703 2360 8480 
3506 6496 7601 
181 2479 9807 
6745 7242 8817 
59 2720 4838 
2175 1111 9719 
158 225 953 
7217 2847 8926 
4355 2864 4941 
8191 154 8387 
1 126 1234 
7018 4650 8862 
447 5180 9149 
911 6119 8129 
9183 3162 9657 
3602 7956 8609 
1577 1246 4160 
3997 4141 5137 
3876 114 5290 
7180 1474 9850 
1157 1042 3832 
1396 222 4596 
1840 1145 3103 
5027 2015 5475 
6430 2982 8474 
805 7335 9981 
1418 3183 7726 
3315 311 5486 
5966 4276 9038 
2187 145 2945 
300 1543 7814 
740 1606 4677 
169 8071 9691 
624 228 3296 
1135 1514 6919 
4345 1197 7330 
7186 38 9131 
1194 344 9348 
2274 1879 8279 
6988 4189 7349 
1611 5032 8113 
6561 6007 9331 
3471 5838 7012 
264 100 3202 
1288 4322 5317 
608 234 1411 
166 732 1614 
310 1029 7077 
403 985 6203 
334 783 3442 
183 296 2499 
461 1121 8847 
4149 389 4505 
6770 5236 9218 
1755 2305 5376 
527 742 2515 
2988 529 5228 
1854 2803 3198 
4128 2864 4355 
6758 563 9949 
818 607 5310 
2009 10001 2784 
4778 4693 7348 
3422 4677 7986 
5610 437 5938 
700 532 1181 
1595 1424 2570 
645 6289 8082 
2131 404 9907 
7135 2829 9870 
4201 3615 4795 
7029 7654 8667 
897 3078 7628 
3050 6476 9554 
3600 7282 8843 
2101 20 2852 
1382 635 2278 
3972 7902 9411 
3149 1126 3944 
6525 9235 9372 
3822 3673 6499 
549 2686 7146 
3895 2641 6804 
4044 316 7794 
4229 3115 4611 
1260 3216 5322 
8150 89 9828 
458 2470 6044 
4413 579 6122 
2371 5050 8704 
3266 6258 6286 
6651 2709 7569 
1594 3979 6577 
6583 1022 8610 
2379 477 6919 
1667 214 6157 
4482 1363 6721 
3063 5238 5482 
2957 1260 5322 
5412 6134 8724 
5643 1775 7777 
3774 1426 5309 
5121 1783 9353 
1902 1472 3607 
516 1987 4002 
264 3171 3621 
4923 3699 6473 
2113 3363 7644 
452 1901 2840 
3364 211 8023 
8131 1417 8834 
1003 6567 8084 
7232 74 9019 
798 1052 4290 
428 659 9028 
7937 703 9914 
6837 2174 8257 
825 8049 8905 
4847 6618 7839 
5494 4653 7144 
4735 1476 8213 
288 164 5616 
8876 3227 9649 
6626 3597 7287 
570 3021 8065 
59 4838 7481 
41 146 3916 
4843 3982 6978 
3083 3188 5975 
1037 2772 5553 
6417 2390 6900 
511 691 1931 
197 1389 1918 
629 6848 9841 
3344 3105 8671 
1974 1072 6240 
4545 3478 7355 
8647 7333 8871 
2650 670 5559 
92 1330 2465 
6026 4448 8481 
580 1313 6833 
3530 6929 7219 
2943 5038 9775 
3492 94 9056 
4748 1904 9023 
1359 97 4670 
1352 1781 9505 
1759 4664 5124 
8846 355 9365 
6197 5096 9365 
836 177 1564 
2251 3427 5073 
451 2149 3227 
7727 1057 9886 
6102 3736 7190 
698 3097 7446 
1988 2615 5222 
505 5976 6917 
798 509 1052 
4125 6796 7262 
2121 1080 6155 
569 1854 3198 
2777 5299 5447 
2322 604 7944 
294 1083 2773 
5211 464 7876 
2168 1806 6714 
6812 867 8282 
4481 9563 9723 
3538 1364 6803 
3010 1115 9803 
5834 5084 9200 
5909 1751 8868 
298 286 5611 
1637 615 7252 
16 299 1546 
2149 3851 9590 
4115 2480 5484 
2762 6537 8507 
3731 2340 7925 
510 580 6833 
4985 5526 8953 
5711 5764 6105 
1866 1163 4776 
5528 3507 9154 
304 2087 5984 
3681 7065 8874 
6896 1305 9320 
4371 5193 9601 
7268 2467 9739 
4643 2220 8556 
4452 182 7641 
4492 573 7621 
6030 3064 6152 
1172 215 7509 
100 264 5092 
6261 119 9786 
21 6261 7369 
4931 6963 8002 
158 3611 7259 
4801 1646 6903 
4830 834 7987 
2210 447 3345 
40 6946 9304 
5429 1965 5921 
2129 4120 4126 
614 323 2469 
614 2469 3949 
3805 6297 8074 
3680 1412 4611 
3257 2278 3693 
969 2896 7185 
1308 2976 7165 
1411 234 2842 
4266 4292 7394 
2043 4266 7394 
4121 3010 7380 
3299 9184 9993 
3016 773 4600 
7320 3285 7614 
4108 568 5407 
2895 1466 7432 
2649 282 8067 
2306 549 6376 
5020 4064 5328 
1706 325 3193 
325 445 5328 
5084 3882 9200 
2012 4409 8016 
326 6319 7638 
1492 2081 3738 
4452 4068 8880 
7804 4791 8266 
1259 5091 5816 
3621 3171 5386 
7423 4133 9814 
2153 4976 7177 
5548 8970 9837 
53 1114 9281 
6449 3342 9097 
4791 1374 8266 
909 252 1374 
5393 633 9881 
727 59 7481 
2316 274 3038 
952 1951 6594 
4298 3394 8753 
4654 523 4883 
4831 3444 8787 
4200 5020 6864 
4916 6903 7243 
1600 4782 7670 
157 338 5781 
7990 127 9775 
4482 1154 7063 
8254 4647 8464 
3904 847 5867 
4237 4949 5931 
7131 2502 7381 
334 274 783 
1534 862 4788 
134 133 8110 
5054 4966 8942 
245 5655 8554 
1372 344 1688 
200 4082 5271 
1990 1451 8752 
401 2429 8439 
720 7018 8862 
1357 789 7276 
1990 5915 6173 
6004 416 7100 
1260 260 9163 
6498 3526 7061 
3403 8671 8701 
4269 87 7875 
6662 6290 8870 
236 2316 3038 
7648 3320 9415 
8291 7825 8789 
2223 3602 8609 
3843 1858 9902 
5490 4399 8518 
908 7155 7428 
1260 9163 9486 
1586 1818 8267 
691 511 1711 
5096 8846 9365 
1511 1018 2949 
2145 617 6069 
4013 1061 9731 
4054 829 8039 
1855 7950 9567 
6290 6745 8817 
2468 1108 6530 
2137 3825 5693 
6730 576 7011 
1355 4336 9242 
4430 8027 9339 
2096 4974 9313 
636 362 3746 
9168 9520 9912 
2226 2766 4058 
6601 2848 9724 
5285 1972 6408 
6897 3185 7884 
2619 2542 5785 
564 4022 7780 
6798 4666 7141 
2776 3717 9694 
4758 7754 9375 
5280 1604 9609 
129 3697 5485 
2837 3625 7809 
5086 1269 6846 
1374 252 2544 
6299 7696 9401 
7756 4340 8661 
1029 310 6489 
4727 2185 7851 
2025 6249 7835 
2394 1793 4011 
361 2043 5711 
1801 201 2987 
2441 308 4079 
308 4994 5543 
8798 516 8901 
2961 381 4091 
4255 1666 9324 
2209 2646 7175 
1272 1662 7854 
883 859 2082 
1009 3526 5076 
2132 257 2986 
2352 3873 7650 
103 135 3488 
716 4464 6113 
7524 4709 7785 
2498 1873 2528 
4364 3199 6434 
2574 351 8406 
3639 7825 8291 
8810 317 9071 
3970 2605 9222 
6832 8356 9527 
582 1404 2593 
3926 953 4867 
7593 1423 9738 
3023 3293 5000 
3977 595 8572 
7033 5052 7226 
2557 423 4352 
1477 6029 8192 
4355 530 5367 
4272 69 8794 
861 7565 9827 
2926 4179 6602 
4449 1562 4938 
7510 4243 8595 
2226 4058 4365 
3564 4093 8791 
1737 1456 3564 
1439 1629 1815 
330 1439 1815 
832 3729 6001 
3496 6313 8549 
601 2458 3131 
1978 5400 6970 
4938 1562 5161 
2317 4400 8853 
7893 8810 9071 
2816 2130 4425 
409 6671 9865 
84 2581 2923 
3515 3281 6871 
653 597 1650 
400 899 6105 
2558 1887 4561 
4090 6784 8755 
1576 470 4002 
4466 8721 9846 
7234 6361 7603 
560 5416 7398 
2699 1053 5346 
6547 3949 8181 
1962 5171 6835 
1233 570 8065 
2897 3850 4973 
3982 16 6873 
16 2773 6873 
307 2902 5548 
1190 588 4316 
4761 408 5997 
5390 47 6334 
1143 4866 8177 
3717 4621 9833 
5346 1053 8733 
757 1177 2383 
1122 222 9268 
222 713 6636 
5849 1876 6278 
824 6904 7880 
5735 2513 8603 
5441 3475 7490 
1815 1629 1976 
1635 6028 7929 
1632 3373 6661 
365 4291 9239 
4743 5690 6088 
3431 727 9782 
4790 2756 9268 
3093 1143 8177 
4898 5615 7625 
1339 5738 6892 
4743 3747 5690 
713 1396 1507 
4551 7795 8815 
7191 5504 8825 
3188 2128 5287 
2944 1899 3211 
6299 475 7696 
7714 3922 9638 
2158 2557 4352 
2882 2603 3128 
3913 3935 4543 
277 3667 7694 
3044 4029 9553 
2640 378 3622 
1145 419 2924 
4702 6952 8207 
5767 3318 5801 
5289 370 7943 
428 1657 3506 
5839 1039 6496 
129 7375 9565 
3358 420 9565 
2604 2687 5647 
2380 3375 4007 
2260 263 2391 
4770 1927 9424 
953 537 4498 
836 1564 3974 
5245 925 5254 
1260 1833 3216 
6088 1618 8652 
3410 1809 8877 
2994 922 9176 
4576 1415 8904 
6902 1198 7017 
2867 2653 9510 
6127 8257 9498 
9108 8371 9917 
2841 6332 8151 
6645 2231 8388 
1983 1709 2559 
439 3792 5639 
1048 1179 2218 
6702 2096 8097 
42 1327 1899 
3324 3831 3941 
597 653 1762 
634 4899 8636 
1801 2581 2723 
7690 3777 8777 
5608 8443 8903 
6273 4841 8013 
4526 3121 6106 
2489 4526 6106 
1331 2703 5476 
1912 5887 7423 
1729 359 6463 
1098 3472 9900 
264 3202 9142 
2030 4555 6631 
2893 4111 4413 
324 2119 4526 
2141 233 3578 
4557 915 6552 
4861 603 5489 
3770 706 7482 
5085 4781 8655 
3715 6292 7240 
5008 7669 8528 
2162 355 3725 
4819 629 9841 
2952 4829 6668 
7388 5178 9403 
3809 205 4622 
8580 2437 8670 
6021 8580 8670 
3075 5329 6026 
1698 2990 3335 
8033 869 9116 
3010 3313 7380 
2779 1942 6142 
3193 4064 5020 
3054 6792 6811 
665 1259 5816 
3617 1685 8480 
1571 572 3006 
1741 811 2043 
6825 7491 8206 
889 61 4325 
5803 933 9572 
1782 5855 9053 
1437 1120 2394 
465 833 1139 
3904 2947 8631 
1196 3292 7637 
995 623 3714 
2162 3725 8888 
240 6706 8368 
1259 6393 8452 
1510 4773 5261 
6142 6605 8765 
1901 2116 2489 
4988 2044 8392 
825 4812 9228 
3152 4912 6329 
244 635 1382 
9160 8749 9539 
3847 333 4317 
4289 3383 9570 
6914 374 9342 
1423 675 9109 
6169 4427 7137 
475 722 3178 
8254 5113 8317 
7439 6586 8351 
1323 240 8368 
1728 1432 5652 
475 3178 7696 
255 1613 4346 
2489 4413 6122 
6576 616 9187 
186 2484 9283 
2217 2564 7316 
985 1428 3845 
4382 6023 7914 
540 1104 8037 
108 559 8050 
2197 4931 8002 
1191 6662 8870 
5437 2540 5520 
5060 1232 9140 
5133 978 8224 
4389 270 7592 
4142 1927 4770 
623 5558 8029 
6742 1620 8924 
6464 4363 9598 
5328 445 7116 
503 527 2515 
394 7005 9536 
2557 4765 6685 
5286 3879 9636 
3377 865 8084 
5666 1241 7949 
3347 2822 5184 
2103 6078 8218 
3660 96 5079 
1197 492 6071 
569 6589 8802 
3616 1944 4806 
3596 3509 9036 
2125 1587 4829 
6793 2595 9683 
1816 837 1926 
746 1267 6097 
2411 4215 9173 
1018 782 2949 
4250 2243 5525 
498 1797 9360 
340 833 3947 
930 996 7350 
3363 1226 6060 
2187 7583 9866 
1184 1973 3898 
143 175 1395 
3860 1395 6212 
4528 1116 6168 
1116 2802 6168 
2533 977 2784 
4014 1817 8763 
4397 5706 8703 
819 6407 9682 
792 5326 7602 
7266 103 9739 
1743 2828 5226 
415 3026 7150 
8364 2388 9028 
6546 424 9865 
1692 3020 3624 
2897 3251 9045 
6971 2657 9577 
1052 509 3005 
323 614 2717 
3952 3048 9907 
4279 4558 6091 
1823 1523 7701 
2824 3148 5413 
8681 387 8684 
4190 4800 7619 
781 1752 1947 
760 4045 5260 
3486 21 5303 
5364 2107 9821 
3788 3505 9447 
6813 5959 7948 
2901 5955 7684 
4638 2601 7110 
292 1372 7291 
6773 404 7084 
1239 1928 6184 
3393 2551 7415 
6191 3229 6917 
6930 8254 8464 
4934 427 5560 
2083 2554 3025 
1381 2905 5568 
7400 6635 9393 
3378 5781 8910 
6980 4668 9273 
1886 2669 4654 
524 7756 8661 
6502 3789 7418 
936 666 1678 
3048 1313 9907 
4784 4292 6458 
4161 399 5888 
8228 4656 9805 
9451 1907 9492 
4458 2684 4729 
645 2253 3576 
287 2251 5313 
1069 1209 1414 
2034 2729 7429 
131 5829 8381 
1632 3329 6375 
6661 3373 8540 
165 5292 7954 
5000 3293 5014 
6722 534 8947 
187 3022 3687 
1043 2125 4829 
5434 1612 6568 
353 4671 8125 
3826 535 7247 
6330 3605 9607 
2047 536 2651 
5486 3757 7593 
4931 5323 6963 
4148 3425 9110 
3529 5233 6354 
6423 5178 7388 
6065 3941 8167 
2908 1804 5066 
6537 1697 7125 
6192 976 9716 
582 63 3769 
4 2312 8128 
535 3861 7247 
6584 1060 8484 
5140 628 6659 
4010 2761 7536 
44 7139 9092 
3056 6781 9010 
593 7280 9663 
3032 587 3136 
892 3391 3480 
52 1339 4236 
1010 2999 5734 
24 3365 6536 
851 3114 5331 
6376 549 8554 
2042 2885 5007 
1193 871 9794 
2355 2459 7500 
1708 484 5849 
7355 3478 8676 
3918 7218 7633 
1294 4114 7579 
6203 3845 6753 
985 403 3100 
4896 1491 9880 
4759 1628 4986 
888 7834 8133 
257 1998 2986 
3418 1580 6392 
4891 4239 9921 
788 6460 7749 
5275 517 9065 
2117 4406 8139 
3452 4424 5905 
491 3086 5142 
1152 491 1805 
1837 163 2629 
85 1871 9704 
3332 5412 8724 
4354 1724 8541 
2041 752 5197 
3868 2751 5874 
412 2477 6736 
418 619 2016 
1305 3681 8874 
2400 8341 9252 
78 1864 6410 
2327 1107 2787 
2809 1077 9986 
419 2951 7156 
2574 4735 8213 
2574 8213 8216 
4003 6747 9176 
7652 3602 7762 
57 155 1456 
1400 2613 3676 
3749 2512 5216 
6492 363 7890 
168 5427 6181 
1496 6100 7379 
7163 861 9827 
2353 1256 6970 
2554 2083 4688 
5435 4688 5903 
3454 4703 9064 
4371 560 7398 
1975 1121 8178 
626 266 1802 
693 3139 7903 
6756 218 7464 
3285 766 9161 
901 1672 5755 
760 5260 6397 
261 2245 9795 
1752 469 8308 
3299 1447 6637 
3885 2215 7328 
5222 7223 9603 
756 3737 4265 
1049 5071 8300 
1341 2052 6131 
3073 1299 6448 
2550 3068 7350 
14 2548 8327 
4683 5100 6085 
5100 4683 6997 
3647 1092 9390 
2192 2216 2546 
505 1222 1642 
1881 1096 2993 
2152 487 3032 
5810 2152 7339 
6606 4306 7649 
356 2902 4885 
860 446 8259 
2481 5275 9065 
3464 170 7708 
580 510 590 
3847 5884 6392 
96 5576 7455 
5475 4830 8144 
4930 5475 8285 
3880 593 9663 
3850 2897 7280 
686 594 1330 
2990 1698 6773 
6005 3000 8158 
1356 2884 4129 
2031 596 9775 
7986 2380 9732 
8480 4739 9015 
2091 2798 8908 
6841 1591 7858 
205 220 4622 
1804 3306 7494 
1143 3093 5870 
5575 3814 6726 
1733 1186 6423 
1121 1915 9571 
1665 1207 4177 
3798 1377 8299 
627 2363 6513 
6774 3084 9318 
6774 8555 9561 
2239 763 8467 
1389 5883 7420 
2551 4284 5726 
3673 6019 6499 
1826 7881 9577 
2850 2783 9594 
5017 5310 7227 
1520 2109 6653 
1460 910 9049 
318 1308 7165 
609 6631 8142 
2303 1941 2724 
1456 1737 2151 
2193 1695 4851 
4487 1223 9148 
6450 183 7436 
4470 2183 6800 
5464 347 9394 
112 6149 6615 
4841 2201 8013 
2146 3091 5854 
6514 2649 6547 
4892 2310 8398 
682 1263 7453 
1044 1338 3262 
5917 616 6576 
327 2977 6989 
776 2021 7671 
4789 3896 9733 
4711 512 9078 
3520 3993 5405 
619 418 4635 
863 875 1917 
133 134 8563 
6079 3124 9294 
1904 1283 9023 
920 2888 9409 
1707 483 8210 
2204 4010 7536 
2761 4935 6676 
4166 3921 6501 
10000 3383 3553 
35 239 8584 
3159 2532 3383 
4490 5874 9611 
575 1701 4323 
467 2363 5102 
4653 4036 9166 
4212 814 8594 
993 7688 7830 
5160 4162 9428 
994 1024 6935 
753 1581 4252 
1175 68 1255 
715 2320 4049 
4710 51 6235 
5698 7208 7745 
2593 1404 8447 
4152 3206 9090 
1624 4152 8360 
2890 6534 6894 
4899 2364 6189 
93 1242 4220 
1371 1823 7701 
553 678 9882 
623 995 5558 
743 483 1707 
1451 1990 2834 
4702 212 9823 
907 2680 5443 
2116 324 4526 
4489 3095 7921 
9157 602 9672 
2700 695 5325 
3453 3295 7671 
231 776 3295 
94 4360 6635 
4476 1298 7737 
748 758 8071 
3842 3330 4850 
2931 1459 5731 
1174 3841 3973 
528 924 1413 
6595 1082 9816 
381 2110 4091 
312 7048 9710 
2151 3616 4806 
2064 1303 5239 
922 4003 9176 
1996 352 2679 
917 2898 7471 
7012 5646 7682 
1996 2895 7432 
1561 61 8215 
6254 651 6376 
4393 549 9474 
1841 3147 7424 
4459 993 5542 
6825 5477 7491 
4077 1685 8936 
1075 3029 3274 
1175 2477 5246 
1067 446 3165 
1016 655 1506 
656 5114 6644 
5788 4461 9038 
647 9525 9705 
1695 32 4851 
6346 4407 8546 
1689 3420 4431 
507 7135 9870 
5043 3975 5292 
63 582 660 
582 360 1404 
3795 4392 4796 
2170 989 7340 
715 9331 9666 
917 192 2898 
6217 2271 9472 
4320 6798 9249 
768 182 2315 
2747 343 4705 
2662 3358 7832 
5445 2259 5835 
7219 6929 9901 
3885 6013 7122 
929 667 1397 
517 5275 8933 
3987 6095 8112 
3095 795 7321 
2328 7599 9490 
527 275 669 
1352 57 5559 
155 57 1352 
671 9 5512 
3697 129 5402 
3197 766 5798 
4695 2287 7474 
3029 1075 8823 
68 3029 8823 
6980 4278 8978 
8752 770 9103 
2030 1063 3621 
2915 5568 7171 
3817 3440 4855 
8219 5822 9432 
1824 656 6644 
2009 2089 6229 
6753 553 9882 
1428 5481 7729 
3315 4591 8212 
385 3315 8212 
309 680 6125 
1912 136 4145 
6874 591 7297 
4457 893 9265 
2094 4660 7976 
491 682 1805 
1159 1027 1208 
6700 1547 9977 
1399 741 1700 
4678 684 4925 
3289 4901 7168 
935 685 4712 
686 536 6779 
438 594 686 
30 2989 7496 
279 2368 4545 
395 3061 3484 
2957 1739 8252 
2472 1115 3060 
1186 1733 2741 
5106 2960 5314 
3327 1643 5106 
5191 1589 5846 
1931 1302 5080 
3116 3555 4917 
692 606 8961 
5614 9322 9408 
107 9164 9503 
820 17 8821 
1015 4086 6680 
5950 1125 6058 
2164 873 5825 
6103 6821 8137 
1440 3711 6895 
3630 3592 7799 
697 2026 7623 
5042 1360 6774 
1300 1797 8455 
3494 160 5354 
687 1539 4372 
903 151 1989 
1856 6032 6844 
979 1994 2320 
522 4626 7554 
4349 5783 5819 
1886 1282 2669 
4282 1236 7345 
6653 2109 8951 
3560 1871 4590 
163 466 2629 
994 6935 8601 
5198 2820 6210 
7190 8845 9692 
1030 8769 9340 
1574 6019 7960 
4714 7543 8009 
5883 6197 9365 
1711 2811 8571 
7107 5744 8401 
2711 2206 5326 
1531 618 7281 
5734 4571 6892 
2050 1699 5341 
7019 6956 8159 
2377 1202 4084 
1106 562 1238 
4223 1545 8306 
804 4698 6845 
7019 8159 8902 
800 1849 5263 
338 5727 9085 
2745 5276 8492 
1037 5553 7278 
1131 3088 7485 
278 774 2332 
7054 1173 8255 
2864 1138 7472 
6023 4382 9504 
395 3484 7871 
2360 3617 8480 
2048 28 2918 
3278 2322 6718 
2163 156 9262 
5605 2370 8993 
2105 4438 8968 
474 6538 7912 
6991 2263 9196 
1862 2487 4319 
3912 738 5566 
4381 1285 5687 
3050 391 4051 
3600 1825 7282 
10002 10003 4098 
4376 2929 9541 
4069 1624 8360 
7100 727 9067 
3086 1365 5228 
1069 529 5417 
242 2579 6715 
2881 801 2933 
7737 1298 9732 
6993 1790 9712 
2885 2042 4073 
6467 3146 7590 
2635 2257 5537 
3908 4140 5820 
1991 1235 5928 
1568 2490 9355 
3824 9451 9492 
1083 1693 5713 
1501 757 2383 
5196 2106 7781 
4967 736 8548 
4634 2626 5179 
6631 2440 8597 
1284 417 4691 
1787 4576 8904 
5546 5825 7410 
2224 1840 2569 
419 5453 8660 
4098 740 4476 
3467 4098 4703 
3226 1205 8856 
1399 1700 3089 
4627 3953 7980 
1682 3349 7599 
1219 483 5022 
3807 7346 7950 
7972 1746 9931 
1931 37 4737 
2810 240 9525 
240 1323 9525 
4810 6633 8063 
496 4687 9524 
2449 1463 8029 
1156 678 5720 
169 2560 5651 
1347 544 5460 
5102 5070 5696 
467 5102 5664 
100 5092 7319 
6073 7418 8820 
2505 4233 9060 
1169 7207 8793 
3886 1719 5522 
7004 1106 9388 
2927 676 8444 
5702 30 8679 
1934 4556 8781 
7928 254 8781 
575 5087 7761 
4084 4247 7947 
2476 4027 6293 
3737 2548 4265 
3066 1213 4151 
2291 407 2815 
5925 707 9341 
4721 1521 8223 
1943 187 3687 
4256 1388 8898 
514 3486 5303 
6523 173 8247 
1586 2750 4835 
1422 689 3071 
4555 2724 6631 
329 2198 3782 
6098 6979 9319 
1677 453 5223 
2904 3625 6015 
1200 3319 6995 
714 2451 9160 
1046 3939 5584 
6872 1153 8108 
1783 1426 3658 
903 1989 3113 
1989 151 2308 
2326 4649 4966 
2797 4068 7305 
3292 1196 4766 
813 1276 2392 
523 88 4883 
1282 55 2669 
5478 5007 8711 
1361 6254 7776 
225 158 7259 
6162 9597 9779 
901 5755 5774 
8745 8511 9599 
8872 6456 9396 
5283 6613 9948 
742 669 6435 
1780 1385 2701 
3628 7054 8255 
5153 3244 5283 
3726 661 5278 
777 815 3666 
5386 6492 7890 
2915 2539 8912 
2296 694 3105 
7049 3089 9264 
6127 6837 8257 
2764 2807 4707 
3215 5977 8781 
6605 6142 7993 
480 782 1018 
900 694 4086 
416 7381 8211 
59 727 7100 
5175 5255 7627 
784 787 8294 
731 645 3576 
7142 2781 8818 
2586 2005 4987 
1984 6137 9878 
349 900 4086 
1769 480 2788 
3165 1241 5627 
915 210 6552 
2865 5572 6224 
954 4670 8669 
4989 9280 9529 
3358 429 7832 
2785 5027 5475 
5797 247 7392 
2206 2711 5375 
1334 2704 3582 
3195 734 5498 
734 598 793 
3095 4668 6980 
7950 1855 9677 
2669 55 5438 
711 2000 6956 
840 2132 2986 
36 122 9620 
238 1373 8139 
2552 180 8747 
2104 2850 9594 
5909 1622 7506 
1924 1599 2505 
5506 3501 6628 
1809 1277 2395 
3144 2001 7366 
1637 4213 5207 
2251 287 2414 
7806 8522 9729 
204 6534 7222 
6859 3752 8881 
5618 4799 8048 
2924 419 7156 
2703 1331 5119 
562 755 1238 
570 1233 8309 
2519 3647 4682 
5554 3398 7662 
6146 4599 7755 
5869 5592 9888 
3854 808 6911 
5252 673 7623 
2562 6918 8888 
511 1931 4737 
3 1897 8404 
1292 284 8650 
361 1741 2043 
2849 2980 9696 
3849 1380 5205 
812 530 1055 
6291 3523 9654 
678 553 5720 
3147 1841 8894 
8497 7167 8747 
3427 989 3644 
1530 2640 3622 
2638 1310 2929 
1232 2600 9140 
1766 2591 4617 
1543 2975 7814 
3518 3832 9335 
4339 818 5017 
819 7488 9549 
1059 145 1661 
5389 1773 6935 
3105 3344 8087 
5585 6947 7913 
6947 1173 7054 
590 1962 8946 
5171 1962 7773 
2748 1561 8215 
476 6586 7439 
1348 2304 8745 
3203 824 7880 
470 1576 2077 
5773 831 9051 
73 4985 8953 
4786 3090 9987 
4425 2130 9954 
5153 5283 9948 
8601 820 8821 
1652 828 4105 
4391 7901 9872 
1241 737 7949 
6351 3580 9997 
5444 6334 9099 
8517 485 8649 
5709 3180 8798 
7827 455 8239 
3936 1467 4075 
340 6342 9587 
134 1651 7887 
6681 2879 7060 
781 469 1752 
801 2881 4171 
2881 5788 9038 
2090 6008 8960 
537 953 2804 
1998 3666 9192 
3218 815 5880 
6709 1106 7004 
1202 802 3085 
3684 2780 7973 
371 784 1051 
953 225 4867 
3241 3611 9185 
1805 8050 8809 
989 2251 2414 
2830 624 5951 
2835 300 7814 
1716 856 7835 
4860 5120 9701 
397 2775 6957 
4425 1856 6844 
1951 952 7634 
633 188 6071 
965 5702 8679 
6666 7666 8127 
4207 1266 4802 
6749 125 7663 
3991 3060 9047 
2213 848 3448 
1284 4671 6387 
9156 4058 9272 
857 5056 7803 
6061 1711 8571 
548 2698 3685 
8400 2812 9485 
828 6210 6848 
7999 2454 8947 
6708 5394 8410 
6290 347 8052 
393 6300 7006 
984 2699 6822 
2968 4099 8060 
855 3481 4638 
159 1716 7835 
3551 3115 6431 
1779 5933 9149 
1890 1098 6463 
5213 797 8274 
4590 85 7142 
2806 1244 3909 
3476 1182 9996 
737 446 4922 
4374 6145 7296 
5990 2561 7035 
487 445 3032 
2667 905 4398 
3962 4355 5367 
2676 6283 9649 
1514 2379 6919 
1940 513 5268 
513 8305 9628 
3153 2966 3712 
101 1433 3920 
3562 616 5917 
3028 186 9283 
813 1837 2629 
1276 813 3560 
1670 5264 5640 
751 825 9228 
499 319 1636 
6954 3145 9046 
732 1475 9842 
1692 3624 4277 
1542 368 4039 
1371 7701 8149 
3833 1450 6698 
741 927 2917 
1354 2857 4101 
5016 5377 8457 
6179 6126 7768 
6041 647 9155 
6413 4312 9552 
1315 3407 7405 
7784 4997 9728 
1032 4021 6950 
918 2867 9510 
4295 5625 6013 
1463 623 8029 
814 747 1986 
6076 1080 8989 
292 285 879 
305 880 940 
940 581 8695 
708 447 881 
3733 5883 9365 
142 5245 8945 
5231 7173 9082 
6560 5950 9471 
28 883 2082 
4491 1367 6370 
1888 4517 7653 
885 5008 6486 
881 447 2210 
2378 7131 7381 
1624 3431 9782 
3873 3330 5221 
3461 3655 6418 
1594 1649 3979 
7184 5342 8240 
61 463 8735 
463 61 889 
3055 730 7193 
2158 1909 4765 
7677 7393 9006 
2720 5282 7845 
1325 587 7099 
3547 1247 4411 
2791 1865 3584 
3609 1020 9896 
4168 5864 8458 
595 1997 4649 
6361 5459 7603 
2673 6273 8013 
4011 1793 6840 
988 761 2793 
7029 8667 9197 
8787 2984 9777 
2558 4561 6521 
6803 1155 8503 
3969 6883 9463 
115 7271 7293 
3344 6327 6884 
2956 8506 8663 
2575 1318 6484 
672 646 2092 
5735 3775 9890 
340 3947 7461 
2209 383 3160 
383 827 3160 
2894 1854 7166 
6703 4128 7040 
5650 647 9705 
2012 3910 4318 
3910 1913 9743 
3434 610 8026 
3173 5942 5991 
1840 5053 8566 
1362 3539 4131 
4792 6242 9118 
3649 1269 5086 
3545 6804 7444 
608 1734 3764 
5836 6157 8010 
7528 1830 9716 
186 3028 5815 
640 6179 7768 
2398 3959 5440 
4691 913 7247 
1555 2799 7031 
1050 2483 8363 
3982 598 6978 
6433 3483 7534 
4922 860 5684 
2066 380 2324 
2143 916 5034 
2521 4259 5479 
2888 6504 8210 
3354 2244 6067 
1585 168 6181 
4854 1616 9727 
3109 398 6671 
6664 1900 8389 
2888 982 6504 
731 3576 4047 
8761 3840 9816 
789 4513 7138 
4300 3102 8887 
4514 2524 7448 
1955 7006 9511 
3163 3819 3966 
3705 2801 7934 
1946 4021 6686 
1086 4754 7370 
1431 4500 5581 
3075 4500 6902 
3963 1064 8674 
1462 872 9856 
149 8346 9806 
1954 4194 7106 
1778 4638 6627 
3859 3706 9935 
4154 1002 7788 
3728 1002 4154 
5127 1725 8203 
277 5909 7506 
7996 6217 9472 
1071 3026 6259 
276 4597 4772 
933 3955 9572 
8061 807 8238 
2413 4403 7362 
854 984 6822 
3286 410 5720 
7978 4050 9985 
6067 9017 9066 
1297 4963 6850 
1807 3915 4345 
5999 1105 8173 
3239 3871 9481 
9071 8665 9222 
2383 969 7185 
5595 14 6322 
222 1122 8341 
3190 110 4876 
986 912 6355 
116 3394 9689 
6860 8129 9716 
10002 646 943 
470 1386 4002 
944 4460 7751 
2229 3535 4530 
2825 4701 5550 
1766 273 2591 
1432 2299 9289 
6805 2979 8788 
6113 4464 9742 
1920 6113 9742 
2466 3876 5290 
5975 948 7807 
2506 3425 4148 
3911 1954 7106 
6029 904 7250 
3387 904 6029 
1124 2524 5425 
3771 4961 8612 
6949 1894 9892 
6594 1951 6949 
158 953 4498 
3638 953 3926 
4709 3479 7785 
5608 6474 8443 
6851 1274 9148 
1064 927 3900 
1020 2791 3584 
8630 3948 8900 
3853 6227 9305 
809 1302 1493 
6259 3026 7463 
6556 5081 8824 
774 278 3869 
1173 1547 6700 
1689 5192 8293 
7562 550 9516 
2023 5264 7765 
360 3562 5917 
4065 1215 6035 
3482 962 7512 
1956 6119 7523 
1375 2452 3987 
3568 5441 7490 
9266 1367 9622 
30 5702 5916 
7 4117 5822 
494 2776 3245 
1478 1794 7617 
967 174 8467 
763 1268 5862 
1478 3173 5991 
2254 366 5521 
3887 1629 8736 
6983 1803 7279 
7479 5521 8915 
344 1372 9348 
5132 6598 8192 
862 1534 5851 
6490 3860 7379 
2244 3463 4205 
3088 2746 3571 
3821 276 7485 
1833 1260 9486 
5110 601 8683 
3476 5504 8707 
4859 2159 9550 
5430 6756 7464 
6860 8422 8835 
2533 3946 6276 
1291 4075 6648 
5702 2540 5916 
676 2927 4089 
715 701 979 
1994 6928 7109 
1567 980 5701 
871 803 9794 
2457 3927 4589 
3396 2457 4589 
1747 2221 7028 
2402 2273 9774 
6082 4228 6570 
4466 6425 7234 
3065 1442 4244 
330 1213 2580 
3466 2212 6186 
6444 6186 7467 
3735 1810 8762 
657 5249 5675 
7537 6830 7607 
6559 4567 9230 
4762 10001 9035 
1065 2025 8369 
5833 7354 9494 
2457 3588 6352 
630 2596 3087 
563 3087 3127 
258 1266 4207 
2947 3904 5867 
740 3422 4476 
2347 2833 9145 
5542 993 7830 
5900 5495 8544 
629 852 2971 
2971 1024 3176 
505 3229 9923 
995 560 2418 
389 4149 5190 
3804 4499 8618 
3219 3649 5086 
2447 3228 7869 
578 1112 4434 
4045 760 4434 
6030 6152 8390 
6337 6429 9470 
6750 1570 6933 
6880 5174 6886 
1001 279 4545 
4117 3901 5133 
1155 2789 8503 
2558 2597 4158 
2198 329 3046 
3153 865 3377 
1701 575 7761 
4399 2766 4672 
1921 735 5742 
1177 757 3844 
4511 2903 5358 
3178 422 7696 
1339 52 5738 
1010 2182 2999 
1808 1841 7424 
4722 8678 9044 
1342 4928 7341 
914 3824 8476 
2191 4667 6889 
846 6655 6972 
4237 5039 9783 
8230 4036 9072 
7681 5621 8296 
3100 403 9630 
1043 4829 7387 
1077 2809 3570 
6869 3493 8378 
906 2667 3676 
787 784 2645 
5168 1015 6421 
680 1912 4145 
3662 1831 8772 
2902 1615 8091 
685 617 8583 
150 3134 7077 
1533 2630 6761 
5930 1499 7285 
7924 2305 8237 
24 4162 5920 
2874 3360 7076 
4990 2784 9709 
3310 945 3458 
9415 7160 9652 
1534 1713 5843 
5979 1708 6836 
6340 5755 6909 
1399 3089 5186 
5148 1773 5389 
3752 2460 4896 
2036 5214 8141 
2565 4444 8576 
1757 1864 7090 
3763 4740 8019 
821 1847 4507 
1999 1275 9719 
3617 2360 8943 
8484 1445 9042 
787 4995 8294 
1030 8778 9545 
2299 4166 6868 
1218 1329 2842 
1031 442 3881 
3131 3957 6984 
7747 1498 9888 
4822 9594 9988 
3667 277 7506 
1034 3986 5254 
433 1034 5254 
719 4957 9781 
372 1333 5982 
740 1036 1606 
1606 1036 5257 
1920 1731 3429 
4341 568 5782 
492 6235 7435 
4462 1819 5758 
1215 398 6035 
1039 4734 6496 
2114 241 8172 
8257 1088 9569 
5094 3258 5882 
5639 1286 8000 
6246 2260 7995 
4394 3635 8951 
2111 365 2421 
1840 739 5053 
218 479 8055 
2023 7765 8850 
630 563 6758 
982 2402 9774 
265 1046 5584 
714 3703 5957 
83 6694 8555 
4155 5652 6868 
1358 1701 7761 
1179 1048 7428 
1639 1906 5119 
9252 305 9669 
3729 3496 6001 
1546 299 4843 
6584 1541 9259 
7139 1724 7580 
2850 2104 6331 
8244 2537 8411 
2185 6266 6382 
854 1704 5676 
4454 13 4924 
5429 5930 7285 
5851 1534 5914 
3288 2545 5848 
2420 5539 5980 
6071 3397 8742 
4525 7727 9886 
3789 1059 7756 
547 7180 9850 
1474 1227 2478 
6337 4395 7874 
273 4112 7724 
3030 1445 8484 
3684 7310 9863 
860 4391 9872 
3858 4391 9005 
10001 3159 3383 
2661 6733 9287 
6460 1506 9174 
4054 100 7319 
1205 1462 8856 
1454 2417 5382 
5248 5072 7043 
3680 1963 6597 
8866 66 9153 
8975 1066 9956 
1080 2121 8989 
2803 2894 5387 
9509 5680 9556 
499 1636 5794 
1021 1069 5417 
977 6619 7843 
617 685 6069 
3739 4766 9215 
907 415 7150 
2996 2157 6219 
262 4969 9982 
1539 687 5308 
1872 7157 9688 
2368 3478 4545 
1074 3821 7485 
4993 3221 6066 
5246 2477 7114 
1117 5246 7114 
508 259 4929 
7280 4929 7586 
3283 3570 4361 
932 1077 3570 
7753 391 9315 
5637 3430 7256 
3318 3870 5801 
100 4054 8039 
3665 5387 7697 
3665 7697 8949 
622 1081 1676 
2834 358 6708 
2524 4514 5330 
664 238 8139 
1979 3188 5287 
4872 5211 7876 
1746 4439 5485 
4912 456 8899 
5661 8510 9208 
816 1448 1598 
354 142 8945 
4546 925 5245 
1505 1087 2931 
672 5149 6720 
5134 4600 8198 
551 241 2118 
5345 547 5437 
2284 3151 4373 
4202 3795 4419 
195 1113 4906 
2410 945 3310 
2621 3550 6078 
5576 3647 7455 
3277 684 9334 
54 104 3273 
3273 4604 8766 
6531 4646 9971 
1918 286 6197 
2918 5527 9391 
3489 3830 4551 
652 4909 5423 
4909 652 7419 
2602 5578 5913 
1097 2495 2906 
113 4639 5056 
1098 1729 6463 
3832 1042 6246 
4336 644 7483 
2792 1100 7747 
153 1034 1100 
3358 3253 6308 
456 3256 4572 
5812 1007 7799 
3323 4109 9613 
2938 2476 6267 
4505 2550 7350 
2340 392 5147 
5371 2411 8164 
1287 2095 4467 
284 3272 6623 
805 6709 7004 
562 1106 6709 
1393 3481 7974 
1107 1489 8931 
1442 939 4244 
3065 1803 5564 
1360 5042 8778 
5984 3632 6654 
1700 741 6479 
5350 4890 6479 
1111 5477 6825 
1275 1975 8178 
5717 1265 8323 
1891 4938 5161 
3677 5538 7658 
2486 2712 3764 
4884 4104 9473 
53 6533 6567 
8245 320 8973 
7588 3485 8589 
1823 3988 7338 
313 881 2210 
2207 3901 4117 
1117 3274 5246 
7443 3192 7712 
5571 3154 6643 
3002 1193 9794 
1723 550 9794 
4998 1753 6771 
1437 2394 6377 
6402 5932 9929 
807 4599 8238 
7946 2242 8976 
7244 2619 8300 
1057 5318 9886 
6407 2727 8829 
5415 2263 9639 
2688 1441 3058 
2625 5123 8639 
1449 1125 1610 
754 3215 3703 
7844 7194 8937 
3953 2784 7980 
1467 503 4075 
495 2636 4034 
832 1782 9053 
1129 504 3512 
7793 1030 9545 
16 1546 2773 
2236 394 2846 
5671 5049 9115 
5145 2376 5956 
2487 3465 4704 
2717 4786 5993 
3019 2618 3596 
2359 3577 8235 
4929 259 7586 
562 2250 3085 
2591 273 7724 
5435 677 7450 
3653 1349 3951 
2906 983 5620 
2632 184 5541 
4343 771 7046 
6279 6703 7040 
1800 9157 9737 
1420 465 1861 
5987 6532 6672 
4693 1320 7731 
6642 275 8319 
5772 2658 9927 
2360 3484 8943 
624 1135 1142 
5227 5435 5903 
966 599 2755 
599 919 2755 
306 1144 1316 
6929 2612 9356 
739 1840 3103 
2233 3504 5053 
967 763 5862 
5369 6098 7922 
289 3674 9459 
5890 6449 9097 
3386 2573 3800 
1607 5757 6136 
130 3204 7181 
595 1149 6123 
1042 263 2260 
7563 4281 8849 
713 222 1396 
1331 1639 5119 
3499 2933 8313 
1929 1805 8809 
780 577 3968 
3968 577 6132 
5929 5775 9574 
3020 2589 9070 
3372 1744 4059 
2987 201 3177 
1643 3327 4901 
935 4163 7198 
1402 6109 6247 
799 2304 4172 
6356 2671 8280 
666 1813 2237 
2081 6107 9248 
5548 2902 8970 
1735 6000 9618 
6141 2794 8208 
5777 4808 6031 
1380 3849 6807 
1902 2246 6931 
4600 221 6500 
869 5340 9116 
861 7103 7565 
6316 1684 6321 
3333 2750 3756 
1989 767 9665 
532 3482 9854 
3655 3461 8841 
3330 3842 5221 
4652 4016 8879 
4036 3367 9072 
5005 986 6355 
1168 5103 5296 
8793 1924 9228 
2429 4988 7563 
924 528 1170 
558 1369 4019 
4587 6559 9230 
8690 2858 8709 
215 1172 1953 
830 1301 4055 
1547 1173 6947 
685 2188 6069 
644 3518 9335 
6904 4774 7880 
7393 1089 9006 
8823 1531 9078 
3730 3511 5955 
2995 1987 6412 
969 2383 9422 
3763 1501 4740 
41 1178 3311 
3311 49 9999 
2199 940 9212 
2283 3143 6320 
2838 1673 6092 
1814 1180 2317 
1382 2973 4183 
3157 4279 7668 
1874 3152 8068 
5842 7191 8825 
6572 2042 9852 
2663 2642 3561 
5151 98 9279 
698 3406 8449 
1481 1414 6575 
620 5492 5624 
1923 4066 5365 
4754 1086 9465 
4349 58 5783 
2592 472 3593 
5268 513 9628 
5395 320 8245 
2327 2787 7518 
670 1352 5559 
3524 2427 7618 
22 4961 9837 
5022 5598 6363 
622 5022 6363 
7027 4334 9766 
9197 176 9540 
1119 1491 2460 
8504 6346 9678 
1107 280 2787 
1456 2151 2508 
953 3638 6926 
2804 953 6926 
5496 5033 5910 
4008 1070 9974 
3397 1038 8742 
492 1038 3397 
2702 4114 8827 
281 2599 6539 
2037 6554 8431 
715 979 2320 
2134 5185 5578 
5552 1370 7555 
1201 2086 2934 
4533 2003 6484 
545 3369 5024 
755 562 3085 
2941 2519 4682 
333 3847 4225 
4047 528 5885 
921 3709 3990 
7233 8057 8979 
3900 629 4819 
2112 2766 4399 
4243 6139 8595 
8195 4490 8498 
3527 1603 6809 
5672 2949 8677 
1053 984 1208 
1414 1209 3531 
3531 1209 4441 
105 3302 6740 
1209 1069 4441 
2612 1516 2778 
1158 2612 2778 
3422 740 4677 
1549 1212 5524 
2580 4350 9770 
3522 3887 8736 
2482 796 4486 
1214 2851 5265 
606 9250 9885 
1657 2852 8209 
478 4346 7069 
1717 6681 7060 
3809 4622 5076 
8056 5692 8476 
1329 5364 9014 
1734 2486 3764 
1596 619 4635 
91 3520 5405 
5089 2585 7501 
6810 2412 9924 
4090 1058 8593 
2478 1410 3661 
1008 486 3339 
5567 3917 6256 
2203 2339 3967 
2203 5355 9234 
883 28 2048 
2403 2211 4605 
7783 99 9359 
5657 6538 8972 
400 499 5794 
899 400 5794 
1949 2335 2821 
1368 3629 7741 
6467 5374 7248 
4357 4406 6675 
4307 4939 6819 
6447 339 9058 
4906 8521 9399 
3929 910 9367 
8689 8398 9514 
1231 2170 7340 
2182 654 6889 
710 3983 9257 
1233 405 8309 
3646 4104 4884 
4788 862 5829 
3017 3243 5732 
1966 7019 8902 
3162 147 6480 
6690 547 9850 
1236 5009 7021 
4080 6759 7953 
6362 5504 8918 
755 3085 7559 
1238 755 7559 
6385 1405 8205 
4729 4351 6446 
278 1722 3869 
3040 2354 4315 
309 535 4203 
2799 4060 9659 
5965 4542 8271 
5306 1777 7306 
1 1234 3487 
5319 1266 7097 
1687 2036 8141 
2759 1486 4137 
407 2291 6118 
130 6608 8852 
465 1420 2947 
6081 5013 6163 
3300 148 6679 
3006 572 4161 
1248 3003 3083 
2773 1083 3003 
6124 1795 6377 
6304 6316 6321 
4147 5702 8680 
1250 2572 5719 
4738 3287 9871 
121 991 1251 
6368 2023 8850 
1252 1304 9453 
898 1223 4487 
932 506 9363 
156 8054 9866 
2729 7624 9298 
2026 3447 7541 
6033 412 6736 
462 2914 8194 
1256 2353 4868 
6085 346 6177 
6000 1735 6940 
3760 1666 5086 
1149 595 9943 
2474 2139 3758 
3758 2139 6165 
255 3882 4113 
148 137 2208 
5585 1643 6947 
5562 3213 9972 
2441 1315 7405 
3123 6914 7224 
1263 682 5142 
5004 1210 5058 
8026 4362 8532 
2613 906 3676 
1631 2343 3047 
7532 3768 8276 
4165 2577 9819 
216 3207 4358 
4520 6171 6671 
1461 8292 8961 
1712 5369 7922 
8425 5806 9960 
4989 5944 7158 
3649 4643 9875 
2390 3690 6900 
1354 4101 7169 
834 4846 6717 
5462 3581 9478 
3361 2918 9391 
377 764 3508 
2663 2156 6483 
3309 2054 8562 
898 1587 5607 
3441 2421 4347 
27 2060 9033 
1915 1975 4659 
1958 1837 5033 
5236 7142 8818 
3987 3829 9749 
1592 4485 7570 
4157 6072 8774 
5959 5116 7948 
1212 1166 1601 
80 169 5460 
4045 4434 9439 
1112 127 7990 
7983 4357 7984 
7101 1373 8780 
472 1187 6271 
681 6088 8652 
5380 4748 9023 
7490 4903 7940 
248 1799 6387 
3477 3839 6270 
5950 6560 7410 
5687 1537 7228 
6623 6735 7466 
1287 973 1379 
1041 4491 6370 
3679 2334 4467 
5699 5511 9700 
2863 6766 8065 
1289 369 3631 
7285 5516 7760 
2230 2468 2614 
4455 1714 4827 
5761 4330 9711 
4778 4032 9683 
7376 3 8404 
895 5373 7578 
6777 3359 9467 
4225 3847 6392 
9603 9146 9950 
2514 1198 9589 
1058 1227 8593 
866 3520 8422 
5431 2846 6265 
1140 775 1296 
1297 3808 4963 
3808 937 6497 
2352 7356 7568 
2600 5710 9140 
479 218 5264 
5640 5264 6448 
7245 5045 7517 
2194 1938 8455 
9099 6334 9946 
215 1759 5124 
8292 1461 8299 
4220 1589 9555 
2826 7439 8351 
4143 6098 7059 
1991 1304 3139 
1235 1991 3139 
6636 6585 9860 
132 301 3681 
9 62 3271 
3866 3404 6333 
2192 2546 6236 
2329 6176 7532 
3788 1111 9098 
1957 3748 7232 
5224 3384 6673 
6389 3210 6478 
4893 6993 8627 
3673 642 8021 
3746 362 5375 
2778 5213 8274 
2310 729 8398 
682 7453 9559 
1928 2594 7437 
5023 6838 8953 
1208 7168 9487 
1027 3763 8019 
473 1315 3186 
835 2881 3779 
95 877 1316 
8246 9603 9950 
7647 10003 9107 
2465 594 8485 
799 1402 1627 
5731 7730 7886 
2116 452 3401 
2119 3401 6937 
1860 4330 5761 
2595 4778 9683 
7042 7568 8250 
102 173 6523 
3945 1532 7005 
3108 5431 8743 
745 388 6706 
3914 131 5749 
3365 24 5920 
3353 1936 4925 
3338 336 7099 
9135 2708 9784 
1039 398 3109 
1697 2576 7125 
761 6977 8012 
3211 7071 7203 
6934 8385 8450 
1214 4486 6887 
2953 7784 9728 
2568 77 3408 
143 1395 3860 
1330 501 8505 
713 6896 9320 
663 494 3245 
1735 789 6940 
873 1610 5825 
1333 1680 9413 
7763 7468 8844 
4332 3582 4338 
4050 290 9985 
2407 1597 8312 
6377 1684 9035 
7386 3356 9464 
2405 1336 7651 
1461 606 9885 
3343 5668 8471 
1299 4222 6448 
1295 961 1338 
808 1573 6911 
7281 7815 9400 
1789 1566 4827 
5919 1340 9736 
3252 920 9409 
1341 3252 9409 
2186 3945 7005 
6313 5195 8549 
4749 5372 9991 
5629 553 6753 
1344 634 8636 
1308 634 1344 
2362 8438 9303 
5600 8392 9051 
4276 6699 8645 
2946 5492 7600 
2586 4537 9544 
103 3488 6307 
3220 1402 6247 
799 72 2304 
10000 112 2737 
6615 5176 7133 
1350 2870 9302 
1350 730 2870 
2167 2978 8104 
1517 554 7452 
2104 291 6331 
670 2177 4810 
2501 69 4272 
2501 3942 8936 
1552 2700 5325 
4683 6085 6177 
1042 1157 3518 
5136 5763 6448 
2884 1356 5463 
8066 8761 9816 
185 2794 6141 
2865 4108 5407 
1584 712 7761 
3085 802 6781 
922 3024 6968 
954 1359 4670 
226 706 3770 
9097 3342 9836 
1959 2632 5541 
1441 5776 8066 
1004 2041 5197 
8022 6669 8461 
1363 4482 7063 
4110 4020 7063 
49 4481 9723 
5586 1178 9965 
3053 3531 7717 
1365 2988 5228 
589 2565 8576 
4681 7065 9449 
1287 2334 8567 
1041 2964 5628 
6353 1596 7741 
1221 6373 7728 
858 6048 9001 
3937 1228 5533 
7133 5176 9236 
7409 3172 9582 
803 871 1371 
460 3799 7553 
292 39 1372 
2389 2327 7518 
8139 4406 9443 
5776 2688 6916 
894 2456 6962 
3204 2456 7181 
765 3179 3410 
5224 6913 8626 
6454 1376 9172 
6378 2518 7011 
4962 2261 9173 
398 4520 6671 
615 841 1378 
841 729 2310 
1379 973 5639 
1286 5639 9844 
126 1 5135 
1234 126 1468 
5568 5657 8515 
1363 7063 8508 
1108 4244 8738 
1925 5722 5809 
4036 1383 9166 
3243 4788 5829 
468 2647 6165 
244 2520 2713 
1828 3122 7643 
3250 198 4632 
3180 7779 8865 
5709 5912 8438 
1387 3829 7230 
3410 3125 4443 
5255 82 7390 
6324 4269 7178 
5138 25 7445 
8598 6098 9960 
1390 2441 7405 
3960 3407 6853 
3851 1030 7793 
8778 9076 9545 
1475 259 9842 
508 1692 4277 
1026 7090 9308 
7090 1864 9112 
5055 2240 8115 
267 1134 7082 
175 1294 1395 
1395 1294 7579 
3099 4547 4596 
1396 564 1421 
7544 7031 9659 
5275 2481 7544 
3000 4908 8158 
980 5516 7285 
3900 927 6391 
852 629 1399 
289 500 3674 
4451 98 5151 
117 4131 5887 
5266 1063 7749 
799 4172 6109 
4389 1402 8036 
2872 168 6262 
1642 3249 5976 
1338 961 1404 
660 582 2593 
5410 1882 8361 
1313 3048 5745 
3572 1406 8215 
1561 1836 4325 
3762 18 3798 
3129 249 7566 
1821 4431 6002 
244 1382 7693 
7521 6307 9379 
586 5052 7970 
5938 437 8940 
7645 3470 8320 
2240 7036 8115 
4777 6934 9687 
2753 2461 3838 
7619 2883 8483 
6364 8621 9407 
4573 6356 8280 
1069 1414 1481 
1481 3086 5228 
2147 1787 8904 
5881 6079 9294 
1123 1718 7446 
6805 2294 9360 
3600 5799 6020 
880 4 7357 
3269 1206 7726 
2473 7806 9729 
4039 4896 9880 
764 2856 8124 
465 1139 1861 
2947 1420 8631 
9254 1742 9472 
301 557 7065 
441 1586 4835 
4835 2750 9651 
2905 1381 5327 
3178 2105 8968 
2020 2605 3970 
1803 4232 7279 
2780 6830 7537 
3684 3815 6830 
8108 6734 9982 
6767 3796 7882 
5972 3795 8591 
2438 3835 4692 
8690 5281 8864 
985 3100 4078 
7524 671 8826 
4605 1160 6451 
6507 1835 7961 
1994 979 3675 
926 2514 9589 
4500 3075 6026 
6102 7190 8769 
8547 7190 9692 
2910 4017 4669 
6175 4017 6699 
2836 4655 6166 
6004 7100 9067 
2302 1085 6573 
1544 2382 7564 
5445 790 9720 
6540 3545 7444 
2222 3199 4364 
4383 2067 6190 
6528 5409 9083 
4237 4581 5319 
3844 757 9770 
757 1501 9770 
1563 1440 2523 
2790 1929 3802 
4306 2688 7649 
923 2427 3524 
7213 3118 9330 
1177 939 1442 
3051 3642 4842 
1138 2726 5041 
256 2352 7568 
726 6110 9271 
5805 1051 6115 
371 3104 6186 
8267 354 9493 
6049 3216 7852 
247 1752 4910 
247 5797 5908 
5615 2349 7162 
1909 2158 5983 
2311 873 2556 
3361 377 8214 
8057 6536 8490 
872 1205 2073 
2834 637 4676 
770 7170 9103 
10000 3057 3326 
1429 6257 6910 
5072 896 7043 
3199 1702 6434 
3682 1540 5105 
6516 3187 7680 
4204 8500 9113 
4699 4947 5372 
812 6520 7738 
57 1456 2508 
5701 8600 9925 
3891 4071 6051 
10001 4813 7951 
1127 1140 6220 
516 3180 8865 
2528 5679 7096 
3803 4267 5144 
7746 4771 9226 
1407 3762 4607 
9354 5821 9905 
1205 872 1462 
2820 64 6210 
6659 5251 7622 
5455 4534 9912 
2506 6114 6395 
1464 3192 3336 
1349 1283 1904 
3721 4841 9838 
2826 29 3843 
6347 4387 9968 
4032 527 9683 
4778 275 9940 
1139 4165 9091 
7124 5780 9588 
3254 1678 5744 
1469 3574 5818 
3035 5881 9294 
7010 9294 9717 
9061 1502 9758 
3230 8117 8896 
901 1201 2934 
2003 2575 6484 
174 967 4167 
6513 1473 8623 
1227 1474 7180 
1474 2478 3661 
259 508 9842 
1392 6885 9842 
5780 1468 9588 
3224 1234 5780 
1913 1264 6281 
1477 3387 6029 
9694 3717 9833 
4184 4790 8981 
4100 1405 4857 
5745 3048 8151 
7693 5143 8807 
4048 4279 6091 
1152 1365 3086 
491 1152 3086 
1820 1901 2489 
148 3300 5320 
794 6980 9273 
91 7324 8422 
2431 2970 4241 
421 1186 5010 
2383 1177 9422 
3118 4507 9330 
3799 460 6727 
1542 1486 2759 
5962 2272 8551 
1484 3997 5986 
6383 1488 8851 
1488 417 8851 
879 5752 7225 
1393 517 8933 
1690 1223 2536 
1223 898 2536 
460 3752 4896 
1932 1647 2367 
1017 2985 9171 
4961 3771 9837 
3762 6971 9460 
957 5845 9818 
1315 2441 4079 
7396 8640 9022 
3184 4637 9121 
5223 453 7258 
2215 2599 5406 
3335 2990 5343 
2735 1441 8066 
2707 2686 7989 
1100 1034 9163 
43 1498 5499 
460 658 3752 
871 5714 6634 
4361 84 9086 
3026 415 7463 
3289 7168 8019 
2039 939 3844 
1471 3095 4489 
2911 800 5263 
1144 1658 9703 
1144 306 1503 
3501 944 4530 
485 1873 2498 
943 944 7751 
1459 1087 1505 
448 5627 9754 
5627 1241 9013 
419 1151 2951 
1906 1639 7690 
1026 1489 5694 
1895 1778 6627 
7364 4940 8415 
1509 466 7313 
420 3358 6308 
1992 8260 8377 
2185 1261 6266 
6421 2630 6898 
1024 994 3176 
7301 5148 8231 
4946 3654 8305 
1188 4946 8305 
477 1062 6919 
624 3296 3827 
4217 4098 5730 
1036 740 3459 
4674 1413 8280 
2253 645 8082 
3724 6783 7089 
471 3092 4535 
2615 4532 7342 
6510 95 9703 
7621 3857 8604 
620 7396 9022 
2335 1295 7718 
1368 5182 7208 
5651 2560 8223 
15 748 1521 
4195 1620 6742 
6261 3486 9546 
4639 113 4875 
293 1523 1823 
5678 4802 8291 
5319 4581 9375 
1133 1525 7229 
7333 4127 8871 
204 1031 3881 
3881 2890 6894 
1588 1390 3011 
2009 2784 4990 
3683 2242 8952 
7597 7753 8948 
1387 1852 7284 
1277 1375 1529 
5059 2275 6200 
4034 1754 8596 
2932 7332 9321 
7332 2182 8258 
2124 2868 4175 
2846 3235 8342 
5621 4554 8296 
5168 6421 6898 
5848 5157 7123 
1416 6805 9360 
5845 4756 9818 
7034 4607 8587 
536 2047 5759 
3464 2131 9907 
1610 1125 5950 
3872 724 4286 
5540 247 5908 
1249 4044 6016 
2623 2017 9904 
1579 3968 6132 
3355 2018 7573 
4508 1274 6851 
5653 3264 9230 
44 1724 7139 
1025 1890 6463 
1486 1542 9880 
4525 7269 7727 
4495 4155 4583 
3388 8120 8737 
1310 6315 8715 
6519 5521 7479 
5081 966 8824 
205 5498 9714 
598 3982 5975 
8255 821 8602 
776 231 7868 
7163 1703 7723 
6878 6920 9325 
4944 3867 7816 
4850 707 8051 
2701 3250 4632 
1916 1550 2358 
5208 5837 6259 
3446 3503 8035 
3735 5403 8557 
1552 4641 5523 
5254 3986 8135 
600 3997 5137 
1040 2927 3390 
3164 2207 4117 
6473 913 8128 
7974 1401 9065 
143 1557 3543 
926 5581 9349 
1403 3664 7508 
168 2080 6262 
2811 1908 9323 
5701 4156 8600 
3009 3895 8921 
3228 2447 5399 
1560 162 4928 
5904 4070 6006 
9100 2390 9848 
5623 6141 8072 
1814 2317 7056 
3934 8574 9668 
4524 6465 7066 
1440 1563 3013 
989 2170 3644 
3893 815 8347 
8093 6431 8971 
4011 2195 4860 
3066 4151 4976 
1408 5143 7045 
6764 1384 7079 
1628 1398 5516 
1991 147 9453 
2464 5599 7837 
3222 1149 9943 
3228 2509 7869 
1091 3186 4079 
2494 5989 9336 
399 4161 9858 
5312 223 6757 
7252 5513 9805 
3122 1210 6740 
563 630 3087 
1221 1227 7180 
9152 4978 9566 
6019 5279 8651 
4900 1300 8488 
3898 1973 6351 
4760 3535 6466 
5582 1150 9051 
1604 6551 7326 
1524 847 3904 
1530 6199 8775 
11 1560 2275 
3478 2368 9686 
1023 2719 7406 
1580 6010 6392 
2178 3563 7594 
673 697 7623 
4174 6660 6837 
1582 8026 8532 
285 292 2847 
892 8033 9116 
8468 9792 9857 
7726 1584 7761 
1048 908 7428 
571 1403 7508 
5304 1556 5918 
1818 142 8267 
2750 1487 3756 
6851 4063 7347 
1690 2203 4515 
3497 2731 7988 
2731 1570 7988 
37 1931 5080 
1302 809 1589 
1903 3944 5040 
868 375 1590 
3824 3650 9451 
1050 394 2236 
5819 3181 7408 
5224 8626 9792 
1220 1565 1593 
1565 1120 1593 
3526 6498 8359 
1594 2899 4353 
1877 3825 7778 
5919 1803 6983 
3629 6353 7741 
961 1295 6666 
4463 4299 5287 
4463 2950 7561 
7389 2604 9260 
1435 7389 9260 
263 1042 3518 
1169 8793 9228 
6437 6404 9867 
2017 2623 8069 
2833 2347 7356 
7933 5718 9064 
3698 2622 8329 
4024 4483 9081 
1978 1256 2862 
1526 6782 8672 
8746 4226 9133 
1867 3639 3955 
4155 9055 9751 
624 1142 5951 
5850 1574 7960 
379 5850 7960 
1722 278 5061 
3244 717 5283 
1952 6000 8716 
1608 1160 7585 
1609 4793 6818 
2712 2486 8537 
3912 5100 8372 
873 1449 1610 
4056 588 7118 
8465 1969 9961 
1738 2939 5876 
3176 1767 6848 
1482 1680 8365 
3225 1482 6122 
5537 5273 6195 
1950 910 3929 
984 854 5676 
1159 1208 1704 
190 3594 8326 
5147 4854 9727 
2183 4470 4706 
2888 920 8512 
2698 1618 6641 
548 1618 2698 
747 814 4212 
3619 6863 9352 
21 3486 6261 
998 261 1620 
1703 3547 7723 
3006 4161 5888 
3005 509 3667 
1889 931 2530 
12 2322 7944 
6600 1449 7865 
7381 3442 8211 
4655 4578 6166 
61 1561 4325 
1552 6188 9429 
767 5398 9903 
149 6657 8882 
1627 4533 7289 
1627 4389 4533 
980 1567 2160 
1628 5516 6051 
307 393 4885 
1027 1159 3522 
112 10000 6149 
2173 2531 5362 
1631 3047 3934 
1562 2343 2710 
8346 149 8882 
1632 2007 3373 
1451 2834 4676 
4317 2088 4485 
7525 5378 8083 
4492 7621 8604 
785 3840 8761 
664 1228 3937 
319 1226 1636 
1226 869 8033 
841 615 5804 
837 2579 2940 
3553 875 8876 
1638 6081 6163 
8543 8696 9254 
1421 564 7156 
749 4713 7441 
5070 481 5696 
3772 5210 6305 
4400 1180 9889 
505 1642 5976 
5304 3918 7633 
6045 1012 8709 
5106 5314 7323 
5682 2417 9374 
827 383 9624 
3589 1351 6512 
37 5014 8590 
7533 4805 7695 
3197 1539 6453 
4137 1517 5214 
604 313 6737 
1422 4254 9418 
689 1422 9418 
3979 1649 5534 
4070 2298 6006 
3997 2102 4141 
42 3385 5396 
2032 342 3507 
133 1638 8110 
2820 1644 5754 
6769 1240 9039 
1970 7123 7979 
4806 1944 7322 
4313 4963 9444 
6497 937 9444 
2715 3135 6428 
1710 6954 8322 
890 816 1656 
1598 5408 8414 
1715 3853 4488 
2101 2852 5321 
1144 1503 1658 
1503 786 1658 
8644 3874 8764 
1005 2346 8165 
3008 1166 8412 
6394 1212 7270 
4628 7879 8478 
1575 7879 9351 
5126 2602 9291 
4895 8429 8739 
3588 3396 7411 
1263 105 3214 
1465 1306 2749 
1664 4716 4775 
3527 2364 4899 
5477 237 7491 
2447 332 5399 
2054 3309 4329 
4110 1154 6614 
1154 4110 7063 
4543 1889 5766 
7914 6023 9592 
3547 4411 7723 
3617 4119 8786 
2214 1883 3073 
5763 5640 6448 
3753 2367 5712 
1736 5510 7828 
3150 3197 6453 
699 6453 7243 
51 3934 9668 
7435 51 9668 
3772 396 5210 
4159 1641 6799 
147 250 9453 
1235 693 6730 
622 1676 4331 
1081 612 1676 
1677 627 6513 
1677 6513 8623 
1516 2612 6738 
1469 1311 3574 
3814 1733 7899 
3834 3071 5470 
372 3168 5298 
478 2293 3034 
3046 331 6858 
5796 1681 6492 
3053 977 7843 
6619 5090 8731 
1683 7212 8920 
2893 3400 4111 
1679 3834 5470 
2025 253 8369 
4192 2522 4386 
395 1915 4659 
2298 4070 6101 
1578 1217 1686 
5458 1025 5510 
1025 1647 5510 
2389 2968 8060 
2508 950 9204 
7701 1523 9323 
3362 2355 4097 
2384 2606 3558 
2563 2384 4162 
2399 2706 7136 
6893 2399 9405 
3020 1692 9202 
2897 2161 3880 
7236 5385 8693 
1693 42 5396 
2438 1649 6755 
910 1460 9367 
5041 2726 7196 
1695 8244 8411 
1598 2037 5408 
1656 816 8414 
7494 3306 9026 
6544 9694 9833 
50 4769 5023 
5023 826 6838 
2598 2429 7563 
2429 6144 8439 
3022 187 5234 
3980 187 5936 
5087 7726 7761 
4323 1526 9611 
5069 3730 9077 
2110 381 7300 
1226 3363 7433 
1571 1247 3547 
3771 414 9837 
1615 356 1976 
2958 6761 8723 
7458 1015 8106 
3514 6478 8163 
4363 3793 9598 
6403 1341 9409 
6156 4657 9147 
1708 5849 6278 
241 551 1876 
9846 1630 9990 
5659 2983 6228 
7271 6389 7293 
3210 1655 8242 
4737 6531 8520 
5056 4639 7803 
5862 1726 7922 
8 1146 4264 
4318 1970 7979 
2979 3141 8788 
130 1659 6608 
7721 4348 8101 
2342 1715 7195 
2357 3129 7566 
2293 478 7069 
5 7969 8965 
458 7264 8983 
7264 6637 8983 
2194 698 7446 
1123 500 1718 
23 2426 9119 
7335 5769 9528 
151 903 1720 
151 1720 4552 
3081 797 4053 
4852 5036 8980 
1261 3295 3453 
1607 717 3244 
6284 850 7856 
4658 4646 9591 
44 1343 1724 
1343 1279 1724 
2261 2411 9173 
4290 1052 8234 
8345 5369 9121 
720 1712 1726 
9343 7570 9812 
1277 6248 9189 
999 817 1728 
2835 1432 3279 
1371 871 3521 
3521 871 6634 
401 2044 2429 
250 147 3162 
5373 916 7596 
5107 5011 7007 
4512 1732 7008 
2872 1732 3354 
539 1597 6225 
6646 3385 8270 
3044 8537 9299 
1609 2060 2453 
1160 1452 7585 
1332 3912 5566 
764 377 2856 
377 314 2856 
1781 1352 2381 
2726 1138 3190 
1738 5434 6568 
1652 1612 5434 
2409 1739 2957 
2409 2321 6309 
331 1681 6858 
329 331 3046 
4149 4505 7350 
2043 811 4266 
1151 419 8660 
2233 739 6288 
9254 638 9627 
1743 5226 7088 
2417 1454 9374 
3615 0 4795 
97 1359 1745 
1897 947 7847 
2435 471 4535 
13 1084 1746 
846 6972 7028 
1900 1747 8389 
1538 7619 8483 
6016 2300 9084 
4783 3586 9558 
1549 3816 9521 
466 163 7313 
3559 9050 9332 
3189 749 7441 
4851 2997 9992 
6292 2443 9766 
1447 1892 6637 
2504 1593 6124 
6016 4044 7794 
2166 2940 6624 
1128 193 2595 
369 1289 1755 
1289 1183 1755 
1744 246 3490 
8750 4955 9624 
3261 280 8668 
6410 8822 9660 
5307 2942 7587 
1786 4017 6175 
5823 5097 8264 
3198 879 6120 
587 3338 7099 
2165 1760 3391 
885 2562 3725 
4746 4756 9277 
4118 3423 4960 
1950 2270 4479 
4024 8662 8838 
1303 2064 2444 
1764 35 2075 
8584 239 8991 
7777 1775 7968 
1343 44 1765 
8661 7714 9957 
7488 4395 9470 
1767 3040 4105 
828 1767 4105 
6192 6430 9408 
693 5695 9322 
480 1769 7026 
1428 985 4078 
608 3764 8229 
4433 2169 6263 
1573 3919 7176 
5291 1045 8625 
3754 1498 7747 
1772 3636 7889 
7611 5357 8730 
3212 820 7301 
5276 2745 6731 
4040 2521 5479 
173 5643 7777 
3856 7777 7968 
5279 1574 5583 
1776 1321 4944 
2101 2357 7566 
1715 2108 5306 
1107 1895 6627 
517 1393 7974 
3725 6649 6998 
6792 2255 6811 
3604 8042 9695 
615 5513 7252 
4093 155 9505 
6379 3564 8791 
1458 10001 8020 
3976 3235 5753 
262 5121 9353 
262 2068 4933 
439 2553 3792 
2423 716 3395 
2150 1169 9228 
2505 2391 4233 
4079 308 5349 
6538 99 7783 
2991 3124 7824 
3035 1470 5881 
2406 4821 7660 
1103 6293 6521 
1566 2614 4827 
3732 3874 6855 
7020 6335 9629 
1298 992 9732 
1831 655 8501 
4060 2799 8576 
670 2650 3984 
2177 670 3984 
1795 1120 6377 
1120 1565 4260 
3173 968 5942 
1551 3245 8197 
1120 1437 6377 
1593 1120 1795 
4947 4354 5215 
1455 1910 4337 
498 2194 8455 
2294 6260 9360 
5360 1511 5672 
497 5168 5360 
725 849 1799 
849 3070 8185 
5893 3405 7846 
5018 5893 7846 
6395 6114 9817 
4035 3570 7774 
5644 1802 5874 
3143 3402 8498 
4005 1789 9021 
960 1408 2106 
3374 5503 9584 
1326 2908 5066 
8050 728 8809 
8628 7976 9229 
2912 2877 9704 
9356 5574 9901 
341 4152 9090 
6400 341 7797 
4459 5140 9810 
3264 4587 9230 
1706 3193 6296 
1375 1277 1809 
6417 6797 9848 
2444 2064 9054 
1332 6959 7351 
5100 3912 7351 
2029 3435 9776 
3039 1119 6477 
666 936 1813 
1316 877 6927 
123 1180 1814 
6415 3134 6590 
588 1190 7118 
4976 4151 7177 
815 777 8347 
2166 837 2940 
8831 7151 9370 
1550 1916 2049 
142 354 8267 
1487 8267 9493 
4462 104 5879 
104 54 5879 
1141 1820 2489 
179 4001 7116 
1566 1789 3014 
2167 8104 8860 
3574 180 7853 
1822 5601 6927 
2802 1116 3761 
4639 1558 7803 
1667 6614 7735 
3757 675 7593 
1825 2805 7282 
1825 1417 3334 
4607 3762 9885 
1826 2104 4822 
3894 2748 4028 
4417 8340 9962 
3686 3275 7643 
981 3276 3686 
453 4167 7258 
313 604 2322 
5424 5136 6448 
1830 7765 9164 
309 4203 8501 
6443 5828 7038 
2886 3112 8741 
8173 1105 8935 
5231 4835 7173 
5847 2272 7083 
1593 1795 6124 
10002 3098 4044 
4862 5286 9636 
1430 2745 4640 
124 2056 4417 
650 4185 6955 
2392 704 5033 
3292 704 4421 
1356 923 5463 
1441 2688 5776 
532 700 3482 
7954 3702 8857 
1013 2224 2569 
5886 2271 6217 
2736 3147 8894 
9520 9476 9878 
546 336 3338 
1703 1548 2708 
2636 495 4656 
7075 3414 7582 
4488 3853 9305 
1242 3023 5202 
6339 603 9297 
3416 2513 3852 
5717 8441 9398 
5255 2926 8147 
6700 3289 8019 
3118 5662 7216 
4288 917 5531 
853 5531 9798 
4779 5555 6378 
1502 1471 1849 
2534 3310 3458 
2534 573 4043 
363 329 2624 
1740 6743 9209 
1387 523 1852 
55 1282 3120 
1853 703 9060 
1520 2055 2109 
1254 5097 5823 
1879 3419 4664 
6445 5394 6708 
1191 5472 6662 
531 1464 3113 
2769 1485 5948 
3219 5054 8942 
909 1569 3656 
7292 2808 9100 
6104 3897 9963 
1234 1468 5780 
2627 5039 6672 
2319 1860 5761 
4032 4778 9940 
1139 833 4165 
5678 4023 6571 
1436 2063 4881 
5376 2305 7924 
6729 558 9001 
5218 1276 7142 
3780 4223 8306 
1757 3356 3692 
3365 202 6336 
3584 1324 7076 
1866 4776 9256 
3391 892 9116 
2333 8746 9133 
3925 1604 7326 
2736 8894 9476 
7622 1868 9261 
2497 928 8346 
3601 4194 7135 
6496 3506 8209 
3529 4432 8171 
1871 85 4590 
1276 4590 7142 
2068 262 9353 
2068 2608 7810 
1459 1505 4460 
6412 8517 8649 
5037 1054 8560 
1101 3724 7089 
4067 1336 4444 
1875 6473 8128 
1040 3390 5949 
7496 2989 8371 
196 735 1921 
1424 1595 1877 
1787 2147 2266 
3057 3866 8217 
2370 4761 5124 
6598 7217 8926 
2048 4895 8739 
4726 1880 7854 
4537 4204 9113 
1096 1881 9113 
3585 5410 8361 
924 1170 8980 
1883 1299 3073 
2214 4601 5341 
2994 5623 8072 
922 2994 3024 
5716 3538 6803 
6491 1155 7383 
2001 3144 4516 
4308 6511 8995 
6293 4950 6521 
1364 3538 5428 
1129 3512 4661 
4206 6209 9780 
3913 4543 5018 
3405 5127 8203 
3462 7944 9210 
5958 3462 9210 
1562 5717 8323 
533 2527 8950 
1271 3608 5863 
754 1934 5977 
613 1893 8008 
413 1630 5911 
845 1894 7397 
172 845 7397 
7225 1508 7764 
1508 1778 1895 
1755 1183 2305 
13 1746 4924 
3079 1292 7376 
1897 3 7307 
239 35 9709 
7431 1682 9760 
1327 2659 2695 
1899 1327 3211 
2774 1900 3865 
5450 2273 6664 
6630 6106 9347 
3069 4536 8199 
7792 2086 9984 
2086 1201 8745 
7029 6178 7654 
5040 5116 5685 
1429 1904 4748 
1429 4748 4840 
749 25 1905 
749 1905 9672 
8813 804 9249 
1639 1331 6845 
455 2124 4175 
2027 3284 3650 
4097 7701 9323 
2811 1711 5269 
7193 730 7796 
2637 662 4765 
10003 2371 4098 
7568 7042 9105 
6290 8052 8870 
5022 743 5598 
680 309 3627 
1016 1506 2430 
3387 6281 6921 
493 1477 4362 
2070 3428 4804 
1487 1484 5986 
7425 3612 9093 
4644 2827 8908 
3877 5184 7053 
2876 7151 8831 
2149 4826 5067 
2149 451 4826 
25 749 3189 
4445 5138 7445 
560 995 3714 
2418 560 4371 
5760 3395 6113 
947 1897 6367 
1921 5693 8096 
1595 7478 8096 
8074 6297 9710 
1702 9329 9389 
1034 153 3986 
142 4546 5245 
2391 263 4233 
1599 2391 2505 
8573 3566 9915 
7079 2348 8489 
482 1816 7129 
1926 3218 7129 
1087 1459 2931 
7779 5709 8517 
46 4100 4857 
1239 6184 8205 
1152 1929 2790 
1152 1805 1929 
9 3246 5952 
4544 5952 9136 
691 1493 1931 
1493 1302 1931 
1932 368 2036 
368 1542 2759 
1691 1786 6175 
1346 1588 5392 
265 3193 5020 
324 2116 3401 
6739 4169 9114 
1602 240 2810 
684 4678 8533 
1936 2791 4925 
7268 7521 9328 
1409 1518 3339 
1718 500 4107 
500 289 4107 
7360 1766 8615 
7488 2754 9079 
6160 5787 6808 
3485 4181 8589 
264 208 3171 
2763 2928 5522 
1319 452 2289 
3078 3215 8085 
5357 534 6722 
806 5939 6964 
950 200 9204 
5559 57 9679 
2890 6402 9929 
2875 1665 8757 
2208 7172 9073 
137 148 5320 
5057 297 9789 
4469 1947 5057 
7918 7160 9415 
1161 1948 3797 
7902 5763 9411 
2739 2335 9534 
4479 2270 7130 
1770 9134 9489 
5117 1846 6949 
1951 5117 6949 
3912 1332 7351 
1357 144 2818 
1172 1301 1953 
1301 830 1953 
3177 3355 3682 
3878 6456 7551 
330 1815 1955 
1969 3138 9961 
9061 1768 9680 
794 4278 6980 
3748 1957 6782 
1701 1358 6782 
163 1837 1958 
814 3559 4940 
1361 8711 9671 
1273 771 5541 
8696 968 9254 
4132 3971 4176 
5347 6625 9136 
4544 2921 6527 
5093 3744 5456 
3819 3163 6881 
1565 1220 5891 
3838 2461 6250 
1964 2222 5069 
381 167 7300 
1351 1457 6512 
5516 1398 7760 
693 576 6730 
711 6870 9269 
162 1560 1967 
2517 8239 9970 
4295 936 5601 
709 4295 6013 
4056 1969 5391 
1969 1245 5391 
4853 4355 5131 
1264 1913 3910 
6899 2220 8059 
1559 2509 9181 
6318 6667 7295 
6014 3409 8407 
1059 3789 9655 
207 7000 7648 
6872 8108 9982 
1974 3259 4969 
3719 2175 8178 
1915 1121 1975 
1159 1704 1976 
1704 1615 1976 
692 1215 4065 
3343 7683 9555 
1256 1978 6970 
1603 2283 6809 
3352 5155 9551 
2128 4463 5287 
4723 7043 8369 
253 988 1980 
3667 509 9919 
298 3667 9919 
817 819 9682 
500 4628 8478 
8272 5280 9609 
2376 413 5280 
2337 2093 3714 
5251 1868 7622 
893 3360 9265 
2698 6641 7891 
4940 3559 6349 
9476 8894 9878 
1927 4142 4616 
1402 3220 8036 
2467 1409 3339 
3339 7266 9739 
1839 767 7512 
1595 2570 4552 
674 358 5146 
795 3095 6980 
147 1991 5928 
6762 7220 8937 
3152 1874 4912 
2806 4553 5502 
941 5259 8425 
2398 5440 7591 
4134 4862 5831 
5831 4862 7789 
8409 6801 9495 
7289 1995 9495 
463 889 6347 
4453 4387 6347 
3438 3222 9943 
1997 595 3977 
3231 3779 9038 
257 2132 2285 
1475 2922 7308 
442 6468 9610 
3156 4834 8413 
1046 754 3703 
3144 2428 4308 
3359 4522 9467 
2625 6587 7795 
4280 1095 4886 
1627 7289 9495 
2246 1995 3341 
2004 322 6153 
4003 2423 6747 
1919 586 7970 
3500 4204 4537 
4614 425 6723 
5342 4494 8240 
2446 9870 9903 
2007 1632 6375 
2008 434 6022 
4457 5923 9245 
1527 3011 5206 
1390 7405 8959 
3587 1518 4532 
2615 3587 4532 
229 1038 2011 
1673 229 2011 
971 6921 7343 
230 7343 9615 
850 37 7856 
2369 550 3708 
5790 36 9185 
122 36 5790 
3989 3672 6056 
8568 7311 8782 
3252 1341 6131 
3151 1617 4373 
1153 6872 8069 
4969 3259 9982 
4035 373 6581 
4035 1801 8024 
729 5804 6129 
2170 1231 5817 
8665 735 9222 
2605 5873 9222 
900 349 5229 
3295 776 7671 
6841 7826 8725 
3976 2022 7858 
3139 2323 7903 
3562 3028 9187 
284 1286 8650 
6154 5628 8482 
5786 2436 8093 
3216 4546 7852 
2652 5686 9102 
7286 68 7606 
178 2124 3650 
3284 2027 4285 
2028 5613 7354 
3185 2457 6352 
1244 2806 5502 
5502 4553 9776 
2227 752 2724 
490 2227 2724 
5046 3586 8170 
5622 596 9558 
5894 603 7631 
1391 226 3770 
5877 5585 7913 
690 3160 8099 
1400 4451 5151 
5937 2729 9099 
2035 631 3378 
2264 2511 9444 
2806 2029 4553 
3435 2837 7828 
1696 522 7554 
4767 1544 6366 
911 942 2038 
942 1483 2038 
1245 1969 2153 
4151 376 7177 
9044 2337 9763 
993 4459 9810 
224 4243 6242 
1362 609 8142 
343 315 4705 
2747 5478 8711 
462 2113 7644 
3363 6060 7644 
1903 5040 5685 
6541 7029 9197 
2045 4483 7850 
1066 4024 9081 
5973 2016 9101 
846 2493 4509 
686 1330 8505 
3140 10003 6713 
4726 621 8692 
1880 4726 6587 
669 275 2049 
1916 669 2049 
1304 1991 9453 
868 1590 9457 
7018 6718 7722 
377 3361 8307 
2834 6708 8410 
483 743 5022 
361 6562 8073 
4046 1885 4481 
245 549 7146 
2326 4966 5054 
2821 5729 6666 
1520 7108 9877 
2390 322 3690 
2714 2969 5827 
3735 4416 7516 
718 8842 9804 
5822 8219 8288 
2058 279 6682 
2006 3884 4559 
6358 6295 9255 
4311 9447 9523 
4793 4405 9041 
4214 2296 4256 
1641 4159 4927 
5906 5340 7911 
1760 2165 5990 
1436 790 2063 
1317 6713 9378 
6206 2365 7404 
476 1763 8732 
5129 1754 5493 
1860 1754 2065 
1287 1379 2095 
5049 7091 9266 
2753 1834 8386 
1834 2504 8386 
3583 5420 9989 
279 1001 6682 
2385 2344 8089 
5006 1133 8871 
3831 3324 5945 
3941 2970 8167 
1650 3423 6065 
3423 1650 7384 
655 1831 3436 
1401 2072 2832 
927 1064 2917 
1450 4890 5350 
3329 5164 6375 
424 5515 9865 
3711 1440 7469 
2075 45 9552 
701 715 9666 
347 5464 8052 
2150 2464 7676 
2490 2077 6751 
2054 4329 6221 
7492 1137 8059 
8473 5926 8801 
5994 4971 6638 
1556 1403 5918 
2080 168 5366 
4008 2797 7305 
4712 685 6107 
1537 1285 6639 
7410 60 8372 
2591 8263 9437 
5741 2661 9287 
678 1156 9630 
4727 7851 8187 
2513 2488 3852 
2085 3614 7887 
2287 5591 9744 
5591 3796 6767 
2480 1845 3818 
3487 3224 7241 
4088 2088 8630 
4088 8630 8900 
2089 1898 5256 
2694 45 5206 
2090 4327 6008 
6175 5966 9307 
2855 2060 5364 
1275 1999 2827 
646 672 6720 
1902 1995 2246 
2093 2634 5416 
3339 1518 8699 
1663 7411 8315 
7599 2328 9760 
1379 5639 8000 
6623 380 6735 
9088 6059 9800 
4974 1528 5547 
1251 991 2677 
9127 2097 9761 
1435 2637 4765 
4062 5615 7162 
6307 3488 7633 
2702 1556 5304 
2127 276 3821 
1011 382 4772 
2852 1657 5321 
957 3343 9555 
6232 1553 9224 
539 1914 5137 
5313 5300 7664 
5300 2103 7664 
931 1033 2530 
1826 291 2104 
3657 99 6981 
2083 3025 6930 
1005 386 2346 
1181 532 2570 
3439 688 6818 
1975 1275 2827 
181 6941 9206 
2388 6542 9496 
1355 3533 3635 
1853 1785 2109 
5955 2901 9373 
3511 3730 5069 
2972 3728 4154 
5935 5334 9198 
6631 609 8248 
1362 4131 6775 
869 1226 7433 
2626 2644 7905 
4252 7496 8371 
160 3494 3837 
65 2761 6676 
1986 747 9352 
1319 1934 3401 
1901 452 2116 
5533 3709 7929 
3076 731 4047 
4418 5199 5631 
2114 3552 4418 
452 1319 3401 
4200 2861 9973 
4746 6194 8686 
3510 4746 8686 
7719 7782 9005 
1067 4592 8259 
2979 1416 9360 
3279 1432 6449 
2109 2055 2887 
1853 2109 2887 
455 2027 2124 
178 162 2124 
6487 1155 7434 
5642 8179 9195 
2329 2192 4731 
4897 3004 9666 
2097 3304 9761 
276 2127 4597 
4463 7561 8140 
1248 2773 3003 
1623 6600 7865 
7023 6600 7910 
4435 3537 9954 
2816 4425 6844 
281 2180 7084 
2131 3464 7708 
555 1998 9192 
2197 777 3666 
1839 3975 5043 
7709 6890 8499 
3319 2134 5578 
2602 975 9291 
707 2135 5872 
3330 1444 4850 
1829 3278 6718 
5963 7018 7722 
2468 2346 2614 
5693 1921 7642 
3556 2138 3999 
3337 5307 7587 
2456 468 7181 
4497 468 6165 
584 5100 6997 
144 4300 8887 
2945 145 9655 
750 3789 7756 
7707 2142 9865 
3043 2007 6375 
1306 810 2330 
402 3137 5619 
2323 3139 7464 
5341 1699 8905 
1070 7391 9215 
6323 6069 7391 
34 6514 8045 
2649 8067 8720 
1537 4539 6204 
4948 2625 6545 
408 906 2613 
721 1254 7534 
3770 7482 7692 
603 2032 5489 
2077 1576 6751 
1150 2077 2490 
2151 4806 6380 
4355 3962 8656 
5509 325 9598 
179 487 2152 
939 1177 3844 
1213 330 4151 
202 1324 6336 
1324 202 2874 
8314 3989 8782 
7938 3672 8314 
3146 2684 7590 
2642 2663 6483 
6613 246 9948 
7848 2332 9396 
4818 2843 9562 
2557 2158 4765 
5510 7182 8691 
6759 76 8641 
4799 1689 8293 
8048 4799 8293 
5522 1719 7335 
1941 2763 5522 
3610 763 5765 
1268 763 3610 
446 860 4922 
5707 210 8456 
1449 873 7865 
199 1623 3184 
1163 1866 5990 
1163 6878 9325 
8301 1530 9456 
4230 2166 6624 
2139 4497 6165 
2965 1821 6002 
797 3081 5866 
5866 3348 8274 
6948 1230 7130 
3317 3903 8608 
2170 5817 9480 
482 5880 8028 
2171 2127 2746 
7239 1131 7485 
1571 3495 5897 
266 626 2172 
2173 2886 3565 
5176 2691 7039 
2425 321 9569 
773 3016 9177 
2175 3719 9656 
461 1207 3719 
3864 5169 5294 
746 7229 8164 
1189 970 3577 
3263 4127 7333 
1203 4578 4891 
3563 4239 4891 
3253 10003 6308 
2179 1812 6783 
2990 6773 7084 
1479 1698 3335 
2337 5251 9763 
4010 2204 7009 
6419 1339 8625 
6696 3983 9159 
1617 1089 7374 
2183 4706 7159 
1775 2184 6616 
261 173 7777 
5457 349 9614 
38 6266 9131 
1050 2186 7005 
4285 2027 7260 
145 2187 7457 
4235 7245 7517 
2188 685 7198 
1012 5281 8709 
1959 4343 6050 
651 1959 2189 
4354 5900 6842 
987 5900 6040 
6889 2932 9321 
618 2600 4667 
522 937 3808 
1297 5841 8814 
496 2738 4687 
602 749 9672 
1797 2979 9360 
946 6140 9698 
3551 6431 9406 
843 3551 4378 
3557 1278 4248 
2362 1278 3557 
777 2197 8002 
4931 6201 6274 
6533 2966 6567 
1851 2928 5802 
581 940 2199 
940 1078 9212 
6453 2485 7243 
337 4801 6903 
4228 2859 6570 
3479 4981 6280 
5882 3258 6066 
2171 2746 8393 
24 2563 4162 
1178 6874 8917 
1881 3670 4537 
2204 987 6040 
8325 1551 9436 
1794 1478 2205 
1316 6927 7117 
306 1316 5326 
5133 4089 5822 
5822 4089 9432 
5475 3233 8285 
7757 4942 8040 
959 3041 5235 
6386 5662 8806 
7182 76 8324 
5180 1779 9149 
2211 1160 8183 
1452 1160 2211 
784 371 2212 
2212 1769 2788 
3448 1192 6901 
8373 9124 9540 
8049 4222 8905 
4222 2214 8905 
2599 281 5406 
2231 6645 9030 
2216 2192 4103 
2192 232 4103 
8612 9595 9772 
4440 6632 7101 
575 2571 8706 
2751 3868 8148 
7232 7161 8672 
1526 1701 6782 
1137 4465 8059 
3633 4393 9778 
243 5778 6655 
1747 345 2221 
4811 3805 8911 
1345 3557 5077 
650 2654 3933 
7956 1836 8609 
5453 1742 8660 
968 1960 9254 
2191 618 4667 
2225 5060 9140 
2648 1238 7559 
5242 1004 6781 
2227 490 5197 
490 1106 5197 
5450 1774 9774 
853 4288 5531 
1162 3174 6720 
5316 2287 9744 
2468 2230 4232 
1340 5919 6983 
143 3860 6490 
3519 1496 6170 
2232 1433 2768 
5483 8310 8682 
1690 2536 2590 
739 2233 5053 
4865 5042 6774 
4115 4206 9780 
6645 5343 9030 
5601 1822 5625 
2236 2846 8342 
3235 3976 8342 
5744 1678 8401 
5725 3744 8401 
8773 6721 9109 
5114 4926 7547 
3725 2562 8888 
2562 885 6057 
1475 732 2922 
545 1475 7308 
8340 2241 9962 
5623 2994 9176 
3600 4797 5799 
1825 3600 6020 
4008 6323 7391 
4587 5635 5832 
1557 4512 7008 
2244 3354 8969 
261 998 2245 
173 261 9795 
5149 1162 6720 
6931 2246 9744 
7324 91 7702 
612 1081 2247 
9 671 2248 
2921 4544 7585 
4037 959 5757 
6769 5626 8070 
8115 8385 8751 
259 545 7586 
5073 5300 5313 
2881 835 4171 
1090 888 3611 
7050 1090 9822 
1361 651 6254 
3990 2253 7254 
804 4320 9249 
4320 1331 4666 
857 2802 3761 
1729 1098 9900 
1534 3849 5205 
1380 1468 5135 
1206 2377 7667 
732 166 2922 
2734 5032 9947 
1611 923 5032 
790 1436 5648 
894 2544 6393 
1627 1402 4389 
7676 7837 8479 
1525 1616 3509 
1377 8292 8299 
108 287 2262 
287 728 2262 
4506 1005 7426 
2734 2258 4274 
4665 2943 4750 
3191 31 3469 
888 1090 7834 
6301 2387 8722 
1608 5840 6451 
3172 2266 6439 
5291 7092 9949 
563 2730 3854 
127 6064 8950 
1631 232 3460 
7322 1944 9263 
6279 7040 9839 
348 2006 4559 
1772 4139 8169 
1840 2224 7996 
1145 1840 7996 
4942 7757 9073 
441 5231 7545 
1219 6403 9409 
3865 920 4706 
1879 2894 7166 
1254 721 5097 
1530 6711 9456 
5323 4931 6274 
6826 3759 7716 
4267 3457 6828 
4657 7789 9636 
917 1848 5531 
1480 3257 3693 
4431 4199 6522 
6226 3603 8370 
1282 6226 8370 
2280 4319 6346 
5030 1874 8068 
2296 1388 4256 
3980 4462 5758 
2547 1756 7819 
6456 3878 7576 
1353 4272 8794 
318 3788 9098 
1089 2284 9006 
619 1596 2742 
2132 2252 2285 
3666 257 9658 
188 633 2286 
6166 2502 7131 
3607 7792 8409 
3341 1162 5316 
944 3501 5506 
2995 6412 8649 
3715 9381 9766 
469 3715 7240 
1183 1289 3631 
3309 2078 5002 
3517 4005 7919 
5391 1245 7177 
2292 3596 9036 
2618 5294 7480 
141 1271 5863 
3882 255 9200 
3224 1243 7241 
3406 2194 6260 
2295 2480 3818 
5843 8907 9958 
694 900 3105 
87 694 7875 
4677 3375 7986 
283 4893 6302 
2709 2986 8102 
4882 4006 7302 
6384 4718 9537 
1432 2835 7814 
5284 2585 5588 
2222 3511 5069 
5018 1640 8812 
3642 3051 9592 
203 4122 6554 
2541 2037 8431 
1106 490 9388 
2030 6631 8597 
4418 5631 6009 
824 1348 3016 
6572 5478 7590 
50 1317 9378 
2439 4343 7046 
549 245 8554 
2125 1043 2307 
6027 5332 8249 
962 1839 7512 
767 1989 2308 
2029 3909 8358 
1932 2036 6011 
7453 7976 8628 
2310 4892 5946 
4085 2865 5407 
873 2164 2556 
542 4923 8128 
2312 542 8128 
1798 3755 5457 
6884 779 8087 
771 1273 2314 
2078 1132 2930 
2977 6770 9673 
1863 6770 9218 
338 157 5727 
274 2419 3996 
172 1846 9274 
7056 2317 9274 
2318 2607 9821 
4612 4952 9821 
3729 832 9536 
11 7075 7582 
5162 6561 8605 
3170 1656 6928 
592 3989 6056 
6049 5962 9832 
12 7944 9304 
6946 3209 7032 
2323 479 6368 
479 2023 6368 
380 916 2324 
916 2143 2324 
4049 1199 5025 
2320 1994 2325 
2707 6595 9816 
2078 3309 8562 
1194 1895 2327 
1895 1107 2327 
6350 2328 9490 
4813 1458 6220 
2192 2329 3460 
232 2192 3460 
2201 6306 8013 
2330 6621 6663 
1178 8917 9965 
3311 1178 5586 
3213 5003 9972 
5061 278 6568 
4787 2677 5497 
4772 4597 5723 
2173 3565 9421 
3272 380 6623 
1949 1295 2335 
9534 2335 9877 
2525 4965 6924 
4109 3323 6294 
4263 4935 8500 
3107 7231 9044 
274 2316 2419 
783 274 3996 
1274 4487 9148 
1865 1936 6336 
970 4125 7925 
970 2616 4125 
2341 796 2482 
7344 4140 9851 
3978 93 7683 
2108 1715 2342 
2343 1562 3042 
1891 3242 6566 
3935 2069 8089 
8791 4093 9505 
8037 71 9026 
2908 3529 8171 
2346 4455 4827 
5742 1340 6983 
256 1444 3330 
3332 2833 5412 
4071 3891 6865 
1457 4071 6865 
3896 2683 6553 
79 3896 6553 
2350 4915 7697 
2601 1778 6076 
2351 2298 6101 
4436 3809 5076 
189 6616 8724 
3816 5643 9521 
2587 399 9858 
4675 2914 7113 
1240 1612 3040 
2971 3176 6848 
803 1371 4041 
5337 7562 9516 
70 2356 5534 
70 5534 6555 
2101 2342 2357 
249 3129 7210 
6470 3877 7952 
6897 5217 9494 
366 2254 6704 
7665 6517 8235 
1685 4739 8480 
1207 461 4077 
793 205 9714 
4070 2361 6101 
1188 120 4946 
2196 1278 2362 
2363 467 6513 
453 1677 8623 
3527 4899 5302 
626 1802 5644 
3346 2808 7292 
1270 322 2390 
2677 4787 7326 
1524 1577 2366 
2367 1647 5712 
368 1932 2367 
279 2058 2368 
6836 7067 9686 
550 1723 3708 
4097 2355 7701 
6744 830 8279 
408 2148 5997 
758 748 7477 
1096 4909 7419 
3152 554 7966 
4390 1499 5930 
7778 4844 7894 
4844 1181 7894 
2546 2216 3915 
1807 4345 7330 
5125 4384 6932 
6372 2097 9127 
1983 8935 9057 
1709 1983 2376 
2257 2635 9610 
1584 1206 7667 
3595 5393 9881 
3660 5079 8535 
625 8640 9697 
5104 4478 8078 
2380 4978 9152 
430 3182 8021 
6633 6875 9524 
4642 2997 6503 
2302 6573 8715 
1448 3388 7838 
1177 1442 9422 
5978 969 9422 
2384 3558 4162 
24 1490 2563 
2385 2738 3263 
2344 2385 3263 
4782 1600 9621 
337 7533 7670 
2132 840 2387 
2252 2132 2387 
2497 8346 8882 
2446 4569 7699 
2327 2389 8060 
1688 4082 7291 
322 2004 3690 
5249 1810 6341 
1568 1150 2490 
6215 1927 7655 
2392 1017 7637 
2974 1276 5218 
1753 7930 8150 
1753 4271 7930 
3045 1793 4260 
4378 1565 5891 
1633 2279 9933 
2279 1633 7408 
2840 1820 3069 
2443 3715 9766 
1365 1152 2790 
6465 1185 8218 
9310 6739 9804 
1146 2398 7591 
5274 2942 5307 
5349 6880 6886 
5071 3099 8341 
5785 1049 8300 
2097 2900 3304 
4226 2401 8393 
2336 2046 4470 
2273 5450 9774 
3072 3404 9237 
1452 2211 2403 
2181 4010 7009 
2404 4219 4459 
667 929 2405 
929 1336 2405 
3701 1507 6094 
1396 1421 8848 
2899 4540 9430 
1594 3806 5351 
4559 3884 9059 
3298 4882 7302 
2321 5 6309 
1739 2409 6309 
3178 722 6930 
99 1225 6981 
1267 2261 4962 
1033 931 6097 
2963 89 6810 
89 2963 9828 
8417 5645 8592 
6535 4781 8146 
4879 5397 8689 
1805 682 9559 
8683 8081 9927 
2396 6142 8765 
650 1836 2654 
1561 2748 8160 
1490 24 3291 
955 2817 6238 
786 1503 5954 
5193 3917 5567 
3301 2720 3491 
2076 2720 7845 
1819 4462 5879 
1943 2454 5936 
3441 4347 4849 
2111 2421 9468 
654 2932 6889 
6696 8487 9257 
4423 3239 9410 
4624 1625 9410 
2480 4115 9780 
7692 1109 8367 
1088 2114 2425 
2114 1554 2425 
3251 2897 4973 
562 6709 7082 
414 2427 7140 
923 1611 2427 
4308 2428 6511 
1727 3603 6226 
8439 6144 9457 
2429 1699 6144 
788 2440 6460 
3627 309 8501 
3063 1553 5238 
3986 1923 5365 
1994 3170 6928 
4725 890 8538 
1432 1728 6449 
2433 300 2835 
3130 1482 3225 
579 3225 6122 
3039 7966 8383 
1119 3039 8383 
4378 3551 9406 
6431 2436 9406 
5261 3152 6329 
1874 456 4912 
4029 3044 9768 
1649 2438 4692 
1132 2078 6117 
2189 1959 6050 
609 1362 6775 
2430 1506 6108 
1390 1588 2441 
1588 1346 2441 
1594 4353 6755 
1649 1594 6755 
2779 6906 7027 
254 1942 2779 
9054 648 9062 
5239 648 9054 
1372 1688 7291 
3577 2445 7518 
3043 6375 9434 
2829 9665 9870 
6506 4989 9529 
6804 1971 8921 
1047 1147 2448 
5409 3718 7367 
362 636 2449 
2449 636 9878 
2074 2450 3643 
2074 181 2450 
5957 2000 9431 
2000 711 9431 
335 88 7230 
3829 3784 9749 
2453 2060 2855 
1329 1218 6814 
2454 1943 8947 
2420 4755 5183 
1710 3210 8242 
9454 5187 9463 
6436 3204 7277 
3204 6436 6962 
3579 2844 8042 
4589 1378 5946 
6996 4261 9909 
1028 807 4310 
2713 2965 6002 
244 2713 6002 
871 1193 5714 
5426 6859 8881 
4011 6321 6377 
4383 4190 5468 
8445 577 8760 
577 780 8760 
2769 6386 8806 
33 6693 8806 
2464 2490 6751 
2391 1599 5599 
2465 3335 5343 
3546 3335 8485 
220 205 2466 
793 5975 7807 
103 6307 7521 
2010 1409 2467 
376 1955 7691 
1108 1290 6530 
5993 6483 7359 
3091 2146 8045 
3166 7468 7763 
3455 2470 5871 
9198 5334 9219 
756 736 6617 
320 5057 9789 
1940 8245 8973 
4344 2473 9729 
2250 562 4344 
1659 130 3517 
1659 3517 7919 
3706 1026 5694 
855 2869 3481 
1155 5355 7434 
4347 2421 5985 
1117 3270 3274 
1175 1255 2477 
2478 1227 3470 
1227 1058 3470 
966 5081 6544 
2450 181 9807 
1129 4661 6344 
4227 3640 8703 
2869 762 7974 
535 3826 4203 
4730 5836 7686 
2341 2482 8585 
1591 7538 8363 
1050 2236 2483 
4298 7324 7702 
1830 107 2484 
6922 4916 8893 
5774 3285 7320 
166 1614 2486 
5273 7308 7878 
2487 1862 5596 
5037 4704 7832 
2488 3775 7461 
4397 6339 9297 
3575 3166 7763 
2489 2116 4526 
1699 2429 2598 
4812 3237 9228 
1401 2832 3436 
1791 2491 4496 
5784 3399 6608 
2291 2734 4274 
846 345 2493 
4373 1617 5172 
6080 1527 9336 
2523 8584 8991 
2266 2147 6439 
5123 1224 7630 
7895 4230 9926 
1860 2319 2496 
928 538 8346 
4569 3043 9434 
3180 5709 7779 
1345 485 7072 
41 3311 9999 
146 41 9999 
2500 3655 5718 
189 4749 6616 
3617 5422 6442 
4161 69 9858 
3442 886 7104 
3442 783 8211 
1850 2946 7600 
1519 1850 7600 
1220 1593 2504 
843 4378 5891 
3148 2 5413 
6787 2123 7706 
3411 4686 8470 
2680 4148 4437 
5633 2507 7909 
5699 5604 5767 
9586 5297 9743 
4087 9586 9743 
4255 3656 6494 
909 3656 4255 
1469 3530 7219 
2510 1211 4548 
2329 3415 3460 
2329 7532 8276 
5898 1114 6360 
1114 4586 6360 
1420 1861 4023 
134 5735 8603 
1294 175 2610 
7008 571 7508 
1693 1083 4872 
4321 2681 8289 
7144 4653 9956 
3367 4036 4653 
2752 7473 9450 
1860 2496 2517 
2518 1966 8902 
5209 4404 5555 
1020 86 9896 
2178 585 3932 
244 1408 2520 
1408 960 2520 
2925 1102 6758 
1339 5812 6230 
1683 2434 6996 
2458 601 5110 
2494 45 5989 
45 2075 5989 
3678 1497 5361 
4306 3678 9111 
2493 3323 9613 
4509 2493 9613 
1381 5568 8515 
1381 2526 5327 
4750 127 8950 
2710 1631 3460 
1505 3541 4460 
1505 5288 7447 
903 2816 6844 
4795 3187 5748 
1751 7846 9883 
7229 746 8871 
1893 6692 6856 
402 5619 9718 
7904 477 9706 
374 6689 9342 
2701 1385 9490 
3450 5090 6619 
7587 1262 7822 
1494 1758 2825 
2258 2734 9947 
4506 2153 8465 
4849 6063 9468 
3504 2233 6063 
2537 3642 9592 
912 986 4382 
3971 4132 8193 
301 132 4698 
4076 405 5898 
405 2539 5898 
2026 808 2716 
2525 2631 3110 
1696 7554 9625 
3191 7201 8510 
6322 2542 8486 
1488 6138 7357 
2333 6455 8746 
4226 8393 9133 
665 894 6393 
1259 665 6393 
4355 1323 5131 
6706 1602 7127 
2546 3378 5808 
4731 2192 6236 
507 3601 7135 
2282 1756 2547 
2476 2421 6267 
1788 4314 6267 
2508 2151 3282 
326 7638 9801 
2053 49 6562 
811 1741 2550 
7223 5222 8726 
486 135 3339 
4415 2974 5218 
3254 5744 8776 
2553 439 6154 
367 8272 9609 
5461 7401 7621 
5856 4370 6831 
2555 1768 5536 
668 1956 2555 
4683 2140 6997 
1495 1354 7169 
3015 4062 7162 
8771 8399 9895 
6945 3297 9162 
49 5586 6923 
938 5999 8173 
1709 938 2559 
643 3873 5221 
605 15 4721 
1571 1703 8366 
7377 3495 8366 
5299 2239 6823 
1389 197 5883 
3967 4324 9976 
2339 2384 2563 
2781 5514 8818 
8278 2217 8780 
2799 589 8576 
542 3699 4923 
4113 3882 9605 
255 4113 6405 
2677 4303 5497 
1604 3287 5219 
1650 597 7384 
3612 2953 9728 
3504 2307 4447 
2307 1043 4447 
1424 2373 2570 
2373 1181 2570 
5087 1179 7428 
5467 5026 8148 
676 5133 8224 
7215 5580 8680 
5235 2033 6253 
1173 6700 8255 
2574 3964 4735 
4877 340 9587 
1504 1318 2575 
2003 1504 2575 
919 599 7125 
3786 919 7125 
2577 1266 9819 
1861 1139 9091 
3549 2577 5689 
1476 1468 8213 
5207 4213 6715 
2019 1231 7340 
1629 1439 8736 
1976 1629 3887 
3911 3411 8470 
3425 3411 6712 
2607 4612 9821 
2318 515 2607 
1434 585 2583 
3133 4945 8891 
2584 2525 5345 
2525 547 5345 
2110 7300 9373 
5787 120 6808 
6112 1919 8509 
3671 2586 7842 
7862 2458 8436 
4975 3366 9122 
1923 2431 2588 
2431 2102 2588 
1214 5265 6866 
796 2341 6162 
2789 1155 6487 
611 2789 6487 
6593 272 7527 
4617 2591 9437 
472 5612 9454 
183 5612 6271 
63 660 3961 
1404 961 8447 
1239 518 2594 
1928 1239 2594 
3108 1322 5431 
2065 5129 8156 
7374 4965 9632 
2730 563 3127 
2421 365 6267 
930 3297 6945 
825 2909 5927 
2464 2150 3237 
1813 936 4295 
5625 1822 9043 
387 1232 5060 
4352 7796 9562 
855 4638 7110 
2601 7086 9253 
3909 2655 6362 
7795 6587 8692 
2603 5660 8684 
8771 2349 8914 
2687 8395 9518 
2880 4258 8120 
2913 383 5948 
3331 2605 6032 
2384 2339 2606 
3360 2874 9265 
2607 442 4612 
27 2107 5364 
6688 1600 9867 
3534 4782 9621 
1896 2487 5596 
5596 1862 6233 
9300 7579 9349 
6212 1395 7579 
885 3725 5258 
4746 113 5028 
1311 180 3574 
792 3254 8776 
1400 2148 2613 
2148 408 2613 
2230 2614 4326 
7642 1921 8123 
4493 4987 8454 
2093 2337 7402 
2616 970 4138 
1189 3577 7518 
801 4983 8448 
2252 3241 5278 
3889 5371 7480 
3889 71 7430 
2619 5785 8300 
2400 581 7244 
3992 2620 5122 
1912 3992 5122 
1440 3013 7469 
3550 3711 7469 
1935 9114 9619 
4169 7516 9114 
4372 1539 5798 
6872 7406 9664 
2928 2763 8944 
1941 2303 2763 
2082 859 7630 
1285 6560 9471 
4868 2353 8297 
2172 626 2862 
216 2577 3549 
6167 8879 9783 
7195 4794 7210 
1715 4268 7195 
1463 2449 9878 
1871 2629 3740 
1798 497 5360 
1018 5168 6898 
2716 2730 3127 
3110 2631 7057 
1183 7462 8466 
2632 9671 9790 
6381 2918 8243 
724 738 2633 
3714 2093 5416 
4694 3307 5152 
2060 27 5674 
3369 2257 9874 
7075 11 8075 
1637 495 4213 
1448 816 2880 
6685 662 9581 
430 1544 2638 
7336 2302 7564 
1774 891 2639 
6936 3468 9475 
11 2275 5059 
837 2166 4230 
3253 1183 8466 
3895 5376 7924 
184 2632 9790 
4073 3117 7024 
4706 920 7159 
2046 3323 4470 
5764 2043 7394 
7615 6037 9922 
784 2212 2788 
2645 784 2788 
5873 1118 5948 
2209 2033 2646 
6401 5091 9395 
468 2456 5091 
1106 1238 2648 
2648 1004 5197 
1317 50 5023 
6713 10003 9378 
2359 2650 2725 
2445 2359 2725 
6483 4786 8472 
7352 4579 8466 
1573 808 2652 
808 2026 2652 
3379 4845 6763 
1222 505 9923 
1625 2416 3602 
3602 2223 7762 
5504 3476 9996 
2029 2806 3909 
2171 2401 5544 
991 121 2656 
3762 1407 6971 
18 3762 9460 
4889 372 8092 
719 8683 8785 
1327 42 2659 
42 1693 2659 
5369 8132 9121 
5369 720 8132 
4541 1850 4836 
5029 5741 9745 
1054 5037 7832 
2662 3465 9934 
2156 2663 3561 
6881 3163 8620 
2183 4373 6800 
2664 547 6924 
4236 6419 9106 
2182 1010 2665 
630 1102 2666 
2596 630 2666 
2370 230 4582 
3288 5848 7123 
8722 7417 9822 
8005 5830 9188 
6226 1282 8995 
1852 523 5438 
4162 3558 9428 
591 4651 8873 
797 5866 8274 
1413 924 8980 
1883 2214 4222 
1299 1883 4222 
2324 2143 5865 
1465 3653 3951 
1763 476 7439 
2622 1935 9619 
2422 5734 9275 
2432 6696 9159 
2032 3507 6283 
863 451 3227 
2900 2097 6372 
4787 3925 7326 
5250 4228 6082 
7288 4613 7785 
1763 2444 2679 
9062 2895 9327 
907 1500 2680 
7742 3314 8145 
2681 2515 6055 
2515 742 6055 
290 2682 9985 
1211 3582 4332 
4258 2880 4725 
2273 1900 6664 
528 1413 4674 
518 1239 5452 
973 4491 5639 
2202 3221 4993 
2326 3438 9943 
4966 3633 8942 
2929 1310 9541 
2687 3742 8627 
2524 5330 5361 
2884 1497 4129 
4764 2358 6093 
2822 4764 5184 
4504 4936 8062 
4936 1132 7046 
6149 10000 8008 
10000 413 8008 
4505 389 7422 
2471 2805 4971 
5195 6313 7260 
2496 2319 2693 
1527 1588 3011 
45 2494 5206 
5470 1164 9376 
1679 1733 2944 
1454 5382 8674 
6208 2696 7495 
1112 578 2697 
3242 4106 4911 
681 4225 6392 
3685 4907 6944 
984 1053 2699 
3738 854 6822 
2700 1552 5523 
2981 695 9240 
3946 8922 9490 
981 3686 7643 
2610 3543 6183 
3075 6902 7017 
1478 5119 7766 
3173 1478 7766 
2510 1334 3582 
1211 2510 3582 
3817 2705 5979 
3583 5979 9686 
5174 5418 7519 
2399 2138 2706 
2801 328 9994 
1569 2326 5054 
336 4776 7567 
7035 2561 7820 
2356 7569 9338 
3979 5534 8328 
1562 2710 5717 
7147 5161 8323 
2682 7167 8497 
180 2552 2711 
1770 4433 6263 
3994 5775 8005 
502 8048 8293 
2520 960 2713 
4245 1827 6153 
322 4245 6153 
6248 4968 9741 
434 58 6022 
2716 4619 7623 
2540 4147 5252 
614 6547 7520 
3848 3090 8067 
95 1316 9703 
4253 3379 6763 
1073 1023 7406 
1426 6734 8108 
2720 59 3491 
2338 3801 5724 
1607 3244 8925 
2249 1607 8925 
2109 1785 4394 
1785 1853 9060 
2581 84 2723 
4684 3931 5517 
752 2041 8142 
2303 2724 4555 
2445 2725 6707 
1792 5559 9679 
2864 4128 6703 
110 3037 4876 
5045 3567 7517 
8053 5318 9568 
1231 2019 5817 
2579 837 2728 
4055 1301 7811 
7624 5603 9298 
1771 563 3854 
2716 808 2730 
4501 2731 4994 
2731 3497 4994 
736 756 4265 
3683 3600 8843 
4869 338 9085 
2916 6074 6992 
7080 2535 8113 
923 1356 5032 
2688 4306 9111 
238 6916 9111 
3147 6863 7424 
4459 5542 8155 
1349 1904 3951 
3568 7490 7940 
2381 565 4687 
1781 2381 6505 
2821 2739 8227 
2335 7718 9877 
341 188 2740 
188 2286 2740 
5010 2741 5986 
1484 1446 3997 
2016 619 9101 
619 2742 9101 
1337 5668 8349 
6879 1981 8030 
2197 3666 9658 
2285 2252 6201 
2880 816 4725 
2683 4898 7625 
2746 1074 3571 
3502 5746 8998 
921 3990 7254 
2747 7776 9238 
5243 3572 8735 
4028 1466 9062 
2749 1306 4568 
4568 1306 9820 
3333 3158 9651 
2770 1484 9493 
2218 1179 5026 
5026 2751 8148 
5493 1754 6036 
2636 3604 4034 
1963 843 5891 
2504 1834 2753 
4623 842 8420 
1014 1939 3238 
5902 190 8177 
5593 190 8326 
542 2312 3699 
2756 5852 7906 
857 3761 6599 
1098 1890 3472 
2907 3991 4645 
7705 4951 8962 
1486 554 4137 
554 1517 4137 
886 2760 7104 
3359 2760 9921 
544 2761 3905 
2204 6040 7009 
6354 2450 9807 
2908 1326 3529 
3863 1719 3886 
3782 1740 9209 
2807 2764 7067 
6710 2623 9904 
4768 3923 8616 
1648 1422 4428 
4672 5242 6781 
2041 1004 4742 
2254 5521 6519 
3261 78 6427 
1786 1691 2768 
1433 2232 5293 
1485 9071 9222 
5662 33 8806 
5245 1086 7370 
1446 1484 2770 
1064 3963 9602 
684 3353 4925 
2772 6691 8331 
1920 5760 6113 
7561 2950 9721 
1546 294 2773 
345 1747 2774 
1747 1900 2774 
2137 5681 9641 
1382 3257 7283 
966 6544 9833 
212 3643 9823 
313 2322 3278 
5883 3733 7420 
1158 2778 7087 
6929 9356 9901 
3715 2443 6292 
469 781 4747 
2040 7688 9352 
3684 6905 7310 
5971 3704 7378 
3582 6213 6729 
1283 1349 7715 
1465 2749 2845 
2530 1033 2783 
1725 5127 6331 
10001 2533 2784 
1764 2075 9552 
2025 7311 9207 
856 1716 9130 
3855 2786 4584 
2786 1572 4584 
280 3261 6748 
970 1189 4138 
3772 6305 8147 
1015 87 8106 
2421 2476 5985 
4741 2331 6803 
3802 1929 4524 
728 1185 8809 
3584 2670 5166 
1936 1865 2791 
7172 4942 9073 
4529 5592 9224 
5248 1980 9417 
2765 1684 4958 
1257 144 4108 
4823 1827 9604 
2951 1151 3971 
2951 3971 8193 
3964 2574 9893 
1888 2085 7887 
1017 4008 9974 
617 2145 9898 
2798 2107 9033 
2091 2107 2798 
4170 2565 5770 
2565 589 2799 
4598 3546 9578 
457 6713 9143 
5905 1082 8396 
2686 549 4393 
1729 1116 4528 
1729 4528 5535 
292 879 7225 
1879 2274 2894 
48 4461 5922 
2090 537 2804 
4603 5994 6638 
2471 2980 4967 
2029 9392 9830 
1647 1932 6011 
551 2118 2807 
1579 6710 9904 
1270 2390 2808 
2700 5523 8768 
2952 3931 6581 
2680 1500 3314 
5381 647 6041 
3698 5163 5381 
857 5008 5056 
1908 2811 5269 
3360 893 3426 
3080 8400 9485 
2509 2813 6846 
2544 252 8134 
6814 1218 8229 
5364 1329 6814 
2734 2291 9196 
2815 6991 9196 
1464 2130 2816 
1720 903 6844 
6915 955 7233 
2696 3963 7495 
1257 6224 8716 
144 1257 8716 
1367 8567 9622 
1983 8173 8935 
828 1652 5198 
1767 828 6848 
2335 2739 2821 
547 2525 6924 
1817 2876 8763 
2358 1550 6093 
3637 2823 7562 
2823 3002 7562 
703 2824 9060 
1924 2505 2824 
7197 4492 8604 
7502 2503 9167 
7439 3843 9963 
745 6706 7127 
6143 6518 9182 
1999 6147 8908 
638 2271 5886 
5942 968 8696 
4194 4144 7135 
4144 2547 7135 
3995 5736 6374 
1605 140 3995 
2693 5195 6943 
2496 2693 6943 
2854 4557 6552 
2072 6683 8524 
5718 6251 9064 
3723 1601 8841 
1911 637 2834 
7515 6363 8304 
1147 1047 6158 
83 2433 2835 
3155 2378 7381 
2583 556 2836 
2856 314 7932 
2309 2837 3435 
4927 390 9002 
1641 4927 9002 
2351 6101 9040 
1009 2442 4030 
1901 1820 2840 
3787 3448 5232 
8953 46 9137 
4375 2841 7558 
234 608 2842 
608 1218 2842 
2225 9140 9835 
1531 10002 5710 
1320 193 2844 
1550 2049 6642 
2782 3653 8734 
3951 1904 7940 
10001 3108 8743 
1591 2186 7538 
950 610 3424 
3424 6598 8926 
5604 3318 5767 
2848 2163 3870 
8136 2079 8157 
389 3096 7422 
3405 1889 5127 
1889 2530 5127 
5019 4574 7111 
8130 4594 9119 
2342 2101 5321 
2108 2342 5321 
2853 5147 9727 
2650 2359 3984 
5828 655 7038 
762 448 9754 
2568 8608 9041 
2855 5364 6814 
3508 4280 4886 
2002 1662 4886 
1354 2311 2857 
695 2981 4309 
1492 3738 6822 
935 1492 5346 
2845 2749 8734 
6754 2678 7786 
8092 5530 8785 
5982 1683 9361 
449 2119 2861 
2861 2119 9973 
526 5439 8836 
211 3364 6426 
427 1006 5560 
1006 4511 5560 
647 5650 9155 
9155 5650 9755 
1552 7292 9100 
5782 4982 9080 
2219 1945 5301 
2283 1603 3402 
5427 5048 6181 
519 4253 9510 
162 1967 2868 
2124 162 2868 
5627 448 7068 
1778 1508 6076 
2225 1350 9302 
2603 387 5060 
4946 120 8756 
4157 2961 5167 
3382 4512 5795 
1557 143 8666 
5178 1914 6225 
421 1914 5178 
1324 2874 7076 
2670 3584 7076 
626 1603 7507 
1978 2862 5241 
1127 8020 8831 
4014 4321 8268 
2629 466 3740 
466 1509 3740 
4938 1891 6566 
3376 3778 6092 
3115 4229 6431 
159 8093 8971 
816 890 4725 
2302 7336 7838 
6012 3893 8531 
2617 2744 4983 
2432 3132 4736 
3896 79 4996 
7459 4570 8184 
4800 5588 7098 
1497 3678 4306 
6606 4521 8502 
2290 5156 8335 
5007 2885 9790 
1630 413 9990 
3565 2886 7234 
4745 2887 7718 
1338 1044 2892 
2402 982 2888 
2402 2888 8512 
3275 1828 7643 
1828 1210 3122 
9523 8784 9821 
442 2607 2890 
2891 3442 7503 
851 8117 8379 
3972 4745 7718 
1295 1338 3972 
5871 3575 7763 
2119 449 4001 
2803 1854 2894 
1372 39 9348 
2895 1996 9327 
2064 5239 9054 
2463 683 3766 
7185 2896 9435 
593 4929 7280 
2426 23 5677 
2733 7012 7682 
4472 649 6074 
4540 7413 9944 
7051 6326 9430 
2656 2543 5779 
2677 991 4303 
2901 2110 9373 
4091 2110 7684 
356 1615 2902 
1190 4316 9837 
521 2915 8912 
370 6299 9401 
5814 2904 6015 
2309 5814 6015 
339 6447 6990 
339 4926 9058 
983 1200 5620 
983 3489 4551 
4951 3357 7501 
6550 381 6827 
3529 2479 9575 
2345 4297 7917 
2214 5341 8905 
1699 2598 2909 
2706 2138 5418 
5966 48 9307 
4404 1966 5555 
1502 1849 4779 
4548 2682 8497 
1503 306 5375 
1485 5873 5948 
1118 2605 3331 
2113 462 8194 
1583 7187 8095 
521 1229 2915 
4322 8713 8912 
4689 4472 9366 
3378 157 5781 
872 2073 2917 
2073 5350 6479 
3508 4886 5401 
199 7121 9258 
3033 2689 7085 
1780 3347 4025 
1847 821 8255 
2021 5877 9479 
1136 4863 5789 
2921 1452 5789 
5273 2257 7308 
9610 2240 9874 
6712 3911 7888 
2018 1540 7573 
3668 4314 8327 
2924 4577 6116 
1102 2925 4509 
243 846 3312 
3687 3022 6025 
7178 4269 8318 
3390 1876 8859 
8552 4252 9225 
1851 3782 9209 
2763 2303 9897 
2297 3234 4714 
430 2638 2929 
6506 4673 7126 
5944 6506 7126 
4002 5436 6359 
5062 4616 9769 
2191 6889 9321 
1531 3750 4711 
2881 3499 5788 
5788 5708 8710 
799 1627 9495 
1672 901 6922 
10000 3528 6308 
2662 2609 2935 
6582 5597 8354 
2936 3421 5597 
7109 3883 7265 
2037 2541 2937 
2558 4950 5947 
2597 2558 5947 
1454 2820 5754 
3878 2157 7576 
6624 7473 9926 
2579 242 2940 
3563 2178 8895 
585 1434 3932 
4135 474 7912 
1786 2768 8892 
118 6674 8441 
3899 3768 7532 
2944 3211 7203 
1327 2695 3211 
5801 3870 8575 
7334 3898 8054 
5577 5029 7769 
1850 1519 4836 
10000 1651 6163 
902 5013 6081 
2277 6472 6745 
6290 2277 6745 
26 5360 5672 
2084 26 5672 
793 598 5975 
1083 1130 3003 
1145 2924 6116 
2795 1421 7156 
1043 7387 9363 
3355 4684 5517 
1762 653 7784 
2568 425 4614 
7272 3965 9382 
2954 2553 6650 
2625 4551 6545 
983 2906 3489 
7186 3453 8506 
5003 2920 9972 
260 1260 2957 
5322 6150 8475 
2645 5621 7681 
6761 2958 7486 
2639 6936 9475 
4288 853 8018 
8047 5585 8187 
2960 6382 9383 
2110 2901 7684 
1922 1278 4091 
454 6219 8284 
2939 2157 2962 
791 2412 6810 
89 791 6810 
2202 4993 6749 
5639 4491 6154 
3566 1689 4799 
2713 960 2965 
2966 3153 3377 
3712 6533 9281 
1280 6815 9612 
1660 4502 6285 
2389 2445 2968 
57 2508 9679 
2056 5015 6287 
1625 2969 9410 
2102 2431 4241 
10 2070 4804 
3089 534 5186 
534 1512 5186 
2548 3668 8327 
2476 2938 2972 
4183 2973 6216 
7985 6227 9606 
2392 1276 2974 
2168 3582 6729 
8778 5042 9076 
863 1917 4826 
2976 1945 7165 
1308 1344 2976 
6989 2797 9171 
3247 6107 8583 
4072 5673 9793 
3758 6165 7790 
7704 2256 8907 
4083 2979 8269 
6420 4430 9339 
5190 3200 8136 
4085 4341 9653 
5016 4839 5377 
668 2555 5536 
2982 668 5536 
10000 1604 5280 
413 10000 5280 
459 7194 7844 
1376 6454 8161 
2977 2985 6770 
2977 327 2985 
555 378 8102 
2298 2709 6006 
2581 1801 2987 
2581 2987 6087 
529 2988 9740 
1365 2790 3255 
5230 241 9225 
4335 4252 8552 
281 3519 9030 
2180 281 9030 
4948 6545 9661 
10000 1429 3057 
1468 1380 8213 
351 2574 8216 
3443 2993 5052 
7226 652 9246 
435 1884 2994 
947 6367 6968 
3541 1505 7557 
2931 206 2995 
454 2996 6219 
2962 2157 2996 
1443 4642 6503 
2344 3935 8089 
1620 261 8924 
119 1620 4195 
8487 6696 9275 
3983 710 9159 
3000 4168 4986 
1862 4759 4986 
3001 3158 3333 
3158 3001 3923 
1499 8302 9427 
744 1499 9427 
1591 6841 8725 
6211 6014 9647 
192 5831 7789 
4689 2076 6185 
3005 3667 7506 
5127 2850 6331 
4807 6757 7105 
223 1669 6757 
3581 5462 7898 
1717 1216 6681 
5850 1606 6908 
2967 3540 4502 
3545 1971 6804 
2641 4033 7444 
3010 297 3313 
1115 2472 9803 
5792 3011 8959 
1527 5206 9336 
3012 1072 4933 
1072 1974 4969 
3255 3802 7421 
1185 728 7664 
2106 7721 8101 
6855 5109 8637 
4736 3132 6024 
2745 1430 6731 
780 6202 8760 
799 6801 9984 
5843 7704 8907 
2992 1380 6807 
2685 3018 6218 
2954 4824 9847 
190 2254 8177 
5743 5800 9326 
593 3880 6272 
2589 796 9070 
2141 3578 8820 
2539 405 5317 
3303 7873 9675 
5255 2958 8723 
2342 7195 7210 
4061 7275 7985 
97 3024 4670 
2994 1884 3024 
3025 3657 6981 
3025 2554 7450 
201 1801 4035 
4686 6999 9086 
3027 46 4857 
73 8953 9137 
541 186 5815 
3769 866 9951 
1531 1075 3274 
10002 1531 3274 
1060 6584 9259 
1060 3030 8484 
4951 4450 8962 
5284 5588 5630 
2152 3136 7339 
587 1325 3136 
4584 1572 7540 
1663 4503 7411 
2470 5298 6044 
5298 3034 6044 
738 724 3035 
5881 1470 7041 
4377 5935 8486 
5785 2542 8687 
3616 2151 5051 
6505 2385 9992 
274 334 8041 
2428 350 7427 
2437 5261 6329 
5261 4773 7452 
1767 2354 3040 
2354 8601 8821 
959 5235 6253 
3041 821 5235 
1562 2878 3042 
2011 3376 6092 
659 6661 8540 
2388 1657 9028 
1614 870 3691 
7318 2712 8537 
1453 2195 3045 
2195 4011 6840 
4104 3646 9899 
2198 6858 9473 
2343 3042 3047 
3042 2878 3047 
8946 3464 9907 
2594 1882 7437 
3981 3049 5366 
3049 2080 5366 
248 6387 9500 
3070 849 3839 
8833 6701 9593 
5469 1168 9737 
3870 3318 5154 
9831 7909 9834 
3302 3086 6575 
2094 7907 9141 
76 4859 8324 
3462 4859 9550 
4898 2882 5615 
2870 730 3055 
7120 2377 9010 
3056 4399 4672 
1415 6867 7739 
5552 5507 6187 
4274 1838 9853 
2291 4274 9853 
6443 6460 9174 
6108 1506 6460 
2907 2472 3060 
3060 1115 9047 
3300 601 6984 
4599 3938 8238 
3062 3263 7333 
931 1889 9416 
2431 1553 3063 
2970 2431 3063 
5951 1142 8614 
3513 7360 9964 
1108 2468 3065 
2230 3620 4232 
2153 4506 7426 
330 376 4151 
4807 1621 6757 
5312 4261 6996 
996 930 6945 
303 4499 9696 
4536 3069 8792 
2470 3455 4970 
7753 3839 8708 
3070 3477 3924 
1591 3976 7858 
3108 10001 4762 
3057 1429 6910 
2991 6588 8561 
616 3562 9187 
479 2323 7464 
978 3074 7114 
3901 3074 5133 
4446 7062 9107 
7062 4448 7836 
645 731 3076 
3146 4351 4729 
2294 3077 5409 
1416 2979 6805 
191 6096 7628 
265 5584 8281 
916 380 3079 
380 1292 3079 
2812 5923 8339 
681 956 6088 
4852 3081 5036 
3076 4047 5885 
195 4906 9367 
6263 2169 7318 
3003 1130 3083 
2950 3188 9721 
4865 6774 9318 
1047 2448 6694 
2250 1202 3085 
3056 4672 6781 
3086 1481 6575 
105 1263 5142 
2336 4470 5172 
3127 3087 4999 
3088 1131 3965 
1131 7239 9096 
1512 4096 8424 
852 5186 8424 
3381 4989 7158 
4979 5993 7359 
1239 2146 5854 
3091 525 5854 
471 1019 3092 
1019 5030 8068 
4666 5476 7955 
4698 804 8813 
606 1461 8961 
5339 4822 9988 
8978 4278 9849 
4668 2555 9273 
3096 5190 8136 
3200 2980 8136 
1938 2194 7446 
1661 8053 9568 
3098 316 4044 
1964 1702 3199 
2400 5071 8341 
1122 2756 7906 
410 2188 5021 
9630 1156 9676 
5921 6346 8546 
3101 4407 4918 
2794 4300 8208 
124 185 5623 
739 3103 8189 
2111 2233 6288 
6115 4715 7214 
371 1051 3104 
2296 3105 8087 
1388 2296 8087 
1113 4771 9553 
4029 1113 9553 
3107 5047 7231 
3663 3107 9044 
6719 4428 6977 
4428 3834 6977 
4369 424 6546 
6941 181 7707 
2596 5158 7057 
4109 6294 9404 
4544 62 5952 
1884 7885 8669 
5362 1832 6692 
2886 2173 3112 
1464 2816 3113 
2816 903 3113 
5573 7189 9741 
325 1706 9598 
1565 4378 5641 
3045 4260 8423 
1165 700 8427 
1480 3693 6317 
10003 3305 9378 
4673 2690 6580 
4507 1847 6961 
4507 6961 9330 
3119 149 9806 
4523 4437 6657 
5549 963 6095 
55 3120 7284 
179 2152 5565 
5565 6630 9347 
682 491 5142 
3053 2889 3122 
2379 1514 3123 
10000 10001 3383 
1961 2991 7824 
2991 138 3124 
2452 1375 3179 
5549 6095 6234 
1297 3734 7710 
3810 3734 4731 
2716 3127 4619 
3087 2596 7057 
2870 3055 3128 
5615 3128 9975 
4937 2101 7566 
1242 2628 4794 
5545 5312 7791 
7791 3067 8885 
4057 7862 8436 
2522 4119 4386 
3132 2432 9159 
3015 3432 8492 
2836 6166 7131 
2378 3516 9008 
787 2645 7681 
396 3772 8147 
58 434 3135 
5819 5783 6090 
3136 1325 7339 
2152 3032 3136 
402 2673 3137 
4841 6273 9838 
1245 2153 7177 
3138 2535 7750 
693 1235 3139 
1304 1252 5793 
4446 4448 7062 
2514 2702 7017 
7160 5914 9652 
98 4972 9024 
1662 2002 3142 
3142 2002 6457 
2364 3527 6809 
74 2219 5301 
770 2001 4516 
2428 3144 7366 
1636 4402 5794 
3145 1710 8242 
2632 1959 9671 
3561 6572 7590 
6349 1750 9654 
4940 6349 9654 
2672 751 5165 
2824 703 3148 
1903 375 3944 
1730 7867 9452 
3534 699 8800 
6563 3150 7476 
1089 1617 3151 
2284 1089 3151 
1491 1119 8383 
6477 2435 7966 
3712 2966 6533 
7855 6447 9058 
4552 1720 6844 
2282 4527 6516 
5724 3491 7100 
806 4401 4945 
3032 445 5509 
6673 3384 9539 
5014 3293 8590 
3853 4744 6227 
441 4835 5231 
2272 5847 8551 
2532 5466 5856 
5624 5492 7769 
1607 6136 8099 
690 2209 3160 
527 503 9683 
2065 2595 5383 
3444 4480 9998 
8719 868 8783 
281 7084 9276 
170 3950 5406 
7 10002 3274 
1117 2207 3164 
737 1241 3165 
4538 762 9754 
6976 6047 8199 
3455 5871 7763 
3955 3639 5992 
933 5995 9216 
4889 8081 8241 
8365 1680 8579 
1868 2337 3714 
8894 1984 9878 
6724 4640 7866 
8492 3432 8740 
737 2854 7949 
3202 1681 5796 
5578 5126 6995 
10000 3326 6995 
1906 1960 3173 
1960 968 3173 
646 2229 4530 
4460 944 5506 
1067 3165 5627 
7296 7719 9005 
994 2354 3176 
2354 1767 3176 
3878 5105 6219 
3372 0 4475 
422 3178 8968 
521 422 8968 
1375 1809 3179 
765 3410 4443 
2077 5582 8798 
2077 1150 5582 
3181 5819 6090 
7416 3820 8379 
3182 430 8839 
283 1790 6993 
2377 1206 3269 
2377 3269 9010 
2311 1354 9423 
1354 1495 4637 
4693 4778 5311 
275 4778 8319 
6207 6893 9405 
1315 473 3407 
4144 1954 4527 
6516 7712 8428 
2466 205 7807 
2950 2128 3188 
798 2657 9919 
25 3189 7445 
3037 1443 4876 
2301 7860 8261 
5038 3768 8459 
31 1654 3469 
9665 2829 9674 
3154 7443 7712 
3781 111 4828 
5824 4828 6296 
1141 3194 8792 
6047 2415 8199 
914 178 3650 
2124 2027 3650 
4956 956 6010 
1865 1324 3584 
3150 6563 9482 
1153 6563 7476 
2803 879 3198 
950 3424 7298 
2222 1964 3199 
312 4811 8911 
6133 7615 9922 
6945 303 9519 
979 701 3201 
701 3004 3201 
405 778 8309 
8309 4193 9899 
1099 1348 3203 
1348 824 3203 
4593 5901 7713 
6123 1149 7804 
1321 1776 8412 
3266 3205 8412 
2740 3998 4152 
7481 4921 9782 
2578 1476 4735 
2577 216 4358 
235 3208 7830 
2780 3684 6830 
2048 2918 4895 
4895 1272 8429 
1655 7206 8242 
1710 1068 3210 
3211 2695 7071 
7203 7071 7931 
779 820 3212 
820 1773 7301 
2313 3542 8070 
5626 17 8070 
8050 1805 9559 
4892 5112 6765 
7027 5232 8085 
2984 459 7531 
5322 6049 9832 
2025 2155 8551 
1094 355 3217 
1094 3217 5130 
1998 257 3666 
1926 837 4230 
1666 1857 5086 
1857 1569 5054 
3518 1157 3832 
607 4339 9335 
6218 3018 6650 
5628 2964 6987 
909 1149 3222 
2326 1569 3438 
6504 4124 8210 
4124 3223 8210 
1022 3632 8610 
5277 4984 8883 
4111 223 5545 
4302 1683 6543 
3291 24 6536 
4063 1253 7347 
1391 2676 5704 
875 3553 8919 
5086 1857 5998 
1666 3760 9324 
6067 2244 9017 
5617 1222 9923 
1809 2395 3230 
3820 851 8379 
4012 6465 8218 
4669 3497 7571 
2894 2274 3232 
5752 3665 8949 
3672 2785 4930 
8858 7969 9832 
5661 7400 8510 
6019 8651 9693 
2681 4321 8743 
4321 10001 8743 
2357 2342 7210 
5262 7209 8587 
2464 3237 9355 
4988 4281 7563 
1939 2754 3238 
2754 1014 3238 
219 9096 9715 
9410 3239 9481 
2708 9135 9509 
572 1571 5897 
2986 4396 8494 
4796 6651 6768 
1029 150 7077 
4565 4150 9889 
1468 126 5135 
4788 3017 5732 
3244 5153 9809 
3869 2920 8925 
3446 663 3503 
8348 1794 9967 
4613 1811 7785 
4670 1884 8669 
7859 7641 8495 
5606 7859 8495 
7373 3247 9864 
1704 854 7373 
3229 505 6917 
1642 1937 5940 
775 1140 3260 
3347 1780 5078 
2426 5677 9469 
2161 2897 9045 
418 2016 3252 
2016 5973 7159 
3724 6308 6783 
429 3358 9565 
3254 792 7602 
5601 936 9979 
6965 2397 9740 
2988 1365 3255 
456 1874 3256 
3724 1101 8974 
1382 2278 3257 
4199 1645 6522 
5636 4904 7414 
439 5639 6154 
1023 1073 3259 
1974 1023 3259 
198 3250 3260 
1458 1127 6220 
6311 5488 9477 
1026 5488 7090 
1338 1404 3262 
1404 360 3262 
3062 2344 3263 
2738 496 3263 
410 1156 5720 
5247 769 5720 
8262 7154 9978 
6714 7978 9985 
31 3191 4685 
3449 5739 6441 
1263 3214 3267 
559 728 8050 
2146 1405 8045 
2684 3146 4729 
2377 7120 8653 
1004 2648 7559 
1117 3164 3270 
4117 5133 5822 
4716 1664 7786 
4840 1136 8168 
380 2066 6735 
284 380 3272 
1093 4604 5939 
3273 104 4604 
412 978 7114 
3270 7 3274 
3275 1663 5058 
3275 3686 8362 
3686 1682 7431 
6034 6350 9490 
1205 9334 9876 
6536 2771 8490 
2136 3610 8890 
313 3278 5447 
698 2194 3406 
2448 6384 9537 
7524 6907 9746 
8826 6570 9829 
1946 6871 6950 
4942 876 6871 
950 2508 3282 
1653 2549 4837 
3314 1500 8145 
2506 2680 3314 
394 1050 7005 
832 394 9536 
6132 577 9161 
773 8445 8760 
5033 704 5910 
6812 8282 9384 
2401 2171 8393 
5556 9205 9725 
1055 3288 6520 
3288 1970 5115 
3289 6700 9977 
5106 5585 8442 
882 5442 6942 
2793 4958 6316 
4385 3226 8490 
3353 684 9069 
1619 4212 8594 
813 2392 5033 
37 8590 8867 
844 4488 9305 
3803 6358 7130 
4753 2408 7675 
1261 2185 3295 
7851 2960 8047 
2975 288 5616 
1135 624 3827 
1887 2558 4158 
930 3068 3297 
3082 195 9367 
3294 2270 3298 
3445 3606 8308 
3445 4814 4910 
601 3131 6984 
3131 3938 3957 
2419 2316 3813 
4728 2076 7845 
3122 3302 8588 
5004 2094 9141 
2281 759 4214 
7873 6025 9675 
3287 1604 3925 
5995 4226 8998 
2642 6483 8472 
7520 6547 8720 
2576 1697 4588 
4588 7494 7982 
3307 3587 5152 
2551 1008 7415 
3308 5275 7544 
2481 2491 7544 
2078 2930 5002 
10003 3253 8466 
2410 3310 6314 
5550 8200 9796 
2053 2499 4273 
49 2053 4273 
1339 6230 8625 
1045 5291 9949 
7930 3707 8150 
1752 247 7380 
3411 2506 6395 
443 3411 6395 
3611 888 7259 
888 311 3315 
3316 5690 7872 
4920 3751 8098 
2060 1609 6818 
2953 3317 7626 
829 3052 5604 
3052 915 3318 
3569 7661 8152 
621 3142 6457 
5829 862 7331 
567 3243 5829 
3321 4217 5730 
5872 887 8704 
352 7432 7850 
2674 3322 8351 
4470 2493 7529 
1102 4509 9613 
3941 2059 5945 
4241 10 4804 
3325 5750 7627 
7616 6960 9461 
2906 2495 6612 
6612 7409 9582 
3327 5106 7323 
1547 1643 3648 
3175 1067 9241 
3328 2350 9241 
7556 3451 9009 
2074 3451 6396 
1455 4699 5372 
4337 643 4699 
1595 4552 6844 
2020 1595 6844 
1601 1166 8841 
5372 4749 6134 
1648 3791 4254 
3001 3791 3923 
3334 1417 6638 
8023 211 9129 
6713 4123 6789 
438 6779 9578 
3154 3490 6643 
3192 7443 8884 
2942 1262 7587 
1262 677 7822 
445 325 5509 
546 3338 5509 
3587 3307 8699 
1518 3587 8699 
5904 2640 9125 
3340 3526 8359 
1318 3174 3341 
3174 1162 3341 
2835 5890 9097 
817 3342 6449 
3343 957 5668 
3510 7475 8349 
3344 6884 8087 
3542 6988 9316 
1890 1025 5458 
2757 3054 3345 
568 4982 5782 
5139 1270 9080 
4632 198 7148 
6093 1550 6318 
2704 1334 3348 
5514 6729 9001 
7304 3783 7725 
1140 1296 6220 
4847 5077 6618 
1922 4091 7684 
3351 3209 4697 
4697 7023 9258 
6084 114 7236 
4494 5342 6656 
1324 1865 6336 
2771 3353 9069 
5715 5427 6067 
5427 168 6067 
506 1043 9363 
201 4035 4684 
8668 1489 8990 
1026 3859 5488 
2907 4645 6160 
4645 5089 7501 
2662 2935 3358 
2935 3253 3358 
702 7427 9426 
2760 3359 8832 
2874 202 9265 
5920 5075 9265 
4356 314 4798 
2129 4697 5688 
2459 2355 3362 
2369 2459 3362 
1842 5340 5906 
6060 4095 7644 
2172 2862 7253 
3364 6778 9538 
6915 7233 8979 
2817 955 6915 
3612 1028 9093 
6950 3281 6984 
7896 4036 8230 
3890 4652 8879 
362 1503 5375 
2877 2912 3368 
2486 1734 7878 
2922 166 7308 
7674 8559 9566 
2297 4714 8009 
3371 2822 7148 
1780 2701 4632 
3154 2529 3490 
3336 3192 8884 
428 3506 7601 
3373 2007 8540 
8748 3093 9584 
3093 5751 9584 
379 1606 5850 
3008 3773 9612 
51 1631 3934 
3047 2878 7679 
4586 4246 9843 
2966 3377 6567 
2374 5518 5808 
2546 2035 3378 
4845 3389 7744 
2244 972 3463 
3916 591 8873 
893 4457 9245 
4465 5505 8376 
5445 5835 7444 
3354 1732 3382 
972 2244 8969 
3553 3383 4289 
164 3553 4289 
711 7019 9773 
639 1502 4779 
1899 6646 8270 
5178 1899 9403 
2920 2249 8925 
7078 5562 9316 
3387 493 8094 
6281 8016 9617 
3388 2880 8120 
3170 2745 8492 
4293 95 6763 
95 2718 6763 
753 4252 4335 
1581 753 5719 
1760 3514 8163 
6954 5794 8322 
1898 5941 6229 
2946 1850 3392 
1008 8699 9502 
4909 1096 7477 
6925 3474 9689 
2247 1081 6849 
8650 5011 9861 
4824 219 8331 
3727 5833 9494 
2786 75 6352 
7703 1056 8742 
1038 7703 8742 
4927 3022 5554 
2838 6594 9002 
3399 2263 4593 
2263 2492 7080 
1669 223 3400 
2893 6106 6630 
1934 754 6937 
2119 324 3401 
1603 626 5644 
3143 2283 3402 
3403 2313 6493 
5562 5061 9316 
3866 3057 9237 
3404 3072 6588 
1640 5018 7846 
2069 7064 8244 
8449 7395 8829 
7395 3342 8829 
3999 1758 9128 
1494 5237 9128 
77 2814 3408 
4479 7130 9255 
2659 1693 4234 
1693 4872 9223 
7290 4210 8896 
3179 1809 3410 
2497 6712 7888 
3411 3911 6712 
6242 8022 8256 
440 5799 7112 
2796 4242 4817 
7461 3413 9707 
1754 1860 3414 
1860 2517 3414 
4665 3768 5038 
1749 596 5622 
465 2947 6268 
3947 3852 7461 
4906 1113 8521 
4906 7325 9813 
2178 2941 3418 
2941 1580 3418 
6589 6172 7166 
6172 3419 7166 
5563 3420 8573 
3420 4199 4431 
6165 2647 6582 
502 2348 6865 
8009 7543 8375 
4476 8009 8375 
4614 7626 8608 
3408 7716 9585 
610 3282 8026 
569 3198 5132 
3119 5561 6657 
2506 3411 3425 
7991 3080 9485 
7297 591 9485 
835 696 4171 
8002 2617 8531 
3428 2070 3831 
2070 10 3941 
3429 1731 7307 
6367 1897 7307 
4894 880 6255 
3430 5637 5935 
341 2740 4152 
727 7481 9782 
3794 982 9774 
3015 2098 3432 
3736 8688 9419 
863 3227 8876 
1582 3424 3434 
3424 610 3434 
1671 1647 6011 
2837 1736 7828 
1401 3590 5747 
517 7974 9065 
5982 4957 8785 
4560 3437 6196 
1569 909 3438 
909 3222 3438 
688 3439 3903 
4310 6143 9093 
2705 3817 4855 
1001 3785 5420 
2536 8290 9708 
898 566 4849 
2502 886 3442 
2891 334 3442 
5811 586 9544 
1881 2993 3443 
8787 6762 8937 
4480 3444 4831 
3606 3445 4910 
3299 1717 4910 
5443 6839 9000 
3503 663 6298 
5580 4147 8680 
673 5580 8840 
781 1192 3448 
2213 3448 6901 
251 3449 6441 
6815 6285 9612 
2533 3276 3450 
3276 981 3450 
3329 4257 7685 
5164 3329 6396 
2735 1082 5905 
4649 1997 9445 
5229 38 7186 
641 3403 8701 
1606 5257 6908 
227 4031 4502 
1892 2415 7740 
6637 1892 8983 
2277 3456 3807 
2948 2277 3807 
10 2970 3941 
2970 3063 8167 
1262 3025 7450 
573 2534 3458 
5257 3626 6908 
1515 1036 3459 
3415 118 8441 
1265 5717 9398 
3723 2833 5524 
5524 2833 8606 
4798 4197 9550 
4197 3462 9550 
5715 6067 9066 
4295 5601 5625 
590 8946 9907 
6713 1317 9143 
2487 1896 3465 
2609 2662 9934 
7003 5495 7211 
2212 371 6186 
1515 3459 3467 
726 4180 5220 
3201 4657 9636 
917 4288 5831 
1696 5661 9208 
203 6635 7400 
3470 1058 8320 
1410 2478 3470 
3126 8430 8605 
1199 8605 9331 
3472 1890 4874 
6011 2036 7828 
4739 461 9015 
4057 4192 7862 
1483 116 3474 
7812 8978 9849 
6306 2201 6663 
6135 5619 6306 
7299 5126 8985 
3696 3909 6362 
3036 5637 7256 
3924 4894 6255 
7067 2719 8897 
3478 2719 8676 
6907 7524 7785 
7578 5608 8903 
5794 4402 8322 
3391 1760 3480 
2869 855 7110 
1778 2601 4638 
3482 700 3702 
700 1165 3702 
5603 1184 9298 
3483 7334 8054 
8337 3061 9122 
3473 3484 8337 
4450 167 8962 
5787 3357 7705 
514 4911 6348 
760 3486 6820 
1234 3224 3487 
6583 3487 7241 
3488 135 4284 
135 486 4284 
6612 3326 7409 
2495 3326 6612 
0 3372 4059 
0 4059 4795 
213 3301 3813 
2316 236 8330 
642 5128 8021 
642 94 3492 
2507 3493 7909 
6502 156 9866 
241 4418 4919 
2118 241 4919 
3495 1571 8366 
5352 8303 8624 
488 2693 3496 
5195 2831 8549 
6821 6103 8086 
5201 835 6974 
1322 3409 3498 
3409 6014 6211 
7908 177 8710 
2881 2933 3499 
4204 4263 8500 
758 1096 9113 
5731 6628 9369 
3535 3174 6466 
2543 2656 3502 
3955 933 9216 
5886 1743 8543 
6298 7463 9530 
2569 1840 8566 
2307 3504 6063 
2107 2091 9523 
2607 515 4700 
5839 6496 8209 
20 5839 8209 
5735 134 7887 
603 3433 7631 
3696 1095 4280 
1095 2002 4886 
3596 2618 7480 
2292 3019 3596 
5008 2611 5056 
691 1711 6061 
8911 2222 9580 
943 7608 8074 
3718 3084 7367 
8555 2448 9561 
4991 273 7360 
273 1766 7360 
2165 2561 5990 
4363 6967 8175 
3515 876 7172 
3300 3281 5320 
2378 3155 9938 
1093 3133 9881 
3517 3741 4005 
2139 2474 3517 
644 2722 3518 
2722 263 3518 
1496 3519 6539 
302 1496 6539 
3520 866 3769 
582 3769 9951 
658 460 7553 
1647 1025 5712 
330 2580 8736 
1439 330 8736 
1837 813 5033 
704 3292 5910 
1497 2884 5463 
951 1497 5463 
614 3949 6547 
282 2649 3525 
5498 3809 8056 
1009 4030 7800 
7251 5241 9764 
6189 2364 6320 
5502 1687 8987 
5261 2437 8580 
5515 6941 7707 
4520 540 6171 
666 2237 7821 
3823 3744 5725 
6575 1414 6687 
977 3053 7717 
3444 6762 8787 
6480 147 6882 
1520 6653 8226 
2109 4394 8951 
6422 4815 7994 
2386 6422 7994 
3174 3535 7074 
944 943 4530 
4259 3536 5734 
2521 1007 3536 
3537 4435 8750 
4435 3336 8750 
4158 7315 9563 
1887 4158 9563 
4058 2112 5490 
2041 5242 7926 
4502 4031 6251 
5718 3655 8841 
2528 194 6557 
2498 2528 6557 
3403 641 9869 
3542 2313 9869 
175 143 3543 
2610 175 3543 
19 3683 8843 
8843 7282 9497 
6393 2544 8452 
2259 5445 9720 
2800 1479 3546 
1479 3335 3546 
1548 1703 7163 
1703 1571 3547 
1133 4130 9727 
2359 2445 3577 
7998 6938 9587 
3207 216 3549 
6933 1933 8808 
1588 1527 6080 
843 3115 3551 
8202 5859 8906 
3552 2114 4270 
2114 1088 4270 
875 863 8876 
3507 8876 9649 
546 5509 9598 
5187 9046 9463 
844 3116 4917 
3116 3023 3555 
3407 473 6853 
5237 3960 9128 
1278 1922 4248 
1345 4847 7839 
4606 6487 7434 
2203 1690 5355 
814 1986 9050 
9168 9332 9476 
2629 1871 3560 
813 2629 3560 
3268 2469 7590 
2684 3268 7590 
360 582 3562 
582 3028 3562 
4317 3359 9921 
1592 4317 4485 
6607 8791 9505 
2151 1737 5051 
402 2173 9421 
5459 9421 9670 
3420 1689 3566 
6051 1567 9925 
3342 817 8829 
3097 8449 8795 
5441 5176 7039 
1904 1429 7940 
5578 5185 9011 
983 3569 8152 
1743 7088 8909 
5448 1743 8909 
650 1037 7278 
3571 1074 7485 
7432 3572 7850 
3572 66 7850 
6732 3573 9288 
3192 531 3573 
180 2711 7853 
3530 1469 5818 
5871 2470 7740 
1680 1333 8579 
528 4674 5885 
3990 3709 4047 
3577 970 4484 
970 3548 4484 
427 6053 7493 
3021 2141 8820 
1320 2844 3579 
5397 287 8689 
1973 1184 5603 
6351 1973 7274 
7898 5807 8977 
3007 1216 3581 
5514 2781 6729 
3582 2704 6213 
7246 3012 9688 
551 2807 6836 
956 681 6010 
86 1020 5826 
6356 4717 8121 
8121 4717 8992 
7687 6286 9558 
6285 3008 9612 
3587 2615 7398 
2005 4694 5152 
5058 1663 8315 
2457 3396 3588 
4595 3421 6512 
1457 4595 6512 
1831 4496 9425 
1401 3436 3590 
194 2528 3591 
2528 2288 3591 
1007 2521 7799 
4996 79 6772 
3685 2698 4907 
1985 2592 3593 
190 3019 3594 
3019 2292 3594 
2740 2286 3998 
67 1807 9090 
3594 2292 9036 
8326 3594 9036 
4495 4188 4623 
1605 3995 6374 
3929 3598 5538 
3677 3929 5538 
3898 6351 9997 
7457 2187 9997 
6270 2242 7946 
2732 6270 7946 
507 1626 3601 
9434 3119 9806 
3933 2654 7956 
2416 3933 7956 
1592 3603 4522 
333 2088 4317 
7505 5613 8042 
6036 3604 9695 
7708 281 9276 
6332 4375 6790 
247 4910 7392 
1447 3299 4814 
3607 1472 7792 
2934 2086 7792 
3034 2293 6044 
2293 5863 8607 
1092 3609 9896 
6741 86 7689 
881 313 5447 
3278 1829 3652 
158 5790 9185 
3241 1090 3611 
3317 3612 7425 
3317 2953 3612 
2275 1560 6200 
1560 1342 6200 
2295 8996 9980 
5735 7887 8996 
3623 1869 8025 
1738 7848 9396 
1737 3564 5051 
4087 2549 9801 
2501 3617 6442 
399 2587 5422 
215 1953 3618 
1953 830 3618 
5140 6659 8967 
5012 1808 7424 
2614 1566 4326 
960 2106 8101 
6631 2724 8142 
1681 331 6492 
1530 3622 6711 
3218 7895 9456 
4059 3187 4795 
2923 2581 6087 
9597 9377 9779 
5929 772 7598 
76 4080 4859 
764 8124 8613 
4964 3454 5257 
4031 3626 6251 
680 3627 3992 
1912 680 3992 
5003 4037 7013 
641 4189 6988 
5182 7741 9293 
2742 1596 6353 
2521 4040 6017 
1771 2267 9949 
4033 5445 7444 
4673 6506 9529 
3632 2087 6282 
3141 8394 8788 
3633 3705 7975 
4393 3633 7975 
6126 6411 9969 
8642 7152 9969 
1355 3635 4394 
2722 644 4394 
7609 3636 8169 
3636 1772 8169 
1499 744 7285 
744 2823 3637 
4926 4307 7547 
432 679 3638 
1246 5678 8291 
7620 4160 8291 
2085 5484 9980 
3614 2085 9980 
3717 2776 4218 
2576 3786 7125 
2193 2069 8244 
3642 2537 8244 
2680 2506 4148 
5164 6396 7556 
3644 5487 6012 
3893 5487 8028 
6030 4238 7199 
5388 3645 7732 
3202 100 3646 
6360 3749 9473 
3647 2519 7455 
5576 96 5740 
7323 5314 8997 
5813 4163 8733 
1269 3649 9875 
1258 1269 9875 
914 3650 3824 
3195 8056 8476 
4116 2769 8806 
2896 969 3651 
3652 1829 8890 
763 2777 5765 
1465 2845 3653 
2782 6754 7786 
5181 4426 6052 
1192 5268 9628 
5594 8250 9145 
2967 4502 6251 
1569 1857 3656 
1666 4255 6494 
1262 2942 5274 
3025 1262 3657 
3658 1426 3774 
6437 7157 9386 
446 1067 8259 
3175 2350 3659 
6485 1092 7312 
3833 6485 7312 
5916 2540 6690 
8712 6690 9850 
3590 3436 9425 
2491 2481 5747 
5460 169 9691 
4263 4204 7044 
1557 7008 7508 
3543 1557 7508 
879 2803 3665 
3232 109 5387 
815 3218 6711 
3622 378 9192 
3667 298 7694 
7441 277 7694 
3668 3737 4221 
5190 303 9696 
1774 2639 9475 
5370 2228 9845 
1881 3443 3670 
3443 586 3670 
3107 7044 9037 
3500 2586 3671 
2785 3672 7938 
7898 5462 8202 
8031 2297 9152 
2297 7737 9732 
1718 1938 7446 
500 1123 4628 
3170 1994 3675 
1835 3468 7961 
98 3676 4398 
4972 7977 9024 
4540 4030 7413 
3298 2270 3677 
1124 5425 8278 
6118 2291 9853 
2066 5865 7368 
2334 1287 4467 
3680 3115 5733 
3115 843 5733 
4873 3681 6896 
3681 1305 6896 
5748 1869 9942 
1869 3623 9942 
4797 3683 9117 
8131 440 8275 
2243 553 9884 
5632 4587 8076 
2698 1985 4907 
6944 4902 9759 
3349 3686 4468 
3349 1682 3686 
5357 3687 7873 
3687 5357 6722 
2339 2563 3688 
2563 1490 3688 
1952 7351 9618 
4198 1930 9618 
2241 5827 6164 
3894 2365 6206 
870 3106 3691 
3106 3044 3691 
6427 78 9660 
557 1545 4223 
4199 2013 7856 
37 5080 7145 
3790 2012 8558 
4409 3790 4582 
362 2449 5954 
1518 1409 4532 
3909 3696 5491 
7932 3625 8124 
3101 4924 5030 
4572 3256 9931 
3698 5381 6041 
2622 3698 6041 
6 5189 8981 
6 4790 9268 
5539 806 6964 
4620 3700 8333 
2538 1507 3701 
2795 6094 8848 
1839 962 3702 
962 3482 3702 
714 5957 9431 
733 1126 8787 
858 4564 4763 
4047 3709 6549 
3452 5905 9994 
3633 2801 3705 
667 2405 3859 
667 3859 9935 
1115 3010 4121 
3313 1947 7380 
1723 2459 3708 
2459 2369 3708 
3576 3990 4047 
528 4047 6549 
136 7423 9814 
9118 9272 9855 
1000 3711 6508 
2621 6078 7081 
5474 7593 9738 
3712 2915 7171 
6750 1000 7081 
6750 3713 6821 
623 3169 3714 
6137 1984 8728 
2415 1892 4412 
2396 2415 4412 
657 3735 8762 
3716 5249 6341 
4218 494 6130 
2776 494 4218 
7367 3084 9561 
504 1129 6344 
237 2175 9656 
1111 1999 9719 
5875 6724 7866 
2959 3669 3720 
2066 2324 5865 
4510 5101 9838 
1514 1135 3827 
374 1514 3827 
3461 5594 9145 
8841 3461 9145 
10003 10000 6308 
4422 4572 9635 
3725 355 6649 
8334 7475 8686 
5323 3726 5654 
3611 158 9185 
6408 4367 7348 
7731 3579 8578 
3728 2972 3828 
2972 2938 3828 
4719 5761 9711 
832 6001 9144 
3031 5284 5630 
1748 4570 5069 
1616 1525 9727 
3731 5593 8326 
2978 6764 7079 
5109 4094 9808 
197 1918 6197 
2120 1094 5130 
5781 4869 7682 
2126 5646 8430 
3959 5403 6411 
695 2700 8768 
8688 5404 9419 
7190 3736 8845 
3804 3728 8332 
3668 2548 3737 
2081 4712 6107 
9757 7373 9864 
410 3286 3739 
3286 769 3739 
7179 8262 9978 
7978 9576 9704 
4348 4326 6243 
3517 2474 3741 
618 1531 5710 
2687 1909 3742 
536 686 3743 
2651 536 3743 
1962 590 7773 
4717 1516 8620 
2609 7924 8237 
2935 2609 3745 
6802 6658 8811 
4050 3368 7167 
1187 472 3751 
4743 3080 7991 
6241 204 7222 
7900 712 8751 
778 405 4076 
1003 4246 6567 
2932 2182 7332 
7332 5878 9321 
3751 472 8098 
1187 3751 4920 
2372 2435 4390 
5426 1119 6859 
4039 3753 4896 
359 3799 6727 
1946 6686 9888 
43 1946 9888 
1798 26 3755 
497 1798 5457 
3756 2741 3814 
2741 1733 3814 
6644 5486 8176 
1195 4591 5486 
3732 2474 3758 
6764 8644 8764 
3408 6826 7716 
3408 2814 6826 
4255 5399 8134 
252 909 4255 
6811 2255 8956 
5700 6057 9868 
5064 286 9722 
286 298 9722 
1027 3522 3763 
1501 8397 9770 
2169 6814 8229 
4771 6263 7318 
3384 3156 9539 
6303 5224 9792 
4216 6700 8019 
1501 7185 9435 
3767 8023 9129 
7253 2862 8023 
127 4379 6064 
596 7990 9775 
1596 4635 5405 
2052 612 5405 
10000 3553 8876 
2424 5489 6277 
4961 182 9595 
2427 414 7618 
2317 396 6602 
2926 5255 7390 
3008 3205 3773 
3205 3266 6286 
3012 1872 9688 
1600 10002 9867 
3775 2488 9890 
2513 3416 8603 
3776 5409 6528 
3512 3718 3776 
6845 3701 7690 
1421 2795 8848 
1673 2838 9002 
3376 952 3778 
5922 4327 6475 
7081 6078 7939 
1864 1757 3780 
1757 3692 3780 
111 1706 4828 
265 5824 6296 
329 3782 5802 
2624 329 5802 
775 3260 3783 
3260 3250 3783 
1852 55 7284 
1375 3987 9749 
7157 10002 9688 
9104 7246 9688 
5294 3889 7480 
540 8037 9026 
3448 848 5232 
3956 3787 5232 
1111 6825 9098 
1945 2219 7165 
3578 233 6073 
6073 233 6869 
2012 3694 8558 
3694 905 8558 
3333 1164 7808 
1422 1648 4254 
5011 1286 7007 
2024 5011 5107 
3793 546 9598 
111 3781 6461 
2228 982 3794 
982 2228 6504 
8494 4396 9573 
2252 2387 6301 
2200 7882 8675 
2092 4695 7474 
567 5829 7963 
388 4820 9936 
18 3094 3798 
3094 1377 3798 
1371 3521 3988 
1823 1371 3988 
2573 1148 3800 
1148 3213 3800 
2338 416 8211 
6745 6472 7242 
7066 2397 7421 
3255 2790 3802 
3803 1230 4267 
1230 2408 4267 
2980 5190 9696 
1002 3728 3804 
2288 2528 7096 
2222 4364 9580 
6577 2351 9040 
2899 1594 5351 
2948 3807 9798 
7950 853 9798 
1199 7109 7265 
3808 1297 8814 
3340 1686 7341 
1686 1217 7341 
1307 2374 5808 
5518 3810 5808 
1479 2800 3811 
2800 3605 3811 
1268 3610 3812 
3610 2136 3812 
3301 3491 3813 
3491 59 7100 
1733 1679 7899 
1679 5470 9376 
3815 3684 9863 
1445 3030 6905 
1549 3332 3816 
81 4785 6616 
2705 484 5979 
10002 7 9688 
4242 3818 5663 
1438 2796 4817 
5410 3585 5456 
3585 3163 3966 
3114 851 3820 
3181 3114 3820 
1074 2746 3821 
2746 2127 3821 
94 642 3822 
642 3673 3822 
2237 1813 4295 
4720 4295 5602 
734 3824 9492 
734 3195 3824 
5240 3825 6957 
4048 4562 7668 
1791 4618 7031 
1791 3662 3826 
5616 6174 8403 
3827 7267 9247 
1788 365 9239 
3668 4221 6791 
1387 3784 3829 
1529 1375 9749 
983 4551 8815 
3489 2955 3830 
3324 3941 5945 
3457 3884 8169 
1042 2260 6246 
8545 7382 8673 
1020 3609 4678 
5576 1450 7312 
1422 3071 3834 
1679 2873 8451 
1694 4305 5830 
2265 5972 8591 
2843 4818 7997 
1909 3836 7997 
241 2114 4418 
160 3837 4696 
1220 2504 3838 
2504 2753 3838 
3477 3070 3839 
3036 3477 6270 
3840 785 6028 
5655 245 5896 
3635 3533 8951 
1355 644 4336 
707 561 8051 
3842 4850 5221 
29 1858 3843 
1858 5675 6039 
1213 3066 4350 
2580 1213 4350 
553 5629 9884 
6564 2040 9230 
8391 2670 9433 
1020 3584 5166 
3847 4317 9921 
1203 886 4578 
6547 2649 8720 
3305 4786 9987 
1534 4788 5732 
3849 1534 5732 
267 3251 4973 
562 1134 4344 
451 863 4826 
3851 2149 5067 
3852 2488 7461 
3416 3852 6268 
3825 2137 6957 
6216 2973 8929 
4236 1339 6419 
2730 808 3854 
2786 3855 4471 
75 2786 4471 
5099 1343 8032 
9092 7139 9507 
3862 2825 4043 
3857 2661 9214 
215 3618 6744 
1759 215 6744 
1026 3706 3859 
1393 8933 9935 
2231 3519 6170 
92 6645 8388 
535 309 3861 
680 4145 8236 
1494 2825 3862 
2503 5237 9167 
7335 805 9312 
6709 805 9981 
5169 3786 7917 
919 3786 3864 
3865 1900 8512 
1900 2273 8512 
3326 3057 8217 
1370 3326 8217 
1776 4944 7816 
102 4045 9439 
5044 5467 8148 
5529 440 9313 
2313 3403 9869 
3800 3213 5562 
2848 3870 5154 
3318 915 5154 
3239 2423 3871 
2423 3395 3871 
724 3872 7041 
8904 1415 9887 
2352 256 3873 
256 3330 3873 
8644 6764 9793 
5109 3741 8637 
4725 8492 8740 
3875 4062 7625 
2407 8417 8592 
2466 406 3876 
1385 6470 7952 
1385 1780 4025 
0 3615 4475 
2157 3878 6219 
7789 4862 9636 
3675 979 3879 
3880 2161 6272 
4929 593 6272 
442 2890 3881 
2219 74 7222 
2208 137 7172 
8081 6679 9345 
2325 1994 7109 
2037 2937 3883 
2006 7609 8169 
2408 2071 4267 
1822 5150 9043 
2235 302 7174 
5522 7335 9312 
5768 6743 7335 
1159 1976 3887 
3522 1159 3887 
2562 708 5299 
708 881 5299 
3786 2576 7917 
4297 5169 7917 
8191 8114 8879 
1266 2577 4358 
1457 1351 4071 
2160 1567 6051 
3892 1434 4620 
2519 1434 7455 
1816 1926 7129 
3427 3644 6012 
6900 7073 8435 
2365 4028 9062 
5376 3009 9560 
369 1755 5376 
2349 5615 9975 
2675 2432 4736 
1763 7439 9963 
2444 1763 3897 
1184 3898 7334 
7583 6502 9866 
2264 3469 3899 
3469 1654 3899 
927 741 6391 
1399 629 3900 
2207 1117 3901 
2477 412 7114 
2799 1555 5770 
3902 4170 4679 
77 2568 9041 
1609 4405 4793 
1577 1524 3904 
1420 4023 8631 
544 3905 4010 
5651 1521 8071 
7311 856 9130 
4846 2785 7938 
1393 2475 3907 
3481 1393 3907 
9377 4752 9779 
4752 1392 9779 
2655 3909 6338 
3476 2655 6338 
2549 1653 9801 
812 1055 6520 
3411 443 4686 
5656 3623 9616 
9314 2140 9653 
1952 128 7351 
3913 5018 8812 
7064 2069 8812 
131 1161 5749 
3322 2674 3914 
1807 2035 3915 
2035 2546 3915 
296 183 6271 
146 296 6271 
918 2718 6312 
3695 5118 8220 
3981 6917 8714 
10003 2702 5304 
4231 5658 7770 
1531 4711 9078 
5590 5433 8515 
6175 432 8225 
7636 4583 9751 
6501 3921 7267 
6806 6053 9018 
4414 1059 9568 
10001 6377 9035 
4004 4428 6719 
1078 940 4894 
940 880 4894 
4787 6372 9127 
3925 4787 9127 
3638 3926 7205 
1195 2238 7205 
193 5493 9695 
7505 4656 8228 
3928 4238 6030 
3064 272 6152 
2270 1950 3929 
3677 2270 3929 
4417 2056 6287 
4624 9410 9481 
2417 5682 9446 
4508 5642 9195 
2519 2941 3932 
2941 2178 3932 
2772 1037 4624 
1037 650 6955 
952 3376 8574 
2011 1038 9668 
1640 7064 8812 
2344 3062 3935 
503 1467 9683 
3161 6793 9683 
3937 5533 7929 
3709 921 7929 
2458 3366 4975 
4659 4310 7798 
1046 3703 3939 
3703 714 3939 
789 1735 3940 
3111 4513 7249 
2276 4267 6828 
2276 4118 4960 
4272 4177 9918 
1353 2875 8757 
3943 4142 4770 
2995 206 3943 
868 1730 8783 
3149 3944 7733 
3945 2186 4609 
2186 1591 4609 
1385 6034 9490 
8922 5634 9490 
8603 3416 9734 
2947 902 6268 
1985 4349 4907 
2088 4088 4485 
2469 3268 3949 
3091 8045 8819 
4295 709 5602 
5410 5171 7773 
1465 3951 7465 
810 1306 4903 
4954 3811 6330 
3952 404 6773 
2397 239 3953 
3802 7066 7421 
4607 5262 8587 
4182 8271 9354 
382 1011 4453 
4772 382 6214 
254 2779 7027 
452 2840 6605 
2458 4975 9684 
3131 2458 9684 
1572 3588 7411 
3396 3958 4660 
2398 1146 5403 
640 3959 6179 
3556 6462 8007 
3999 2138 6893 
8127 3961 8447 
961 8127 8447 
110 6279 9839 
326 2269 3962 
2696 2817 6915 
2917 1064 9602 
2295 4242 8586 
4165 833 4877 
4164 4456 6455 
2685 5111 7936 
3819 822 5093 
822 3744 5093 
955 1253 4063 
3688 3291 4324 
6264 2462 9596 
1579 160 3968 
3969 434 9267 
8242 7206 9463 
196 1921 7478 
1595 2020 3970 
4176 3971 7962 
4176 1960 4832 
5763 5136 9411 
1338 2892 3972 
3533 1355 9242 
7483 644 9335 
1564 122 3974 
122 2014 3974 
767 1839 5043 
4569 2446 8565 
7858 3498 9647 
2022 3976 5753 
1441 2735 5905 
3452 1997 3977 
1242 93 3978 
2628 1242 3978 
1427 70 6555 
3806 1594 9040 
187 1943 5936 
390 1819 5879 
1937 7521 9379 
3918 5304 9186 
1979 948 5975 
2773 1248 6873 
2675 2422 6696 
2432 2675 6696 
6875 4127 9180 
4810 2177 6633 
4681 4067 6585 
557 4223 9449 
153 1553 3986 
1553 1923 3986 
5263 5549 6234 
3179 765 6234 
359 1729 5535 
3988 3521 7553 
2155 2025 9207 
3906 7938 8314 
8082 343 9238 
3576 2253 3990 
2393 8483 9047 
2907 3060 3991 
1016 2620 3992 
3627 1016 3992 
3769 63 3993 
3520 3769 3993 
3106 870 5775 
4277 1392 9842 
4188 3597 6626 
6862 842 7287 
2419 3801 3996 
3801 2338 3996 
5010 5986 6459 
600 5010 6459 
3431 1624 4069 
416 6004 6834 
473 3186 6853 
1091 3556 8007 
4000 4922 5684 
4557 450 5154 
4001 449 7116 
179 3121 4001 
5436 1927 6215 
5599 1599 8034 
4464 922 9742 
716 2423 4003 
761 4768 8616 
4428 4004 8616 
2614 2346 4827 
3741 1789 4005 
6535 6526 6656 
4753 6948 7302 
3626 4031 6908 
4992 1574 5850 
1070 4008 7391 
2797 1017 9171 
4081 2860 7629 
4009 4081 5203 
65 4905 7536 
3905 2761 4010 
5786 5442 8353 
3290 4860 9387 
1000 6508 7081 
5300 6974 7939 
3858 4013 9731 
3232 2274 7719 
1817 4764 9644 
2822 3371 4764 
164 4289 6689 
4015 164 6689 
4581 4016 4758 
4240 4758 9572 
3186 1315 4079 
2910 4669 7571 
4440 2217 7316 
182 768 6275 
2704 3348 6213 
2781 1806 6729 
1667 4110 6614 
4486 1214 6866 
1032 6146 7755 
807 1028 9728 
152 14 7780 
222 3099 4596 
1266 258 9819 
4602 9091 9819 
6586 476 7498 
6574 8662 8975 
3727 4249 6408 
364 1972 7700 
5663 3818 7927 
1022 6583 7927 
4950 4027 5947 
2476 2972 4027 
1406 1466 4028 
2365 3894 4028 
3994 4029 9768 
3994 1113 4029 
4882 3677 6326 
3298 3677 4882 
5279 5583 6815 
1660 227 4502 
1467 3936 6269 
2595 193 4778 
2641 3895 4033 
1896 5596 7924 
2752 495 4034 
1843 2752 4034 
3570 2809 7774 
2723 84 4361 
7261 7896 8230 
351 7261 8230 
717 1607 8099 
2920 5003 7013 
2653 2867 4038 
2867 5617 9923 
368 2367 4039 
2367 3753 4039 
846 243 6655 
3592 5812 7799 
1723 803 4041 
4658 4097 9323 
6283 3507 9649 
3227 2149 4042 
4043 4492 7197 
3310 2534 5550 
2067 4383 6222 
4998 6077 6222 
2697 578 4434 
760 2697 4434 
1364 1885 4046 
4046 4741 6803 
1170 528 6549 
3704 1721 6549 
2373 1424 7778 
5240 6678 8350 
2320 2325 4049 
2325 1199 4049 
2877 3368 4050 
290 4050 7167 
1799 248 6476 
725 1799 6476 
8177 2254 9584 
5476 4052 6596 
1204 3076 5885 
7612 5074 7801 
3646 100 8039 
3052 829 4054 
1301 1172 7811 
1172 2148 5324 
2535 3138 4056 
3138 1969 4056 
4081 2522 5454 
2860 4057 8436 
2766 2112 4058 
7539 4145 9814 
1744 3490 4059 
3490 2529 4059 
929 1397 4060 
1397 3308 4060 
7275 3023 8727 
4183 6216 6678 
423 8771 8914 
2882 3128 5615 
955 4063 4324 
6536 8057 8058 
754 1046 6937 
449 2861 4200 
4136 4607 9885 
8271 4542 9354 
2588 2102 4153 
2588 4153 9465 
4790 6 8981 
4275 4681 6585 
7305 6416 9898 
4068 6416 7305 
4152 3998 8360 
8437 2286 9938 
378 2640 5904 
2640 1578 9125 
4071 1351 6051 
4986 1628 6975 
2978 7079 8489 
2978 2167 6764 
4786 3305 8472 
6572 3561 9285 
4168 1862 4986 
3589 2936 4074 
503 2681 4075 
1291 3936 4075 
9296 1740 9843 
4076 5898 6360 
3617 2501 8936 
5683 1353 8794 
1428 4078 5481 
5832 2780 6559 
5174 4017 7136 
4017 1786 7136 
7182 5510 8321 
1419 4080 7809 
2860 4081 5454 
4009 2522 4081 
1688 344 4099 
344 1194 4099 
2087 3632 5984 
2979 4083 7833 
2257 9610 9874 
3850 7280 8126 
6780 4245 8519 
2865 4085 5572 
497 5457 9614 
1018 1511 5168 
4318 3910 5297 
5115 1970 6003 
3948 8652 8900 
3685 4088 8900 
2572 1250 8224 
1250 2927 8444 
1058 4090 8755 
5335 4575 8755 
1278 2196 4091 
5167 2196 6072 
3312 3630 6017 
243 3312 6017 
1456 155 4093 
3564 1456 4093 
4094 3014 9808 
1789 3741 5109 
499 400 5764 
5711 2043 5764 
534 5357 7611 
852 1399 5186 
4097 4658 9591 
1711 511 5269 
3459 740 4098 
3467 3459 4098 
4099 2968 5271 
4082 1688 4099 
34 4100 8111 
34 1405 4100 
6000 2818 8716 
2140 4683 6177 
3654 139 6043 
5040 3944 6178 
1197 4345 7656 
6235 492 7656 
3052 3318 7915 
778 4193 8309 
1612 1652 4105 
3040 1612 4105 
5303 4150 9685 
3242 1891 4106 
4107 289 8455 
1938 1718 4107 
2865 1257 4108 
4245 6180 8519 
3323 2046 6294 
2666 4109 9404 
8233 8010 8585 
1076 4020 4110 
579 4111 5545 
3400 223 4111 
140 1605 4112 
6374 272 9690 
4113 974 8285 
974 4113 9605 
4114 1294 8827 
2702 2514 4114 
3433 603 6339 
2085 3640 4227 
7893 5978 8810 
3651 969 4116 
7 3270 4117 
3270 3164 4117 
3457 2059 4118 
2059 3941 4118 
4807 399 7916 
2522 4009 4119 
5527 4120 9391 
1125 6357 7805 
2393 1115 4121 
5797 89 8150 
6366 6554 9368 
7554 2541 8431 
6779 5759 9578 
2800 3546 4598 
2228 3794 9845 
192 917 5831 
2787 280 6748 
2616 2787 6748 
4381 60 6560 
4126 4120 5527 
8647 746 9416 
565 6633 9524 
4820 3797 9936 
3797 2545 9936 
4129 6606 8502 
1356 4129 8502 
3984 2359 8235 
1525 1133 9727 
136 1912 7423 
353 4388 7539 
3701 6094 7690 
7156 2951 8193 
5887 4131 7423 
4131 3539 4133 
2959 3720 4134 
3720 3468 4134 
101 3920 4135 
3920 474 4135 
692 4065 5965 
4607 4136 5262 
2036 368 4137 
368 2759 4137 
1189 2787 4138 
2787 2616 4138 
1597 2407 8592 
3428 3831 4139 
4202 4419 9631 
2668 1694 5830 
1597 539 8312 
8343 5085 8417 
1504 4142 6365 
2931 5731 7886 
1993 6098 8598 
1993 627 6979 
4059 2529 7680 
3187 4059 7680 
4365 4058 9156 
6242 4243 9118 
2794 3102 4300 
4613 954 8669 
6736 8698 8840 
965 1581 8680 
415 907 5443 
3503 6298 9000 
3096 389 5190 
2980 2471 8136 
1180 123 4565 
514 5303 9685 
2039 3066 4976 
4244 939 7456 
2286 4733 9938 
4733 8333 9938 
3997 1446 4153 
4066 1923 9465 
2597 2972 4154 
4158 2597 9162 
817 999 4395 
3995 140 6862 
6051 3589 6975 
803 1723 9794 
6072 2362 9303 
4157 5167 6072 
1741 361 8073 
4561 1887 9563 
9462 6799 9892 
6025 3022 9675 
2366 1577 4160 
7825 2656 9966 
572 5897 8624 
6970 5400 8794 
583 3380 4442 
4442 5160 9428 
4163 5813 6728 
410 5021 9676 
4262 2100 4384 
5082 5094 5882 
833 340 4877 
1859 3549 5689 
4166 5616 8403 
3722 3921 4166 
1473 6548 8623 
6548 1473 7001 
3465 1896 9934 
6346 5921 9678 
823 2057 5005 
7516 4416 9114 
929 4060 8576 
411 6636 9860 
696 835 5201 
5300 5073 7849 
1402 799 6109 
5310 607 7382 
4173 2279 6912 
7189 5573 9667 
4575 4282 8320 
2989 4608 8311 
455 7734 8239 
2868 1967 4175 
1960 1906 4832 
1960 4176 7962 
4177 1207 6985 
1207 4077 6985 
4541 4836 9167 
2503 3960 5237 
2061 1674 4179 
172 2317 6602 
1036 1515 4703 
4180 726 7933 
3357 4951 7705 
2961 4157 4732 
5821 5668 6121 
249 3954 6244 
4183 2775 5363 
1844 2775 4183 
4790 4184 6857 
4170 3902 4184 
650 3933 4185 
3933 2416 4185 
4096 1512 8153 
4214 759 7873 
7813 4187 8522 
4084 1202 4247 
819 817 4395 
228 7636 9751 
7349 4189 8663 
641 2956 4189 
4190 1538 5468 
1538 4190 7619 
141 4830 7987 
4191 834 5859 
3473 4192 4386 
4057 2860 5454 
778 4076 4193 
4586 3749 6360 
1954 4144 4194 
3601 1626 4194 
543 1522 6558 
2998 119 4195 
7853 792 8776 
5108 4196 6881 
2159 1419 9550 
4120 2129 5688 
138 2991 5840 
9294 8064 9717 
4199 3420 6847 
2013 4199 6847 
4064 3193 5328 
3193 325 5328 
4880 4201 9942 
4880 6087 9920 
6301 8722 9822 
5820 4566 8154 
8501 4203 8772 
1831 8501 8772 
3663 4263 7044 
544 1347 4935 
1822 3389 4205 
3463 1822 4205 
7482 4865 9318 
3718 3512 7482 
4023 4602 6571 
1266 3167 4802 
4520 7574 8405 
5371 3889 7430 
1742 7996 9472 
3971 1151 7962 
1809 3230 8877 
3156 3384 4834 
3409 1322 8407 
3498 3409 6211 
867 3264 5653 
1619 867 5653 
4230 6624 9926 
4780 3613 9025 
3303 2296 4214 
759 5357 7873 
2411 4208 4215 
4208 5371 7430 
6693 33 7213 
2463 6693 7213 
3321 726 5220 
1515 3467 4703 
5233 3529 8507 
3641 4218 6130 
2115 628 4219 
2404 2115 4219 
1977 3978 7683 
3343 1977 7683 
4314 3668 9753 
6791 3728 9753 
751 2672 8049 
3237 2150 9228 
3985 7386 9464 
4223 3780 9449 
3501 4633 6628 
943 646 4530 
548 3685 8900 
2088 333 8630 
2543 3502 8998 
5544 2401 5995 
342 5894 7631 
2480 2295 5484 
2678 5250 6082 
4228 5250 6046 
3115 3680 4611 
2412 791 4611 
6711 3218 9456 
6200 8038 9913 
4231 4236 5267 
6419 2267 7176 
1803 3065 4232 
3065 2468 4232 
263 2722 4233 
644 1355 4394 
1083 294 4872 
3108 464 5211 
7879 4628 8869 
5045 2122 8869 
2182 2665 8258 
2665 52 4236 
2627 6167 9783 
8879 4016 9783 
573 3458 4238 
3458 945 4238 
2760 886 9921 
3847 4239 8080 
3167 1266 5319 
8291 3167 8462 
4141 2102 4241 
2970 10 4241 
3413 2295 8586 
2295 3818 4242 
224 391 4243 
6369 8461 8518 
2039 4976 7456 
1108 3065 4244 
185 4823 9604 
8887 3102 9604 
2198 3749 5216 
3782 2198 5216 
1328 4084 7947 
4247 1202 9729 
1922 3350 4248 
3350 3557 4248 
5285 6408 9290 
4249 5217 7188 
2243 1171 5525 
553 2243 4250 
8516 2021 9479 
2960 5106 8442 
753 4335 7294 
1088 2425 9569 
2653 519 9510 
519 3379 4253 
3791 3001 7808 
3001 3333 7808 
2509 3228 9324 
252 4255 8134 
759 2281 4256 
2281 4214 4256 
181 6396 7685 
3329 1632 4257 
1435 6573 8120 
2637 1435 8120 
2521 3536 4259 
4519 4040 7548 
2394 1120 4260 
1793 2394 4260 
5203 6996 9909 
4261 1621 9909 
9213 4904 9725 
4164 2100 4456 
2761 544 4935 
4204 3500 7044 
5259 5806 8425 
2363 627 5806 
4377 3430 5935 
3477 3036 7256 
4603 2644 7422 
3096 4603 7422 
2071 3884 4267 
3884 3457 4267 
3023 1242 4268 
3555 3023 4268 
4269 3303 8318 
694 2296 7875 
2462 6202 9596 
3552 4270 5199 
6222 4383 9983 
4998 6222 9983 
4177 3942 9918 
1665 4177 4272 
2499 296 4273 
296 146 9999 
4521 6606 7649 
1838 4521 7649 
1305 4275 6585 
1336 4067 7651 
4327 679 6475 
7988 6821 8086 
870 732 9842 
5775 870 6885 
794 3474 4278 
5146 358 6173 
1165 4048 6091 
1777 6890 7499 
2029 8358 9392 
5814 2029 9830 
1568 7563 8849 
2429 2044 4988 
4282 6127 9484 
6127 4816 6837 
4044 1249 4283 
2461 7440 9828 
2551 3393 4284 
3393 3488 4284 
3650 3284 9451 
1591 1907 4609 
724 2633 4286 
60 4381 6786 
3406 2234 4287 
5907 3097 8795 
3223 4124 8018 
3669 5370 9845 
3123 1514 6914 
1514 374 6914 
291 4290 8234 
2657 798 4290 
365 3103 4291 
3103 1145 4291 
4292 4757 7394 
4505 7422 8702 
877 95 4293 
2718 4253 6763 
4751 8114 9968 
1167 154 8191 
1882 5410 7773 
3744 822 8401 
4296 2910 7571 
6495 1000 6750 
71 3889 4297 
3864 3786 5169 
612 2247 4298 
2247 6849 7143 
2128 2950 4463 
7889 6310 8402 
3102 2794 9604 
4300 144 7276 
6574 8975 9166 
1066 7144 9956 
2434 1683 4302 
3130 3225 6543 
991 2656 4303 
2543 3304 5779 
774 4333 9396 
827 6966 9286 
5344 5830 9631 
5534 1649 6555 
2688 3058 7649 
1373 238 9111 
432 4307 6819 
432 3638 4307 
55 1852 5438 
3144 4308 4516 
4309 2981 9491 
8 7059 9756 
688 3903 9488 
3317 7425 9488 
2827 1999 8908 
1111 3788 4311 
1764 4312 8770 
4990 8477 8770 
7201 2264 9444 
2511 489 4313 
3728 3828 9753 
365 1788 6267 
8070 3542 9316 
3040 4315 9039 
588 393 4316 
414 1190 9837 
1727 6777 9467 
334 2891 7503 
3694 4318 7979 
3694 2012 4318 
4759 8504 9650 
2487 4704 5037 
804 1331 4320 
5800 190 5902 
8020 10001 8763 
1140 1127 8831 
422 521 7943 
1006 2903 4511 
1701 1526 4323 
2571 575 4323 
1253 6238 7347 
3967 3688 4324 
7278 276 7678 
382 889 6214 
3620 2230 4326 
4326 1566 6243 
2090 2804 4327 
2804 679 4327 
4328 2381 8063 
565 2381 4328 
3309 997 4329 
997 2220 4643 
2065 5383 6629 
1860 2065 6629 
1676 612 4331 
612 2052 4331 
4338 2682 4548 
4332 4338 4548 
8872 4304 9948 
4475 3878 7551 
3445 469 7240 
2396 6292 7818 
3390 2927 8552 
3390 8552 9225 
4336 209 9242 
607 818 4339 
1910 2352 7650 
3873 643 4337 
2168 6714 9985 
3582 2168 4338 
1099 5310 7382 
209 4336 7483 
4340 3922 7714 
3513 4991 7360 
5737 5379 5924 
4101 2857 8954 
5760 8650 9861 
3871 3395 4342 
7024 9306 9910 
6117 2439 7046 
1134 267 4973 
3850 2473 4344 
492 1197 7656 
2216 6235 7656 
3608 1271 7115 
3233 5475 8144 
3441 4849 9468 
6063 2233 9713 
3620 4825 7721 
2775 397 5363 
1985 3593 4349 
3593 2008 4349 
3066 2039 4350 
2039 3844 4350 
5374 6289 7248 
7248 6289 8408 
7193 423 8914 
3836 4352 9562 
934 3677 7658 
7658 3598 9526 
643 1796 4699 
1455 4337 4699 
5367 530 6852 
4128 4355 8656 
1419 3625 4356 
3508 764 8613 
4357 6675 7984 
1721 1170 6549 
8406 351 8550 
884 3167 5319 
2433 83 4359 
4359 8547 9692 
6635 4360 9393 
94 3822 4360 
3570 4035 4361 
1801 2723 8024 
493 4362 8094 
2549 4087 4837 
1655 1309 7639 
3793 4363 8175 
2300 6016 7794 
312 5967 7048 
4133 3539 4365 
3539 1362 4365 
964 5459 9670 
3679 2819 4366 
2919 5285 9290 
7188 2689 7589 
4896 3753 6727 
460 4896 6727 
540 1870 6171 
2479 424 9575 
6919 1062 8277 
2532 5856 6831 
560 3714 5416 
2634 3587 7398 
1539 3197 5798 
687 4372 5798 
2183 2643 4373 
2643 2284 4373 
3659 2350 6145 
109 3232 7719 
2841 3048 7558 
9227 7558 9607 
1790 6335 7020 
4376 7030 8839 
581 2199 7244 
2199 3430 4377 
1453 7153 9387 
159 5786 8093 
127 1112 4379 
1112 2697 4379 
4380 161 8003 
161 8326 9036 
1285 1537 5687 
4286 2633 6786 
4382 986 9504 
6739 718 9804 
4190 4383 7870 
5451 7459 8184 
3018 2685 7936 
6932 6455 8622 
1205 3226 4385 
2073 1205 9876 
3473 4386 8943 
3484 3473 8943 
154 2045 8387 
5992 4240 9572 
4388 353 7698 
7698 6125 8236 
4663 270 8036 
1987 4770 9424 
8302 5426 9427 
658 3521 6634 
4592 357 8259 
4374 7296 9005 
4392 4396 6651 
4796 4392 6651 
549 2306 9474 
4393 4629 9778 
1785 4233 4394 
4233 2722 4394 
4188 4495 4583 
3597 4188 4583 
840 2986 8494 
4392 3795 4396 
2676 1391 6283 
4517 1651 5528 
1300 4900 8201 
3676 2667 4398 
908 6369 8518 
3710 5490 6669 
5750 3325 6590 
6489 310 7616 
1434 2583 4620 
3516 3700 4620 
1636 892 4402 
892 3480 4402 
2006 348 6310 
6310 348 8402 
7019 1966 9773 
2451 8958 9160 
4405 2453 4914 
2453 2855 4914 
4763 4564 7378 
4357 3704 4406 
1628 4759 9650 
4759 2280 8504 
4408 6933 8808 
3711 1000 4408 
904 3387 6921 
2012 3790 4409 
4190 4410 4800 
1748 864 4410 
6543 1683 8920 
3225 579 6245 
1892 1447 4814 
2396 4412 7240 
4111 579 4413 
3121 179 6106 
1059 4414 7756 
3922 4340 4414 
1017 2974 4415 
2985 1017 4415 
3735 657 4416 
5005 2057 6969 
124 5623 9176 
1827 4856 9604 
4919 4418 6009 
4418 3552 5199 
2668 5830 8005 
4305 5860 9631 
2232 2768 4420 
2768 1691 4420 
704 2392 4421 
1070 1196 9974 
6329 1992 8377 
7089 8260 9284 
3239 4423 5015 
2423 3239 5015 
3452 3977 4424 
1838 8572 9853 
383 1856 4425 
2130 4435 9954 
4102 848 4426 
8305 1513 9628 
8263 6345 9437 
7724 3645 7941 
1422 3834 4428 
1648 4428 8616 
5856 5461 6252 
620 4178 5492 
2732 19 6481 
3036 2732 5637 
8867 3693 9811 
3693 2278 6522 
1870 3306 8182 
3529 4369 4432 
1770 3759 6826 
2814 2855 6752 
7816 3867 9439 
6258 7816 9439 
2130 1464 4435 
1464 3336 4435 
162 178 4928 
3340 7341 7552 
1626 507 7699 
4148 949 4437 
5568 1229 8968 
2105 1225 4438 
5485 3697 9931 
1746 1084 4439 
4564 5971 7378 
4415 5218 5236 
1069 1021 4441 
1021 977 7717 
583 4442 6491 
3380 5075 5160 
2452 3179 6234 
3765 2911 4443 
2565 4170 4444 
411 6 9268 
1473 5138 7001 
7001 4445 7526 
5759 2047 6565 
3140 4598 8107 
506 932 7088 
3570 3283 8909 
1198 2514 7017 
4448 5868 8481 
7634 952 7679 
1038 492 9668 
5359 5630 9077 
3031 167 4450 
1400 3676 4451 
3676 98 4451 
6770 1863 9673 
2315 182 9673 
1011 4294 4453 
4453 4294 6409 
4918 4407 5446 
471 2372 9640 
386 1714 4455 
2346 386 4455 
4904 4708 7414 
5082 2202 5636 
3380 583 8917 
2670 3426 9245 
8181 3949 8819 
3268 2684 4458 
2337 1868 5251 
628 4722 6659 
194 7743 7751 
3541 194 7751 
679 432 6475 
4420 1691 6175 
4755 2420 5980 
4401 806 5539 
5713 5396 7561 
4550 3352 9551 
716 4003 4464 
4003 922 4464 
8376 5505 9529 
7462 6580 8629 
964 3565 7234 
444 2673 5459 
2095 2819 4467 
2819 3679 4467 
4468 3686 5500 
3686 3276 5500 
1947 297 5057 
781 1947 4469 
2493 345 7529 
3323 2493 4470 
5217 75 7085 
3855 4503 5857 
4728 7242 9095 
3004 701 9666 
7277 3204 9483 
2263 3399 5784 
4019 1369 4474 
4474 1721 5971 
4201 4880 9920 
2018 3355 5517 
992 1298 4476 
3375 2380 7986 
6444 4477 6905 
4477 1445 6905 
477 2379 9706 
4478 3383 8078 
1230 3803 7130 
1950 4479 9255 
176 733 8787 
176 8787 9777 
2550 1741 8073 
361 2053 6562 
214 1667 7735 
6614 3757 7735 
7498 4483 8838 
7850 4483 8732 
392 4854 5147 
6517 2177 8235 
4485 4088 5858 
3603 1592 7570 
796 2589 4486 
1214 6887 7111 
1587 898 4487 
6581 7487 7497 
3555 4268 4488 
4268 1715 4488 
5263 1849 5549 
1849 1471 4489 
1802 3868 5874 
5874 4490 8195 
973 1287 4491 
1287 1367 4491 
7525 6252 9959 
4043 573 4492 
5047 4987 7231 
574 4493 7402 
6084 7236 8693 
3876 406 4494 
140 4112 6862 
2754 8420 9964 
3662 1791 4496 
1831 3662 4496 
2139 3517 4497 
3517 130 4497 
2090 3974 4498 
3974 2014 4498 
736 2849 6617 
996 6945 9519 
2702 10003 7017 
926 1431 5581 
5392 1933 9333 
1570 2731 4501 
5718 2967 6251 
3626 3454 6251 
4471 3855 5857 
5857 1663 8362 
1132 6117 7046 
7462 7352 8466 
4292 4266 6068 
2626 4634 6037 
4827 1714 9021 
2153 1969 8465 
2646 2033 5235 
3118 33 5662 
1540 2018 5480 
5670 2417 9446 
5291 3630 7092 
3312 846 4509 
6273 5865 9838 
916 3079 7596 
722 475 5421 
5358 2903 7363 
436 552 5721 
972 3382 5795 
789 3940 4513 
1930 3111 7249 
1281 4514 7448 
4531 8612 9772 
4515 2203 9976 
1223 1690 4515 
4883 88 8001 
88 335 8001 
1651 10000 8876 
3640 2085 7653 
2255 3761 8956 
2757 3345 5933 
6936 4996 7961 
3896 4996 9733 
2176 4215 8405 
540 4520 8405 
2258 1356 8502 
1838 4274 4521 
4317 1592 4522 
3359 4317 4522 
3643 212 4523 
212 4437 4523 
1563 2397 7066 
3013 1563 6465 
2754 1939 9079 
1982 4525 9886 
4001 3121 4526 
2119 4001 4526 
2282 2547 4527 
2547 4144 4527 
3521 658 7553 
3799 359 5535 
153 1100 4529 
1100 2792 4529 
4760 6466 9369 
1459 4460 5506 
8278 5425 9772 
5463 7221 8090 
7223 3695 8220 
2010 1222 5118 
2391 4002 6359 
5062 4533 7592 
1871 3740 9301 
2877 4050 7978 
3092 1019 8068 
3039 6477 7966 
3069 1820 8792 
1141 2489 6122 
586 1919 9544 
2586 3500 4537 
3481 2869 7974 
2072 1401 4538 
6587 4726 8692 
2955 6612 9582 
4540 2899 5351 
4070 5904 9579 
3392 1850 4541 
3862 4043 7197 
20 2101 4937 
8271 5262 9557 
746 6097 9416 
3935 3062 4543 
6257 2403 6910 
1452 2921 7585 
6240 3785 7355 
3785 1001 7355 
1833 925 4546 
3216 1833 4546 
3099 4022 4547 
4022 564 4547 
1211 4332 4548 
3368 7154 7167 
2382 7336 7564 
2638 1544 4549 
5396 1335 7561 
4550 3385 6646 
4539 1537 4948 
1537 1224 4948 
4552 2570 9854 
2308 151 4552 
7089 6783 8670 
1687 5502 9776 
2788 480 9292 
480 1018 9292 
2030 3621 4555 
363 2624 7890 
4556 1319 6697 
3215 754 5977 
737 450 4557 
2854 737 4557 
4279 3157 4558 
1844 4183 6678 
3884 2071 9059 
2071 2408 4753 
4957 5982 9361 
3437 3168 6196 
4950 2558 6521 
1885 1364 5428 
4844 4048 8427 
4048 1165 8427 
1265 2268 4563 
2268 533 4563 
858 4019 4564 
1721 3704 5971 
123 4938 6566 
4565 123 6566 
5929 7598 8154 
4305 1694 4566 
1425 3208 4567 
3208 235 4567 
8286 4568 9820 
5101 4228 6046 
2446 2133 8565 
6542 2388 8565 
1964 5069 7459 
1748 4410 4570 
2422 4259 5734 
3536 1007 4571 
1746 5485 9931 
6308 3724 8974 
1516 4573 5213 
1721 4852 8980 
1740 8130 9119 
2589 5019 6887 
4575 5335 5610 
4816 4174 6837 
5552 6867 7504 
2266 3172 5507 
7156 564 8875 
564 4821 8875 
2836 556 4655 
886 1203 9921 
4579 7352 9414 
2290 4504 9414 
4580 2177 5006 
2853 6517 7665 
3955 5992 9572 
4016 4652 4758 
906 408 5605 
905 2667 8558 
624 2830 7636 
228 624 7636 
7411 4503 7540 
1572 7411 7540 
1445 4715 9513 
9042 1445 9513 
2512 3749 4586 
1114 4246 4586 
3466 7973 9884 
2780 1425 6559 
2762 1326 5066 
4588 1697 5066 
3958 3396 4589 
3927 1378 4589 
2985 4415 5236 
1276 3560 4590 
2238 1195 5486 
3926 385 7205 
3175 4374 4592 
4374 357 4592 
2815 407 4593 
3399 4593 7713 
2482 4486 6866 
2851 4574 4594 
6165 6582 8354 
2936 5597 6582 
564 1396 4596 
4547 564 4596 
2401 4226 5995 
933 5544 5995 
3605 2800 4598 
6388 457 9227 
1946 4942 6871 
4021 1946 6950 
1174 5017 8356 
221 4600 5134 
4601 2214 6756 
3073 218 6756 
258 4207 4602 
1577 3904 8631 
4971 5994 8157 
1417 2172 7449 
7703 7965 8766 
4604 7703 8766 
1160 1608 6451 
6910 4605 9824 
2590 4606 7434 
898 4849 8290 
5668 1337 6121 
4756 3510 9818 
5916 6690 8712 
2989 30 4608 
1532 3945 4609 
3284 4285 4609 
4610 6825 8206 
2976 1344 8636 
8744 7060 9608 
7060 2879 9608 
2635 5501 8355 
6877 4612 8355 
8064 4198 9717 
4613 3111 9244 
5144 2276 6723 
425 5144 6723 
2594 518 7612 
4573 4717 6356 
4616 4142 9769 
4142 1504 9769 
1006 427 7493 
524 6223 7756 
1791 3826 4618 
7247 3861 8125 
2631 2525 4999 
4999 2525 5520 
3133 1093 4945 
2286 633 5393 
4218 3641 4621 
3717 4218 4621 
2442 1009 5076 
220 2442 5076 
4395 5652 7874 
5652 4155 7874 
2416 1625 4624 
4185 2416 4624 
4511 5289 5560 
3021 427 4625 
4626 3808 8814 
522 3808 4626 
2397 3953 9740 
2988 3255 6965 
3674 500 8478 
3674 6695 8488 
4343 2439 6050 
4629 4393 8434 
4169 6739 9504 
4876 1443 7657 
891 4519 4631 
5609 4996 7548 
2822 3347 7148 
7148 3260 9370 
4530 3535 7577 
4224 4633 5551 
5996 2692 7113 
5179 4784 6458 
418 3252 6131 
612 4298 7702 
4375 1536 4871 
1536 457 4871 
3184 1623 9423 
1623 2311 9423 
3481 3907 4638 
1489 1107 6627 
4875 6061 8571 
4639 4875 8571 
2745 3170 4640 
3170 3675 4640 
2365 648 7404 
5239 3716 6797 
1443 3037 4642 
6379 3037 9839 
3649 4329 4643 
4329 997 4643 
4659 1975 5419 
4644 4659 5419 
3991 2883 4645 
2907 6808 8973 
4646 850 9591 
7803 1558 9323 
2105 3178 6930 
4688 2083 8464 
1552 5325 6188 
6997 2140 9314 
3452 328 9445 
1997 3452 9445 
1125 1449 6357 
3351 4697 5225 
8400 3080 9245 
8917 583 9965 
4387 4751 9968 
4387 4453 4652 
4483 2045 7144 
271 8191 8387 
770 4516 4654 
4516 4308 4654 
585 2178 7594 
2583 585 7594 
3579 2028 8578 
3604 2636 4656 
6156 4689 6185 
1848 917 7471 
4646 4658 9971 
3362 4097 9591 
4310 807 7798 
3903 3317 9488 
3958 1312 4660 
105 6740 7907 
3512 3776 6528 
4026 1022 7927 
941 4662 5469 
2057 823 8642 
6247 7382 8545 
6054 4663 6359 
7719 2274 8279 
4013 7719 8279 
118 3415 6953 
3415 2329 8276 
2767 6427 9660 
8306 8643 8822 
387 2603 8684 
2600 1232 4667 
4668 3095 9680 
1768 2555 4668 
1570 4501 9333 
308 1346 4994 
3111 4613 8669 
3024 1884 4670 
6383 849 8185 
4691 7247 8125 
4672 2766 5242 
4365 1362 7926 
7352 5156 9414 
1971 3545 8536 
4351 1204 6446 
5885 4674 7055 
2914 4675 8194 
526 2113 5439 
5464 6128 9547 
637 8870 9547 
1606 379 4677 
379 3375 4677 
4678 3609 5853 
3609 1092 6485 
4618 913 6473 
2565 2799 5770 
3765 4443 4680 
4443 3125 4680 
3681 301 7065 
3692 3356 7386 
6010 1580 7689 
2941 6741 7689 
2857 2311 6997 
2311 2556 6997 
3177 201 4684 
3355 3177 4684 
3586 4783 8170 
4783 2031 9243 
3283 4361 6999 
2923 5656 9616 
2997 4642 9992 
2738 2385 6505 
2410 5227 7199 
6314 3310 9796 
4657 3201 9147 
2076 4689 9366 
1939 1014 4690 
4414 1939 4690 
1488 4 8128 
417 1488 8128 
4692 2265 8591 
5344 4419 5972 
3727 6408 7348 
1320 4693 5311 
2586 1919 6112 
2005 2586 6112 
7841 2092 8675 
1672 6922 8893 
780 3968 4696 
3968 160 4696 
4697 3209 5688 
5688 40 6161 
1331 804 6845 
4698 2538 6845 
80 8221 8418 
5900 4354 6040 
2607 4700 6402 
7161 1526 8672 
2825 1758 4701 
1758 3337 4701 
8079 3446 8207 
663 3446 8079 
2500 5718 7933 
4217 5333 8986 
13 1054 7832 
429 6070 9699 
6289 645 8408 
5478 6467 7590 
3865 4706 7840 
345 2774 7529 
160 1579 5354 
3837 3494 4707 
4262 5082 5636 
2983 5659 6075 
7524 8826 9829 
895 7578 8903 
4103 232 4710 
1631 51 4710 
7541 3447 7546 
2652 2026 7541 
1492 935 4712 
2081 1492 4712 
749 602 4713 
4887 8100 9358 
6432 8559 9075 
7020 4376 9712 
3104 1051 5805 
1029 4585 9513 
4863 1664 6647 
1429 4840 8168 
4573 1516 4717 
4615 2671 6356 
2448 1147 6384 
4287 2234 4718 
1782 832 9144 
3496 2693 6001 
3823 4295 4720 
5602 709 6684 
1521 748 8071 
5925 5050 8223 
2115 65 6676 
628 2115 6676 
253 1980 4723 
2394 4011 6377 
8032 1765 8754 
1765 44 6665 
2683 7625 8492 
3432 2098 8740 
1662 3142 4726 
3142 621 4726 
231 3295 4727 
3295 2185 4727 
2076 4728 9095 
6185 2076 9095 
4458 4729 5854 
5854 4729 6414 
1076 4110 4730 
4110 1667 4730 
2329 4731 6850 
489 2329 6850 
7588 7705 8962 
6550 7588 8962 
3892 4620 8891 
4069 8360 8437 
1039 3109 4734 
3109 409 4734 
1438 6951 8586 
3224 5780 7124 
3896 4736 6024 
4996 6772 7961 
37 850 4737 
850 4646 4737 
5219 3287 9205 
4262 4708 9213 
1685 4077 4739 
4077 461 4739 
7365 3766 9350 
1501 2383 7185 
4481 49 6923 
49 3311 5586 
2724 752 8142 
2041 4742 5242 
4848 3846 5826 
3846 3196 5826 
5974 4744 6816 
4744 3853 6816 
5336 6787 7706 
703 1853 9914 
2611 1761 5028 
355 1094 6649 
3448 3787 4747 
3715 469 9381 
1664 5380 9023 
1136 5789 8168 
1724 1279 8541 
1279 1343 5099 
2527 118 4750 
118 4665 4750 
4387 4652 4751 
4652 3890 4751 
772 5929 9574 
6885 4752 9377 
9134 9049 9489 
2408 1230 7675 
7370 1446 8945 
4153 1446 4754 
5183 4755 5936 
2454 5183 5936 
1535 4746 9277 
4746 3510 8718 
4603 5589 7905 
7113 2692 8297 
5992 3639 7754 
884 5319 9375 
1862 4319 4759 
4319 2280 4759 
4633 3501 5551 
3501 4530 5551 
2667 906 8558 
2370 4582 8993 
3834 1679 4762 
7931 8966 9048 
2217 4440 7101 
858 4763 6048 
4014 2358 4764 
1817 4014 4764 
2604 7389 8395 
1310 8715 9260 
769 3292 4766 
3739 769 4766 
2382 1544 4767 
1544 203 6366 
3158 3923 4768 
3923 3791 8616 
826 4769 9531 
3525 826 9531 
1987 2995 4770 
2995 3943 4770 
6263 4771 9134 
4771 1113 9226 
4294 4772 5723 
4294 1011 4772 
2036 4137 5214 
3152 5261 7452 
6500 4774 6904 
4600 6500 6904 
7715 2782 7786 
1283 7715 9023 
546 3793 6325 
336 546 6325 
1031 204 6241 
712 1584 8751 
2049 275 6642 
2028 5833 8578 
1849 800 4779 
800 2911 4980 
1754 3414 8596 
4780 1843 8596 
8312 8343 8417 
2407 8312 8417 
6422 2386 9621 
699 1646 8800 
2943 4665 5038 
8459 1654 9243 
4757 4292 4784 
4757 4784 8426 
1343 1765 8032 
4749 81 6616 
5981 2642 8472 
2717 614 7520 
4160 7620 8828 
847 1524 7326 
4301 567 7963 
3243 3017 4788 
2675 4736 4789 
4736 3896 4789 
3699 2312 6857 
4184 3902 6857 
1149 909 4791 
909 1374 4791 
4792 3710 6669 
1418 7155 8518 
2107 27 9033 
9033 688 9785 
2628 3954 4794 
3129 2357 7210 
3187 1954 5748 
1954 3623 8025 
1427 4692 8591 
2356 70 6768 
3600 3683 4797 
3412 4797 9117 
40 4197 6161 
3209 40 5688 
2965 960 5673 
3014 4094 6243 
4800 7098 7619 
1115 2393 9047 
4801 337 7670 
646 10002 7533 
4160 1246 8291 
1246 1577 8631 
3227 4042 4803 
226 1391 5704 
5010 600 5253 
5137 4141 5934 
4805 337 4916 
4805 2200 7695 
7638 4087 9801 
3282 2151 6380 
1571 3006 5888 
1571 5888 7105 
1970 3288 7123 
2545 3797 5295 
5480 5670 8619 
5642 2417 5670 
1352 670 4810 
2381 1352 8063 
943 8074 9710 
4811 312 9710 
2909 2598 4812 
2598 3237 4812 
10001 1458 4813 
6239 5449 7951 
3445 4412 4814 
4412 1892 4814 
5309 1426 8108 
7157 6437 9867 
4282 4575 4816 
4575 4174 4816 
3818 1845 7183 
6583 5663 7927 
7543 6302 8375 
3742 1909 7997 
1064 3900 4819 
64 8674 8963 
1161 3797 4820 
2545 3288 9936 
7660 4821 7780 
14 7660 7780 
4822 5339 7881 
6939 1981 9515 
185 124 4823 
124 4417 4823 
219 5465 9096 
5465 3018 9096 
3620 4326 4825 
4326 4348 4825 
2975 1543 8845 
6795 6824 7857 
386 4913 9021 
1714 386 9021 
8958 8749 9160 
6461 3781 9539 
1587 4487 4829 
8179 6668 9195 
1271 141 7987 
4930 2785 5475 
3944 375 8719 
375 868 8719 
4132 4176 4832 
1906 7690 8777 
4312 1764 9552 
2089 2009 5792 
1309 2455 7639 
6967 6303 7639 
761 988 9362 
9082 7173 9362 
1519 4178 4836 
3862 4541 9167 
8192 6598 9175 
1582 3434 8026 
2076 9366 9412 
2720 2076 9412 
7169 4101 7945 
2981 4839 7945 
4863 1136 5380 
1664 4863 5380 
6754 4568 8286 
4841 3721 8046 
8261 1695 8411 
8100 7892 9358 
299 16 4843 
16 3982 4843 
1424 1877 7778 
4562 4048 4844 
3389 1822 7744 
3379 5427 5715 
834 4830 4846 
4846 4830 7823 
5679 2528 6618 
3511 2222 8911 
3080 4743 4848 
4743 3846 4848 
4347 4606 4849 
2536 898 8290 
1444 2135 4850 
2135 707 4850 
32 2997 5969 
8089 4851 9992 
1721 4474 4852 
5866 3081 7981 
1055 530 4853 
530 4355 4853 
161 4380 7164 
2340 5141 7164 
484 2705 4855 
5949 7787 8564 
2808 3346 9080 
1827 4245 4856 
6833 6184 7437 
510 6833 7437 
4858 2190 9863 
1724 6842 7580 
4859 5958 8324 
4080 2159 4859 
1065 5120 6942 
6304 4860 9701 
4861 4206 9297 
4206 4115 9297 
2959 4134 5831 
3879 5286 7866 
1664 4775 6647 
6527 5789 9357 
5173 3645 5388 
3928 6030 8390 
6209 1109 7482 
504 6209 7482 
426 6556 8861 
3019 190 5800 
225 3315 4867 
3315 385 4867 
3767 7253 8023 
6778 4868 9538 
2916 4869 9085 
2916 2733 4869 
2163 2848 6515 
156 2163 6515 
4375 4871 6790 
4636 6332 6790 
4234 1693 9223 
294 4211 4872 
1507 2538 4873 
132 3681 4873 
3472 4874 6811 
6640 4518 6792 
113 4746 4875 
1535 691 6061 
1443 32 7657 
7860 5041 8261 
1243 3224 6951 
4984 7998 9587 
264 3621 4878 
3621 1063 4878 
287 108 8689 
989 2414 4879 
3623 8470 9616 
4475 3615 9920 
1862 4168 6233 
5648 5864 6005 
220 2466 5290 
2442 220 5290 
7170 171 9103 
770 4654 4883 
1681 3202 4884 
3202 3646 4884 
356 4885 6843 
1976 356 6843 
377 3508 5401 
1662 5170 5401 
1751 4713 4887 
4713 602 4887 
1182 3476 5126 
3909 1244 6338 
4560 4889 8241 
3168 372 6196 
3089 1700 9264 
1450 3660 4890 
556 2583 7594 
4578 4655 4891 
1312 3958 5112 
841 2310 5946 
1790 7020 9712 
3836 2843 7997 
1078 4894 7256 
3430 2199 9212 
1272 4895 5170 
1662 1272 5170 
2460 1491 4896 
1542 4039 9880 
5838 5270 6007 
3201 3004 9147 
2882 4898 6024 
3132 2882 6024 
634 4610 4899 
2875 3527 5302 
8455 289 9459 
1797 1300 8201 
3648 1643 4901 
3289 3648 4901 
7570 1633 9812 
4088 6944 9759 
4903 1306 7465 
1306 1465 7465 
2100 4262 9213 
1604 5219 5556 
2761 65 7536 
65 2115 4905 
7094 3835 8287 
7325 4906 9399 
5819 7408 8166 
4902 1293 6785 
3589 4074 4908 
5091 1259 9395 
10003 3488 5423 
2371 10003 5423 
469 3445 8308 
4814 3299 4910 
2697 6820 9748 
2697 760 6820 
4572 4422 8899 
456 4572 8899 
2535 2492 7750 
2492 2263 5415 
4914 2814 9041 
2855 2814 4914 
4915 2350 7086 
2350 3328 7086 
2092 7695 8675 
2200 4805 4916 
3555 4488 4917 
4488 844 4917 
4407 3101 8546 
2487 4454 4918 
2807 2118 4919 
4707 2807 4919 
1985 3316 7872 
472 2592 8098 
4921 5727 8103 
4152 1624 6182 
450 737 4922 
915 4557 5154 
1555 4618 6473 
3902 4679 6473 
3101 4918 4924 
4918 4454 4924 
4925 2791 8611 
2791 1020 8611 
339 4307 4926 
385 1195 7205 
3980 3398 5234 
187 3980 5234 
4928 178 8476 
178 914 8476 
5019 2589 6272 
2161 5019 6272 
7069 3233 8144 
2015 4830 5475 
1564 5654 9620 
661 3726 5323 
1853 2887 4932 
2887 4745 4932 
2068 1872 4933 
1872 3012 4933 
2863 4625 4934 
4625 427 4934 
4263 3663 4935 
7231 574 9044 
2930 1132 4936 
4504 2930 4936 
268 4542 4937 
398 1039 6035 
4938 123 7056 
123 1814 7056 
339 5433 5590 
4307 339 4939 
1619 4940 7364 
867 1619 7364 
1935 2622 6041 
874 1935 9004 
5499 4942 7584 
4942 1946 7584 
2404 4459 8155 
5495 4943 7211 
1776 3266 8412 
1166 1212 6394 
4401 3892 8891 
3155 4069 8437 
3944 1126 6178 
831 5582 9051 
4749 189 6134 
1279 5099 9991 
4551 3830 6545 
2955 6439 6545 
9730 7883 9893 
6532 5931 9730 
1103 3538 5716 
5985 2476 6293 
3357 4645 7501 
2961 4732 6827 
4952 4612 9014 
4612 2582 9014 
4953 5985 9735 
4606 4347 4953 
1698 1479 4954 
1479 3811 4954 
3537 8750 9624 
5571 6966 8750 
4956 3846 6088 
3196 3846 4956 
8683 719 9781 
5530 5982 8785 
4723 1980 5248 
2793 761 8012 
1684 2765 9035 
6124 6198 8386 
2814 77 9041 
1762 2953 7626 
4961 22 5384 
22 295 5384 
4215 2176 9173 
7530 4962 9173 
4731 3734 6850 
3734 1297 6850 
1036 4703 4964 
4703 3454 4964 
4965 2525 9632 
7374 1089 7393 
2801 3633 4966 
4649 2801 4966 
2849 736 4967 
2980 2849 4967 
3120 1282 4968 
4173 6912 9440 
262 4933 4969 
4933 1072 4969 
4970 7763 8844 
7468 6122 8844 
2805 1825 4971 
1825 3334 4971 
98 4398 4972 
1300 8455 9459 
3850 4344 4973 
4344 1134 4973 
2242 7597 8948 
440 5529 8275 
395 4659 7798 
3061 395 7798 
939 2039 7456 
2346 1290 8165 
8039 7522 8804 
829 1079 8039 
3370 6432 9075 
2380 4007 4978 
7359 2156 8491 
2469 323 4979 
639 4779 6378 
4779 800 4980 
1359 4981 5968 
4510 895 8903 
6180 4982 8519 
8519 568 9074 
2933 801 8448 
801 3427 4983 
2578 4735 7070 
3549 1859 6938 
6388 4123 6713 
457 6388 6713 
3589 4908 6975 
1628 6051 6975 
2005 2634 4987 
2337 574 7402 
2196 2362 6072 
1150 1568 5600 
8889 8466 9306 
6580 2690 8629 
4312 2009 4990 
3953 239 9709 
3513 842 6862 
4112 273 4991 
227 1660 4992 
6285 3540 8453 
3221 5882 6066 
6650 2553 6987 
3556 1091 5418 
2138 3556 5418 
5175 1705 8634 
150 4715 6115 
5609 5649 9733 
4996 5609 9733 
2953 1762 7784 
4997 8599 9027 
4271 1753 4998 
3707 5797 8150 
4147 673 5252 
4619 3127 4999 
1589 4220 5846 
5202 5000 5846 
5541 184 9910 
2885 4073 7024 
4504 2290 8577 
5002 2930 8577 
959 4037 5003 
3041 959 8460 
3214 105 7907 
5004 5058 8315 
9114 4416 9619 
4416 1858 9619 
1133 7229 8871 
4130 1133 5006 
2042 5007 9852 
1959 651 9671 
6486 6599 9868 
5008 857 6486 
1236 4608 5009 
4608 30 5009 
5137 1914 5253 
600 5137 5253 
3871 4342 9797 
3395 5760 9861 
4459 4219 5140 
4219 628 5140 
1604 10000 6163 
5867 847 7581 
4061 6317 8590 
7856 37 8867 
2241 3930 5827 
4423 2714 5015 
5016 1495 7169 
8 9240 9278 
1174 3973 5017 
3973 209 7483 
7846 3405 9883 
1889 3405 5766 
1394 2426 9469 
23 4574 5019 
1046 265 5020 
4200 1046 5020 
685 935 7198 
1156 410 9676 
4331 1219 5022 
622 4331 5022 
5526 5023 8953 
4769 826 5023 
838 5024 7813 
2473 838 7806 
1307 8910 9311 
8430 5646 8605 
2751 5026 8706 
1048 2218 9088 
2785 4846 5027 
4830 2015 7823 
5258 3725 6998 
1761 6998 8188 
5029 5577 5741 
2946 3392 5577 
3256 1874 9931 
5030 7972 9931 
3761 1116 8956 
4874 1890 5031 
2291 2815 9196 
2492 2535 7080 
5247 3523 5496 
769 5247 5496 
895 4510 5034 
4366 2066 7368 
5272 5895 7000 
6695 3674 8478 
3081 4053 5036 
2778 1516 5213 
13 4454 8560 
1054 13 8560 
3899 1654 8459 
3768 3899 8459 
5039 5931 5987 
6532 9730 9893 
6541 5098 7132 
1176 5709 8438 
2301 7635 7860 
4630 4941 7472 
3512 504 7482 
1109 2424 8367 
3702 1165 8857 
5292 165 9496 
1417 8131 8758 
3868 1802 6086 
3599 2122 5045 
2727 5532 7517 
4685 251 5046 
1654 31 8170 
3107 3663 7044 
4987 5047 7964 
519 2653 5048 
2653 4038 5048 
5999 9266 9622 
6610 3258 6987 
2560 561 8223 
15 605 8109 
7040 4128 8656 
3037 110 9839 
5423 3488 7033 
7033 7226 9246 
1013 2569 8566 
5053 3504 8566 
6221 3649 8942 
3219 5086 5998 
7813 3369 9916 
4187 7813 9916 
2611 5028 5056 
5028 113 5056 
4469 5057 5395 
781 4469 5395 
1210 1828 5058 
1828 3275 5058 
1217 1578 6200 
3613 7075 8075 
3128 2603 9302 
2870 3128 9302 
6568 278 7848 
3386 3800 5562 
2003 4533 9643 
4533 4389 7592 
5063 9665 9674 
3573 531 5063 
2657 6151 9722 
1981 5356 8030 
6159 5813 8733 
4901 3327 7323 
71 2345 7982 
2576 4588 7917 
875 5691 8298 
300 2433 9692 
5629 3466 9884 
7973 5635 9884 
1702 1964 7459 
5630 5588 6725 
4662 1168 5469 
481 5469 9737 
7831 1049 8687 
1049 5785 8687 
10001 10002 6377 
6304 5072 6316 
3427 801 5073 
801 4171 5073 
525 4458 5854 
2671 4674 8280 
4442 3380 5160 
3380 2154 5075 
3526 4436 5076 
4622 220 5076 
4847 1345 5077 
1873 485 7839 
1780 4632 5078 
198 3260 7148 
3892 4401 5539 
4890 3660 8535 
5080 1302 5191 
1302 1589 5191 
3245 2776 8197 
5870 426 8861 
2746 3088 7272 
4384 2100 6932 
1061 4013 5083 
4664 6744 8279 
6309 974 9605 
1739 6309 9605 
4403 2413 5085 
2413 4781 5085 
1258 2509 6846 
1269 1258 6846 
8706 2571 9611 
5026 1179 8706 
4140 7344 7834 
5088 7344 9851 
2758 2585 5089 
4645 2758 5089 
5090 981 7643 
3450 981 5090 
468 5091 6401 
2647 468 6401 
3052 4054 7319 
915 3052 7319 
3744 5410 5456 
3966 3819 5093 
2553 6154 8482 
5082 2685 5094 
2040 5095 7688 
7688 5095 7830 
286 5064 5096 
5096 5064 6471 
5083 830 9752 
7901 4870 9872 
2871 5098 8756 
139 4946 5098 
81 5099 8032 
4785 81 8032 
1224 1537 6639 
1930 3940 9618 
2859 4228 5101 
4510 2859 5101 
5070 5102 5259 
941 5070 5259 
912 1168 5296 
1168 4662 5103 
4370 1062 6831 
1062 477 7904 
3878 4475 5105 
4475 3682 5105 
2858 7323 8997 
7323 2858 8633 
2954 2024 5107 
7007 1286 9844 
1311 1469 7219 
1678 666 7821 
2474 3732 6855 
1566 3014 6243 
4081 7629 9361 
5203 4081 9361 
4262 4384 5125 
2685 5082 5111 
1378 841 5946 
4892 1312 5112 
3645 7724 8384 
6930 3025 6981 
656 4926 5114 
7205 2238 7547 
6281 3387 8094 
1913 6281 8094 
2044 401 5685 
6144 6788 9457 
1951 4449 5117 
4449 4938 5117 
4532 1409 7342 
1409 2010 7342 
1478 958 5119 
958 2703 5119 
4044 6198 6377 
4860 3290 5120 
3259 1073 9982 
1426 1783 5121 
1912 5122 5887 
5762 2430 6108 
2625 4948 5123 
4948 1224 5123 
4664 3419 5124 
230 2370 6172 
5082 4262 5125 
5111 5082 5125 
3528 10000 5126 
3528 5126 7299 
2530 2783 5127 
2783 2850 5127 
642 3492 5128 
1544 430 7920 
2595 2065 8156 
2065 1754 5129 
5064 2743 6471 
6652 6879 8530 
1055 4853 5131 
240 1602 6706 
879 285 6120 
230 6172 8700 
676 4089 5133 
3074 978 6328 
2174 5134 8198 
6264 2174 8198 
3487 6583 8610 
1713 1534 5205 
5336 7706 9371 
2 5136 5424 
4241 4804 5934 
4141 4241 5934 
1905 25 6513 
467 1905 6513 
322 1270 5139 
4245 322 6180 
7688 993 9810 
5012 3619 9309 
392 2340 7164 
4380 1616 7164 
3086 3302 5142 
3302 105 5142 
5143 1408 8807 
1382 4183 5363 
4267 2276 5144 
9049 910 9489 
938 1709 5145 
938 5145 5956 
3474 116 9689 
5146 5368 6925 
4484 2340 5147 
5147 2853 7665 
5148 4186 8231 
779 3212 8087 
672 2092 7474 
5591 6931 9744 
5150 3463 8938 
3463 972 8938 
3599 7624 7942 
6695 1575 9279 
2634 2005 5152 
3587 2634 5152 
4333 774 9809 
774 2721 9809 
450 4922 5154 
4922 4000 5154 
6535 4299 8140 
3352 5645 8655 
1137 7492 7646 
5156 1137 7646 
5777 5829 7331 
4808 5777 7331 
2046 2336 6294 
5158 2596 8433 
3502 2656 7825 
3639 1867 7825 
2154 4457 9265 
5075 2154 9265 
5161 7147 7640 
1891 5161 7640 
5162 5646 7012 
5025 1199 9331 
1602 2810 5163 
1858 29 9619 
3119 90 5561 
5515 7707 9865 
5413 2 5424 
5165 5413 5424 
5166 2670 8391 
3196 86 5826 
2961 4091 5167 
4091 2196 5167 
497 4086 5168 
4086 1015 5168 
3509 3596 7480 
3864 5743 9326 
4886 1662 5401 
5170 4895 8214 
6835 5171 7535 
9442 6684 9533 
2596 2666 9404 
2336 5172 6294 
5378 3928 8390 
4864 3645 5173 
1091 4079 5349 
4994 3497 5543 
5175 2958 5255 
82 5255 8723 
5362 2531 6578 
1832 5362 6578 
4427 6169 8263 
4427 5177 7137 
1914 539 6225 
3352 4550 6646 
2914 462 5179 
462 4784 5179 
447 708 5180 
708 2562 6057 
4102 4426 5181 
5116 6178 7029 
3993 63 7741 
1596 3993 7741 
1110 3089 7049 
6479 4890 9264 
4025 3347 5184 
3877 4025 5184 
2655 3476 8707 
3326 2495 6995 
2971 852 8424 
1024 2971 8424 
434 2008 9267 
1583 5187 5665 
2832 2072 8928 
3059 4538 9754 
6 411 5189 
2756 1122 9268 
4149 303 5190 
2980 3200 5190 
5014 5191 5846 
5014 37 7145 
4431 1821 5192 
2348 502 8489 
1988 3917 5193 
1503 362 5954 
780 4696 5194 
2462 6264 8198 
2693 488 5195 
488 2831 5195 
4825 4348 7721 
5722 960 8101 
752 2227 5197 
1106 2648 5197 
1738 1644 5434 
1644 2820 5198 
4707 4919 6854 
5631 4696 6854 
1602 5163 5200 
5163 3698 5200 
3779 3231 6974 
835 3779 6974 
3023 5000 5202 
5000 5014 5846 
3067 5312 6996 
2434 3067 6996 
6326 2899 9430 
3677 934 6326 
1380 5135 5205 
5135 1713 5205 
3011 5792 9826 
4833 2694 5206 
5804 5207 6129 
2579 2728 5207 
663 3245 6298 
3245 1551 6298 
639 6378 7011 
1966 4404 9773 
6960 4150 9461 
396 2317 8853 
4211 3108 5211 
4872 4211 5211 
5130 3217 5212 
2120 5130 5212 
5213 4573 6364 
1170 1721 8980 
1517 4773 5214 
4773 1510 5214 
5508 5412 7604 
1910 1455 5372 
1740 3782 5216 
4586 1740 5216 
75 4471 7085 
6034 3033 7085 
5236 8818 9218 
5236 5218 7142 
3287 4738 9205 
2567 367 9609 
4703 4098 8986 
4217 3321 5220 
561 2560 5221 
2560 643 5221 
3917 1988 5222 
2010 5118 7342 
627 1677 5223 
1726 1712 7922 
4834 3384 5224 
5224 6673 6913 
6718 2322 7722 
1726 6718 7018 
3504 4447 8566 
5964 5226 9402 
4864 5173 5227 
5173 3064 5227 
529 1069 5228 
1069 1481 5228 
8506 2956 8701 
3105 900 5229 
1554 2114 8172 
2425 5230 9225 
2750 3333 9651 
3158 4768 9651 
8373 848 9124 
3787 3956 9788 
5066 1697 6537 
2762 5066 6537 
390 4927 5554 
390 5554 7662 
821 4507 5235 
6386 2769 7175 
2315 1863 9218 
182 4452 8880 
1494 3862 9167 
4836 4178 7502 
153 4529 9224 
9027 5869 9888 
3897 1763 9963 
2444 3897 6104 
4279 4048 7668 
4562 3825 5240 
5241 2862 7507 
2862 626 7507 
4742 1004 5242 
2766 2226 5242 
2045 66 8387 
5243 8866 9153 
2220 6899 8556 
2220 997 7492 
1833 433 5254 
925 1833 5254 
3029 1175 5246 
3274 3029 5246 
769 3286 5720 
5525 3264 6390 
988 2793 9417 
1980 988 9417 
4416 657 5675 
1858 4416 5675 
2678 6754 8286 
1306 2330 8046 
3169 623 9878 
7758 7622 9261 
2540 5252 6861 
6861 5252 7572 
1914 421 5253 
421 5010 5253 
5519 1086 8135 
1086 5245 8135 
3134 150 6115 
7337 6115 9031 
5256 1898 6229 
5492 5577 7769 
1036 4964 5257 
3454 3626 5257 
885 5258 7669 
6998 6649 8188 
627 1993 5806 
5102 2363 5259 
6397 998 9546 
998 6261 9546 
8580 6406 8987 
1812 2179 6021 
5965 8271 9557 
4182 3236 5262 
765 4443 5263 
4443 2911 5263 
2023 479 5264 
4222 5424 6448 
2851 4594 5265 
4594 4020 5265 
5092 4878 5707 
4878 1063 5707 
5267 4236 9106 
4236 4231 7770 
5057 320 5395 
2472 2907 8973 
4737 4646 6531 
9323 1908 9971 
649 4472 5270 
5270 4472 8382 
2968 2445 5271 
4082 4099 5271 
8907 2256 9958 
207 5272 7000 
6195 1411 6829 
166 2486 7878 
5274 7783 9359 
3657 1262 5274 
1397 667 8705 
3308 1397 5275 
5276 2683 8492 
1656 3170 8538 
3964 4984 7070 
4735 3964 7070 
6201 4931 9658 
4931 2197 9658 
4031 227 6908 
6499 6019 9693 
938 5956 9945 
5280 5659 6228 
6045 5672 8677 
2084 5672 6045 
2720 3301 5282 
3301 213 5282 
246 6613 6622 
3490 246 6643 
3031 4450 5284 
4450 2585 5284 
6318 1550 7700 
2919 2689 6318 
4862 4134 5286 
3468 1835 5286 
4494 406 8240 
205 793 7807 
1505 2931 5288 
2931 2995 5288 
520 422 7943 
4322 1288 8713 
6084 4006 7051 
5204 2442 5290 
3592 3630 5291 
3630 3312 7092 
767 5043 5398 
2133 2446 9903 
3920 1433 5293 
2232 4939 5293 
4297 3889 5294 
5169 4297 5294 
5157 2545 5295 
5295 5777 6031 
823 5005 6355 
5103 3634 5296 
1970 4318 6003 
1653 7322 9801 
3168 3034 5298 
2470 4970 5298 
2777 2239 5299 
3888 5299 6823 
5073 4171 7849 
4171 696 7849 
74 5301 6320 
2866 74 6320 
7491 1665 8206 
4899 4610 5302 
4150 5303 9461 
4911 514 9685 
2080 3049 5304 
3981 8714 9186 
348 4559 5305 
4559 4753 5305 
3975 1839 7954 
7442 7709 8499 
3337 1758 5307 
1758 3999 5307 
699 3150 6453 
2304 72 8745 
1153 7476 9020 
699 3534 7971 
5017 818 5310 
384 6832 9527 
193 1320 5311 
4778 193 5311 
1247 1571 7105 
1669 7163 7723 
2251 5073 5313 
728 287 7664 
1314 1053 9487 
1208 1027 7168 
1744 3372 5315 
3372 4475 7551 
5316 1162 9726 
5149 672 7474 
4625 2863 8065 
6766 5317 8065 
3567 2727 7517 
5318 1057 9568 
4358 4949 7097 
1266 4358 7097 
3281 3515 5320 
876 4942 7172 
5321 1657 9496 
1657 2388 9496 
2566 5 8965 
4930 2566 8965 
5278 3241 8190 
3726 5278 8190 
5444 9099 9298 
1973 5603 7274 
695 4309 5325 
4309 2660 5325 
3254 7602 9231 
2206 306 5326 
4926 5474 9058 
865 3153 7855 
487 179 7116 
449 4200 6864 
2514 926 9349 
501 6026 8481 
1281 3678 5330 
4514 1281 5330 
8877 3230 8896 
4210 8877 8896 
1013 5332 5964 
5226 2828 9402 
4217 5220 5333 
5220 4180 5333 
4265 2548 5595 
2548 14 5595 
5729 2821 6784 
4090 5729 6784 
3148 703 5336 
4745 6787 7937 
3420 3566 8573 
6865 3891 8600 
5338 9 6148 
9 2248 6148 
1826 4822 7881 
3094 18 5339 
2561 2165 5340 
526 7052 8014 
1699 2050 6144 
2214 3073 6756 
4299 6535 6656 
1979 5287 5342 
2131 7708 9276 
6170 6212 8388 
2265 4692 7094 
4419 3795 5972 
1410 8712 9850 
990 5916 8712 
1314 6159 8733 
1053 1314 8733 
5347 3246 9244 
1811 4613 9244 
5348 6304 9701 
253 4723 8369 
4017 5174 6880 
3497 4669 5543 
106 3833 6698 
2073 106 5350 
3806 2839 5351 
2839 4540 5351 
7052 526 8303 
3240 7113 8297 
4075 2681 5855 
2846 394 6265 
2764 4707 5354 
4707 3494 5354 
583 6491 7383 
5355 1155 6438 
5356 1981 6939 
509 798 9919 
4186 7611 8730 
5148 5389 7611 
5289 4511 5358 
370 5289 5358 
167 3031 5359 
5588 864 6725 
26 1798 5360 
5168 1511 5360 
5330 3678 5361 
1497 951 5361 
613 3112 5362 
3112 2173 5362 
7327 397 7781 
2106 1408 7045 
515 2318 8784 
1411 2842 9014 
1923 2588 9465 
4153 4754 9465 
3981 5366 8941 
5366 168 8941 
530 812 6852 
4318 5297 6003 
4676 770 8752 
1451 4676 8752 
5377 4839 5579 
4839 2981 5579 
3669 2959 5831 
853 3223 8018 
1267 746 8164 
4208 2411 5371 
81 4749 9991 
4947 5215 5372 
895 5034 5373 
5034 916 5373 
2747 4705 5478 
4705 315 5374 
2711 3746 5375 
306 2206 5375 
4033 3895 7924 
3895 3009 5376 
720 2051 8132 
4167 967 7258 
8277 7525 9295 
4370 5856 6252 
2660 5414 6188 
5325 2660 6188 
1136 4840 5380 
4840 4748 5380 
2810 647 5381 
5163 2810 5381 
2417 5642 9191 
2817 2696 6208 
1291 5353 5844 
6269 3936 7451 
3248 9757 9864 
182 4961 5384 
934 2899 6326 
5290 114 6084 
2303 4555 5386 
4555 3621 5386 
2894 3232 5387 
3665 2803 5387 
272 3064 9690 
3064 5173 5388 
2354 994 8601 
4186 5148 7611 
1061 5083 5823 
5390 5444 6433 
393 588 6300 
1815 1976 6843 
1933 1570 9333 
4994 1346 5392 
4620 6677 8891 
4733 2286 5393 
5472 1191 8410 
5394 5472 8410 
781 5395 8245 
1192 781 8245 
3385 4550 5396 
4550 1335 5396 
2414 287 5397 
4879 2414 5397 
9870 9665 9903 
5043 5292 5398 
2813 2509 9324 
3228 5399 9324 
5241 3527 9764 
5400 7251 9764 
4895 2918 8214 
2918 3361 8214 
5402 6308 8974 
1874 5030 9931 
2057 8642 9969 
3959 2398 5403 
6795 5067 6824 
6824 5067 8298 
3993 1596 5405 
4635 418 6131 
709 2215 5406 
3950 709 5406 
568 4341 5407 
4341 4085 5407 
7109 6928 8638 
3883 2937 7554 
4026 6528 9083 
3776 3718 5409 
5171 5410 7535 
6684 709 9533 
2135 1444 5861 
5411 726 9271 
5412 2833 7604 
3723 8841 9145 
1924 2824 5413 
5165 1924 5413 
4309 5379 5737 
2660 4309 5737 
1005 4506 8465 
3204 130 8852 
2615 1988 7398 
5416 2634 7398 
1021 5417 9548 
977 1021 9548 
5483 1433 8310 
7136 1786 8892 
1975 2827 5419 
2827 4644 5419 
3583 2058 5420 
484 1708 5979 
7941 4427 8263 
2591 7941 8263 
7916 399 8786 
1621 4807 7916 
1096 758 7477 
2371 5423 8109 
825 751 8049 
2672 5165 5424 
2524 5361 5425 
5361 951 5425 
4390 1119 5426 
3002 2823 9427 
3379 519 5427 
519 5048 5427 
3538 4561 5428 
4561 1885 5428 
5921 1965 9678 
1019 471 9640 
250 9183 9452 
250 2144 9453 
3235 5431 9150 
3235 2846 5431 
301 4698 8813 
557 301 8813 
339 2526 5433 
2526 1381 5433 
1644 5198 5434 
5198 1652 5434 
5227 2410 5435 
677 1262 7450 
4002 1987 5436 
270 4389 8036 
2525 2584 5520 
2026 2716 7623 
523 4654 5438 
4654 2669 5438 
2692 4868 8297 
4675 3240 5439 
3959 640 5440 
640 941 5440 
810 4903 7490 
3568 5176 5441 
6249 5442 7835 
3989 592 8782 
2680 4437 5443 
4437 212 5443 
6334 47 9458 
830 4055 9752 
5835 2259 9720 
4033 790 5445 
6346 4319 7204 
4918 5446 7204 
3278 3652 5447 
3652 2777 5447 
3283 1071 8909 
7088 932 8909 
3946 2533 5449 
4813 7802 7951 
891 1774 5450 
4519 891 5450 
7870 5451 8184 
4190 7870 8184 
5074 6452 6705 
6452 5452 6705 
5453 419 7996 
419 1145 7996 
2522 4192 5454 
4192 4057 5454 
3740 1509 5455 
1509 4534 5455 
3585 3966 5456 
3966 5093 5456 
5229 5457 6266 
38 5229 6266 
5031 1890 5458 
1647 1671 5510 
4466 1105 6425 
3679 4366 6361 
544 4010 5460 
4010 2181 5460 
3928 7525 9959 
573 4238 9959 
3581 1216 9478 
834 4191 7987 
3524 3771 7221 
951 5463 8090 
6062 350 6128 
5464 6062 6128 
3018 5465 6650 
219 4824 5465 
2532 3159 5466 
3159 4429 5466 
2218 5026 6059 
6059 5467 9800 
1538 4271 5468 
4383 5468 9983 
5070 941 5469 
481 5070 5469 
8336 5470 9418 
1164 5470 8336 
3009 5471 7158 
5471 3381 7158 
6662 5472 9567 
5472 5394 9567 
919 3864 9326 
2755 919 9326 
5474 4926 9193 
4926 656 9193 
6405 4113 8285 
3233 6405 8285 
2703 958 5476 
958 1478 7617 
1111 2175 5477 
2175 237 5477 
4705 5374 5478 
645 3076 8408 
5479 4259 7255 
4259 2422 7255 
1253 955 6238 
7399 5382 9191 
8570 4078 8864 
782 480 7026 
4118 3941 6065 
3423 4118 6065 
8682 7136 8892 
5483 8682 8892 
2085 4227 5706 
5706 4397 8955 
420 129 9565 
6070 429 9565 
4591 3315 5486 
311 214 7735 
5487 3644 8028 
3644 2170 8028 
5488 3859 9477 
2405 3985 9464 
2424 4206 5489 
4206 4861 5489 
8461 6669 8518 
2112 4399 5490 
3696 4280 5491 
8358 5491 9392 
3159 5029 9745 
5941 625 9697 
193 1128 5493 
1128 2595 8156 
154 1167 5494 
1167 4653 5494 
987 7134 9380 
2115 2404 8155 
163 1958 6291 
6291 1958 8006 
2900 5497 5779 
3304 2900 5779 
205 3809 5498 
3195 5498 8056 
7757 8040 8252 
5499 3754 8252 
5500 3276 6276 
3276 2533 6276 
5273 1734 6195 
1734 608 6195 
3528 4888 9532 
2179 3528 9532 
5751 8177 9584 
4052 426 6596 
5126 10000 6995 
2602 5126 5578 
4465 2690 5505 
2690 4673 5505 
5731 1459 6371 
3174 1318 6466 
5507 3172 7409 
2266 5507 7504 
5508 1910 6134 
1910 5372 6134 
587 3032 5509 
3338 587 5509 
4080 76 6759 
3625 1419 7809 
3493 233 7909 
3870 2163 8575 
4775 5512 7542 
5512 9 7542 
5513 615 9007 
615 1378 9007 
5425 951 9772 
3678 1281 9111 
4257 1632 9865 
1804 8171 8182 
980 2160 5516 
1351 3589 6051 
2952 6668 8179 
5480 2018 5517 
5557 7710 9052 
3734 3810 5518 
5245 5254 8135 
5365 4066 5519 
2584 5345 5520 
5345 5437 5520 
3548 970 7925 
2616 6427 6796 
2928 1851 5522 
1851 3886 5522 
4641 1810 5523 
1810 3735 8557 
2833 3332 8606 
1601 3723 5524 
3264 867 6390 
5832 5635 7973 
4985 1317 5526 
1317 5023 5526 
2918 28 8243 
6058 4126 6381 
5528 3433 6339 
2085 1888 7653 
440 2096 9313 
1802 266 6086 
3130 7212 9413 
1482 3130 9413 
4657 6156 6185 
3807 7950 9798 
5318 5532 9891 
1661 3580 8053 
5533 8139 9443 
5533 1228 8139 
5534 2356 8328 
2351 6577 9338 
6168 1823 7338 
4528 6168 7338 
5536 1768 9061 
1502 7257 9758 
6829 2582 7016 
608 1411 6195 
934 7658 8984 
2899 934 8984 
96 3892 7403 
6603 5079 7403 
1947 1752 7380 
2393 4121 5540 
771 4343 5541 
4343 1959 5541 
7134 2115 8155 
4905 2115 7134 
5349 308 5543 
4669 4017 6880 
4597 2171 5544 
5803 4652 6409 
223 5312 5545 
5312 3067 7791 
60 2633 8372 
5100 584 5546 
5467 5044 9800 
908 1048 6369 
2902 8091 8970 
4316 307 5548 
1849 4489 5549 
4489 963 5549 
2534 4043 5550 
4043 2825 5550 
4224 5551 7577 
4760 4224 7577 
4576 1787 7504 
1787 2266 7504 
650 7278 7678 
5553 2772 9715 
3022 5234 5554 
5234 3398 5554 
4779 4980 5555 
4980 5209 5555 
4738 2375 9205 
2375 4456 9205 
2937 2541 7554 
7710 3734 9052 
2418 4371 9601 
5558 995 9601 
1792 2445 6707 
2725 2650 5559 
1288 2863 5560 
2863 4934 5560 
149 3119 6657 
181 2074 6396 
8493 5562 9972 
3869 1722 8493 
2369 3362 5563 
3362 2013 6847 
5564 1803 5919 
3065 5564 9736 
5565 2152 5810 
3400 5565 6620 
6038 7010 9717 
6959 3689 7351 
995 2418 9601 
8077 6256 9950 
6990 6447 8799 
2915 1229 5568 
2695 2659 7071 
7071 2659 7202 
4972 4398 7977 
5035 4083 8201 
7443 5571 8884 
3160 827 9286 
4641 1552 9100 
5572 4085 6746 
6248 7102 9600 
3120 6248 9600 
3348 1334 8274 
1334 2510 7087 
3333 3756 5575 
3756 3814 5575 
96 3660 5740 
1450 3833 7312 
2089 5792 8959 
5492 2946 5577 
3569 6457 7661 
5185 2134 7661 
695 8768 9240 
5579 8 9756 
1581 5719 8680 
673 4147 5580 
3743 501 8481 
4500 6026 8648 
470 2077 8798 
3180 516 8798 
1574 4992 5583 
4992 1660 5583 
8468 6303 9792 
3125 3410 8877 
2021 776 5877 
5106 1643 5585 
2331 4741 9965 
4046 4481 6923 
8590 6317 8867 
3293 3023 7275 
4800 4410 5588 
4410 864 5588 
2644 4603 7905 
5589 8473 8801 
5293 4939 5590 
3920 5293 5590 
2287 4695 5591 
4695 3796 5591 
4529 2792 5592 
5482 6232 7605 
190 5593 6704 
2254 190 6704 
5411 5594 6418 
726 5411 7933 
9219 6420 9339 
4430 3544 8581 
790 4033 7924 
2063 790 7924 
7790 6165 8354 
3421 4595 5597 
1855 5598 9677 
6849 7515 9087 
1576 4002 5599 
4002 2391 5599 
375 1903 5685 
1590 375 5685 
877 4845 7744 
5326 1968 7602 
709 3950 9533 
8946 1962 9442 
6433 5444 7334 
3599 6351 7274 
5511 5699 5767 
829 5604 8994 
408 4761 5605 
4761 2370 5605 
5606 3247 8583 
5384 295 7641 
566 898 5607 
2125 566 5607 
1745 1359 7847 
947 1745 7847 
4996 4631 7548 
2422 2675 7255 
3841 269 5938 
221 5134 9527 
286 1918 5611 
3189 7441 7694 
2008 3593 6883 
3593 472 6883 
2844 193 9695 
2457 3185 8118 
1502 639 7257 
6860 942 8129 
8399 7162 9895 
4062 3875 5615 
2299 1432 7814 
4166 2299 5616 
6312 7223 8220 
5617 6312 8220 
5618 6865 8600 
4156 5337 8496 
3475 2531 7237 
2531 2173 7237 
5620 1200 6995 
1097 2906 5620 
4554 5621 9292 
1018 4554 9292 
4434 1112 9439 
3205 6286 7687 
4513 3111 8669 
7138 4513 8669 
6229 5941 9697 
3159 10001 7769 
2215 3885 6231 
2599 2215 6231 
4315 17 5626 
705 1240 6769 
2869 7110 9253 
7068 448 9253 
6218 6650 6987 
2983 2202 6749 
2212 3466 7729 
1769 2212 7729 
5630 6725 9077 
5359 3031 5630 
5194 4696 5631 
780 5194 6202 
4587 3264 8076 
5525 1171 5632 
570 4977 7484 
3021 570 7484 
6220 7304 7802 
3783 3250 7725 
4587 5632 5635 
5632 1171 5635 
4904 5636 5943 
2202 2983 6075 
5334 5935 6420 
4967 9339 9497 
3511 5638 7025 
3805 6399 7025 
284 6623 8000 
3792 2553 9844 
1044 1670 5640 
3972 2892 7902 
1453 3045 9406 
4860 2195 9387 
3931 2952 8179 
4809 5682 9374 
102 7270 9521 
3816 2184 5643 
5644 5874 8195 
4490 2866 8498 
4139 1772 8343 
3428 4139 8343 
2374 1307 8430 
1307 2126 8430 
8715 6573 9260 
6573 1435 9260 
4908 4074 8158 
1259 5648 9395 
4040 5479 5649 
5609 4040 5649 
647 2810 9525 
4941 4630 5650 
561 707 8223 
5050 605 8223 
999 1728 5652 
4395 999 5652 
4212 1619 5653 
2040 4212 5653 
5654 1564 6963 
1564 2744 6963 
2707 3840 5896 
2686 2707 7146 
3682 4475 9920 
3615 4201 9920 
1225 99 6538 
1229 521 8968 
4231 5267 5658 
5267 3919 5658 
2567 4904 5943 
367 2567 5943 
2603 2882 5660 
2882 710 5660 
7920 5128 9056 
203 1544 7920 
5948 383 7175 
4507 3118 7216 
5135 1 8610 
1 3487 8610 
4887 602 9157 
1905 467 5664 
5612 183 6450 
3969 9463 9662 
2854 5266 7949 
2072 3059 6683 
6558 1522 6584 
6415 6960 7616 
3954 2628 5821 
2628 1977 5821 
1673 390 5879 
229 1673 5879 
1644 6509 9815 
5480 5642 5670 
2964 5049 5671 
2983 6749 7663 
1012 6045 8677 
1511 2949 5672 
1821 2965 5673 
5192 1821 5673 
27 5364 5674 
5364 2060 5674 
1303 2444 6104 
8357 7659 9930 
1208 984 5676 
1704 1208 5676 
23 5019 5677 
5019 2161 9045 
4602 4207 6571 
121 1251 9966 
5077 3557 6399 
3557 3350 6399 
7052 5680 8014 
5352 3495 8303 
6957 2137 9641 
397 6957 9641 
4809 8284 9123 
1540 5480 8619 
2875 1353 5683 
5683 5400 9764 
9724 4000 9872 
4870 9724 9872 
5600 4281 8392 
5116 5959 7923 
3919 1573 9102 
512 4236 7770 
3872 4286 5687 
2633 60 6786 
6161 4798 7093 
4798 314 7093 
2577 4165 5689 
4165 1859 5689 
3846 4743 6088 
2592 1985 7872 
164 288 5691 
3553 164 5691 
3526 3340 7552 
4436 3526 7552 
1877 1595 8096 
7478 1921 8096 
3907 2475 8253 
3907 6591 6627 
7528 976 7903 
7528 7903 8850 
1800 4887 9157 
1905 5664 9672 
3404 3866 9237 
2403 4605 6910 
632 3629 5698 
3629 1368 5698 
1079 829 8994 
4977 8994 9282 
1779 5180 5700 
5180 708 5700 
4156 5701 7562 
5337 4156 7562 
2572 6986 8680 
4147 2540 5702 
1035 395 7871 
3484 2360 5703 
4803 4042 9590 
5704 2676 9590 
2620 2430 5705 
5122 2620 5705 
4115 5484 8955 
4397 4115 8955 
5266 210 5707 
1063 5266 5707 
7303 5708 8313 
2744 7303 8448 
4002 1386 8901 
831 5773 6488 
2600 618 5710 
10002 4818 5710 
6105 899 7187 
2053 361 5711 
4368 3753 5712 
1025 4368 5712 
1693 5396 5713 
1130 1083 5713 
2823 744 9427 
1193 3002 9427 
3389 4845 5715 
4845 3379 5715 
5716 6803 8503 
5985 6293 7238 
2710 3460 5717 
118 2527 6674 
3008 6285 8453 
1166 3008 8453 
1876 3390 9225 
2927 1250 7294 
553 4250 5720 
4250 5247 5720 
5721 8886 9642 
4512 1557 5721 
1925 5673 5722 
5673 960 5722 
4597 5544 5723 
5544 933 5723 
3801 3813 5724 
3813 3491 5724 
2237 4295 5725 
4295 3823 5725 
486 1008 5726 
1008 2551 5726 
3206 4152 6182 
4838 6074 7481 
1836 650 5728 
4325 1836 5728 
1227 1221 7728 
63 3961 7613 
5730 887 5861 
887 2135 5861 
206 2931 7886 
1318 1504 6466 
7261 8316 8759 
8216 2992 8316 
843 1963 5733 
1963 3680 5733 
4571 1007 6892 
3536 4571 5734 
2295 3413 8996 
3413 3775 5735 
1142 5736 8614 
842 6626 7287 
6188 5414 7897 
5414 2660 5737 
52 2665 5738 
2665 1010 5738 
251 6441 7460 
6973 3586 7460 
3660 1450 5740 
1450 5576 5740 
3392 2661 5741 
5577 3392 5741 
1921 5742 8123 
3620 5196 7279 
3864 5294 5743 
5294 2618 5743 
3530 7107 7632 
5108 3530 7632 
2841 4375 6332 
4636 3027 6332 
5995 5746 9216 
5159 8789 9966 
3436 1831 9425 
4496 2491 5747 
5656 4880 9942 
3623 5656 9942 
745 3322 5749 
3322 3914 5749 
5750 7337 7627 
5255 6305 7627 
5503 8748 9584 
7955 5988 8748 
1508 1895 7764 
879 3665 5752 
8011 8529 9150 
1322 8011 9150 
2962 2996 6509 
1644 2962 6509 
766 3285 5798 
2485 7772 7935 
5895 5272 8162 
2979 1797 8269 
1607 2249 5757 
2249 4037 5757 
1819 390 7662 
3398 3980 5758 
6565 3140 8107 
5759 6565 8107 
1920 3429 5760 
1731 6367 7307 
5353 6648 9711 
2693 2319 6001 
117 5705 5762 
5705 2430 5762 
4745 3972 9411 
1044 5640 5763 
319 499 5764 
4757 4095 7394 
2777 3652 5765 
1829 2136 8890 
5766 3405 5893 
8203 1668 9883 
2507 5633 5767 
5633 5511 5767 
1719 5768 7335 
1719 3863 5768 
6743 1740 9119 
5769 6743 9119 
4170 5770 7736 
3699 3902 6473 
1985 2698 7891 
5690 3316 5771 
3034 3168 6193 
478 3034 6193 
7132 5098 7948 
2871 5773 5959 
3285 5774 6340 
5774 5755 6340 
5929 2668 8005 
3044 3106 9768 
3840 2707 9816 
664 3937 8761 
3797 1948 5777 
5295 3797 5777 
4519 56 5778 
243 4092 5778 
4303 2656 5779 
5497 4303 5779 
6951 3224 7124 
5277 6951 7124 
338 4869 5781 
2126 1307 9311 
1270 2808 9080 
4648 5782 9080 
58 3135 5783 
3135 2715 5783 
5784 4913 9639 
386 8729 9639 
4022 5071 7831 
152 7831 8687 
2195 1453 9387 
5442 882 8353 
320 2472 8973 
1188 513 6808 
4983 2744 8448 
7303 1564 7908 
7542 3271 7864 
62 4544 6527 
4498 2014 5790 
158 4498 5790 
3231 5791 6974 
4276 6103 8137 
5792 2009 9826 
5206 3011 9826 
1252 5430 7464 
3139 1304 5793 
1710 3145 6954 
5794 6954 9583 
972 5795 8886 
2235 5150 8938 
329 363 6492 
331 329 6492 
89 5797 7392 
2879 5807 9608 
1539 5308 7772 
7361 6340 7935 
1528 6702 8097 
2096 440 7112 
2618 3019 5800 
5743 2618 5800 
6502 8378 9262 
2507 5767 5801 
3782 1851 5802 
8944 2763 9897 
4652 4453 6409 
5723 933 5803 
1637 5207 5804 
729 841 5804 
3684 5068 6444 
5805 6115 7214 
5806 1993 8598 
5259 2363 5806 
5807 2879 8977 
3581 7898 8977 
3810 4731 6236 
8910 5781 9311 
4094 5109 5809 
6764 4072 9793 
1325 2062 7339 
1548 7565 9784 
3670 586 5811 
4537 3670 5811 
5738 1010 6892 
1010 5734 6892 
683 4216 8019 
5021 2188 6728 
2309 3435 5814 
3435 2029 5814 
5815 866 6860 
3028 582 9951 
2456 894 8273 
894 665 5816 
5817 2019 8138 
1816 2170 9480 
5326 792 7853 
2711 5326 7853 
1293 4902 6944 
4088 3685 6944 
4140 4305 5820 
4305 4566 5820 
5262 3236 7209 
1977 3343 8471 
8288 3817 9989 
7 5822 8288 
47 5390 5823 
5390 1254 5823 
3156 6461 9539 
4828 5824 9539 
584 2164 5825 
5546 584 5825 
1020 5166 5826 
4848 8391 9433 
3930 5015 5827 
5015 2714 5827 
2440 6108 6460 
1506 655 5828 
1948 1161 8381 
1161 131 8381 
5830 5344 7094 
4692 3835 7094 
4288 5370 5831 
5370 3669 5831 
6186 5068 7973 
3466 6186 7973 
5217 4249 9494 
5613 7505 9441 
3437 4560 9233 
6679 8081 8657 
6540 5835 7575 
790 5648 9720 
4730 1667 5836 
6157 214 8017 
2205 1478 5991 
5991 5208 8325 
3471 2733 6992 
649 5270 5838 
20 4937 5839 
4937 1039 5839 
1608 6625 7358 
3124 138 8064 
3126 5557 8430 
5557 3126 5841 
7661 5842 9011 
5504 975 8825 
1713 5135 5843 
2087 304 6282 
6629 5353 7877 
5353 4330 7877 
809 1493 5845 
1493 1535 9277 
4220 1242 5846 
1242 5202 5846 
1818 441 7545 
7173 4768 9362 
2545 5157 5848 
7123 7918 7979 
4089 2927 9432 
7787 484 8564 
7920 430 8021 
5128 7920 8021 
3320 7918 9415 
7331 6604 9637 
2756 4790 5852 
3902 3699 6857 
4678 5853 9802 
9334 8533 9876 
4615 7235 7273 
5452 1239 5854 
1782 4719 5855 
4075 5855 6648 
4429 5461 5856 
5466 4429 5856 
5857 6034 7085 
4503 1663 5857 
8166 1633 9759 
6785 5819 8166 
5859 834 6717 
5462 4191 5859 
4305 4140 5860 
5830 4305 9631 
726 3321 6110 
3321 5730 5861 
1268 3812 5862 
3812 1726 5862 
1613 3233 7069 
4830 141 8144 
4881 2063 6233 
5648 1436 5864 
2143 5034 5865 
5034 4510 5865 
3081 4852 7981 
4852 4474 7981 
902 2947 5867 
5013 902 5867 
2651 3743 8481 
4448 4446 5868 
3063 5482 8167 
5482 5238 6232 
7141 4666 7955 
5473 1143 5870 
3166 3575 6047 
3166 6047 6976 
5730 4098 8704 
605 4721 8223 
5873 1485 9222 
2605 1118 5873 
2751 8706 9611 
5874 2751 9611 
3675 3879 7866 
4640 3675 7866 
1644 1738 5876 
2962 1644 5876 
6237 2021 8516 
1643 1547 6947 
4236 512 8258 
2665 4236 8258 
229 5879 7407 
7703 1038 7965 
815 3893 6018 
2170 1816 8028 
3035 724 7041 
4539 4948 9661 
3221 2202 5882 
2202 5082 5882 
3733 2162 7420 
763 967 8467 
3418 5884 8080 
2178 3418 8895 
5074 8121 8992 
5854 6414 6482 
2828 1743 5886 
1013 2828 5886 
5122 5705 5887 
5705 117 5887 
399 4807 5888 
4411 1247 7105 
5889 4161 8624 
69 4161 5889 
1360 83 8555 
2835 3279 5890 
1412 3680 6597 
2461 1412 6597 
5669 229 7407 
5879 54 5892 
5018 4543 5893 
4543 5766 5893 
342 2032 5894 
2032 603 5894 
4398 905 5895 
5756 4398 5895 
785 3937 6028 
1635 5655 6028 
4161 572 8624 
3495 5352 5897 
2915 3712 9281 
1740 4586 9843 
238 664 8761 
6916 2688 9111 
1724 4354 6842 
987 4905 7134 
407 6118 9201 
5901 4593 9201 
4866 1143 5902 
5473 2755 9326 
4864 5227 5903 
2083 6930 8464 
7800 2361 8380 
2361 4070 9579 
3058 1441 5905 
4424 3058 5905 
8836 7015 9873 
1842 5906 8014 
3567 5045 8446 
4628 1123 5907 
3707 5540 5908 
5797 3707 5908 
5909 277 7441 
3405 8203 9883 
3292 769 5910 
769 5496 5910 
1893 6149 8008 
5911 5970 7317 
5582 831 5912 
516 4002 8901 
5185 7661 9011 
975 2602 8825 
5895 905 7979 
5914 6604 7331 
2834 1990 6173 
358 2834 6173 
990 5009 5916 
5009 30 5916 
1044 3262 6576 
1670 1044 6576 
1403 571 5918 
571 7058 9169 
1442 3065 9736 
9736 1340 9928 
4162 5160 5920 
5160 5075 5920 
8546 1019 9640 
5921 8546 9640 
3974 2090 8960 
836 3974 8960 
4651 591 6874 
3747 4743 7991 
5379 8954 9906 
5737 5924 7897 
4098 2371 8704 
887 5730 8704 
4868 2692 9538 
5179 5589 8801 
2909 4812 5927 
4812 825 5927 
1675 1376 8161 
147 5928 6882 
1694 2668 5929 
4566 1694 5929 
2372 4390 5930 
5429 2372 5930 
5039 4237 5931 
4949 4358 5931 
2890 2607 6402 
4700 3505 5932 
4518 8338 9868 
1779 5700 6640 
8312 4804 8343 
539 5137 5934 
2542 6322 8687 
5637 2732 5935 
4462 3980 5936 
4755 4462 5936 
2148 1400 5937 
5324 2148 5937 
4174 4575 5938 
4575 5610 5938 
806 4945 5939 
4945 1093 5939 
1937 3249 5940 
3249 1642 5940 
1898 625 5941 
4178 620 9022 
8543 9254 9627 
5208 1551 8325 
6075 5659 8272 
5943 6075 8272 
3631 369 7158 
5505 4673 9529 
4139 3831 5945 
2059 4139 5945 
5112 3958 6765 
3958 4589 6765 
2972 2597 5947 
4027 2972 5947 
1118 3331 5948 
3331 2913 5948 
8632 5949 8859 
484 7787 8632 
5950 6058 6381 
2633 3912 8372 
3597 2830 5951 
3995 6862 6876 
3246 5347 5952 
62 9 5952 
3183 1418 5953 
1206 1584 7726 
786 5954 8077 
3695 7223 8726 
5638 3805 7025 
6399 3350 7025 
5956 125 6817 
6817 6610 9115 
459 6794 9535 
3703 3215 5957 
6946 217 9304 
4859 3462 5958 
5685 5116 7923 
8392 7923 9051 
5960 5695 7903 
942 911 8129 
2969 2714 5961 
2714 4423 5961 
7852 8421 9126 
5962 6049 7852 
2136 1829 6718 
5963 5225 9258 
5332 4447 8249 
4447 1043 8249 
4542 6244 9354 
6244 3954 9354 
3779 2881 9038 
48 5966 9038 
312 8911 9580 
3098 10002 9710 
4981 3479 5968 
4709 3280 8443 
2997 4851 5969 
4851 32 5969 
8721 2886 8741 
413 5911 8008 
4019 4474 5971 
4564 4019 5971 
5775 5929 8005 
3417 7325 9399 
7159 5973 9101 
3629 632 6353 
1839 3702 7954 
4558 4744 5974 
3188 1979 5975 
3982 3083 5975 
6181 5048 6191 
5048 4038 6191 
6697 1319 7928 
1319 2289 7928 
317 8665 9071 
4116 969 5978 
7 8288 9989 
5420 7 9989 
6964 5939 8416 
5939 104 8416 
2642 5981 9285 
3117 4073 5981 
4957 719 8785 
2658 4889 8092 
2158 4352 5983 
4352 3836 5983 
6424 2256 7704 
3141 2979 7833 
2789 611 5985 
4953 4347 5985 
2741 3756 5986 
3756 1487 5986 
351 8230 8550 
5039 5987 6672 
5988 426 7775 
426 5870 7775 
8584 2523 9165 
2075 35 8584 
1866 3514 5990 
3514 1760 5990 
5837 5208 5991 
5942 5837 5991 
1251 5159 9966 
4802 3167 8291 
323 2717 5993 
4979 323 5993 
2471 2079 8136 
4603 3096 5994 
3304 2543 8998 
9761 3304 9871 
5589 4603 6426 
5996 5926 8473 
5124 4761 7509 
215 5124 7509 
1857 5054 5998 
5054 3219 5998 
444 5459 6361 
4366 444 6361 
1357 2818 6000 
3689 4198 9618 
2319 5761 6001 
1782 9144 9221 
635 244 6002 
2278 635 8186 
6520 3288 7738 
812 7738 9586 
3431 4069 6004 
2502 3442 7381 
4168 3000 6005 
5864 4168 6005 
2986 1998 8102 
1998 555 8102 
5270 4897 6007 
8605 6561 9331 
4327 5922 6008 
5922 4461 6008 
4696 3837 6854 
3837 4707 6854 
1580 2941 7689 
3196 4956 6010 
2036 1687 7828 
1687 3435 7828 
6963 2617 8002 
5487 3893 6012 
2215 709 7328 
7174 2599 8513 
3108 4211 8407 
1322 3108 8407 
2837 2309 6015 
3625 2837 6015 
6190 4283 8658 
2067 4283 6190 
4092 243 6017 
4040 4092 6017 
1816 482 8028 
5880 815 6018 
1574 5279 6019 
3375 379 7960 
5799 440 8131 
2172 1417 8758 
6406 6021 9532 
6021 2179 9532 
58 4349 6022 
4349 2008 6022 
1168 912 7914 
2301 8261 8411 
2683 3896 6024 
4898 2683 6024 
3022 4159 9675 
6799 9462 9675 
5581 4500 8648 
6026 5329 8854 
5226 5964 6027 
5964 5332 7454 
5896 3840 6028 
5655 5896 6028 
6029 7250 8192 
569 5132 8192 
945 2410 7199 
4238 945 7199 
9633 207 9652 
5157 5295 6031 
1856 2913 6032 
2913 3331 6032 
978 412 8224 
6033 6736 8840 
6343 6034 7952 
2689 3033 6667 
4542 4065 6035 
4937 4542 6035 
1754 4034 6036 
4034 3604 6036 
6133 811 8702 
4266 811 6133 
5566 6038 9717 
5566 738 6038 
5249 3716 6039 
5675 5249 6039 
4354 4947 6040 
1796 80 7009 
9004 1935 9155 
8842 718 9004 
3069 8199 8765 
1820 1141 8792 
513 1188 8305 
6043 139 6052 
7115 6044 8607 
3608 7115 8607 
5281 8690 8709 
8837 9630 9676 
5865 4510 9838 
5250 3721 6046 
2470 458 7740 
3575 5871 6047 
4019 858 9001 
768 2315 9218 
5322 3216 6049 
7969 5322 9832 
2439 4629 6050 
2189 6050 8463 
1567 5701 9925 
5516 2160 6051 
4426 1513 6052 
1513 6043 6052 
6345 370 7363 
7493 6053 8526 
270 4663 6054 
1927 4616 7655 
1916 2358 6435 
669 1916 6435 
2957 5322 8475 
5 2321 8143 
2255 4518 6599 
5700 708 6057 
1125 2129 6670 
2129 4126 6058 
5026 5467 6059 
8461 9088 9800 
1226 319 6060 
319 4095 6060 
4746 1535 6061 
4875 4746 6061 
6062 236 9426 
236 3038 9426 
566 2307 6063 
4849 566 6063 
5161 1562 8323 
6111 7147 8323 
5238 1553 6232 
1553 153 9224 
125 5956 7663 
3258 6218 6987 
6067 168 7263 
168 2872 7263 
4634 5179 6458 
6037 4634 6068 
2188 410 8916 
7391 6069 8916 
7832 429 9699 
13 7832 9699 
492 3397 6071 
188 341 6400 
3485 4157 8774 
2871 3485 8774 
7192 6502 7583 
7714 6053 9957 
649 5838 6074 
2733 2916 6992 
5636 2202 6075 
5943 5636 6075 
1508 1080 6076 
2601 6076 8989 
2461 2753 6077 
6077 2753 7957 
3550 4012 6078 
2103 5300 6078 
1878 2147 8904 
5881 1878 6079 
1440 6895 9336 
5989 1440 9336 
8563 134 8603 
6081 8563 8603 
2859 4510 8903 
6082 6570 8826 
588 4056 6083 
6083 4056 9511 
8146 4781 8693 
3876 4494 7236 
1257 2865 6224 
3940 1735 9618 
266 2172 8805 
3868 6086 8419 
5656 2923 6087 
4880 5656 6087 
956 4956 6088 
5771 1618 6088 
6250 6089 7752 
1963 5891 6250 
6428 7967 9068 
3114 3181 6090 
4558 5974 6091 
6816 7306 7499 
3778 2838 6092 
1673 2011 6092 
6093 6318 7295 
4764 6093 7295 
2538 3701 6845 
2795 7156 8193 
3987 2452 6095 
3829 3987 8112 
5232 848 8373 
848 4102 9124 
2783 1033 6097 
1215 692 8961 
4637 1495 9121 
4264 4143 7059 
1669 3400 6620 
7103 6099 7565 
2235 5721 6100 
5721 552 6100 
3526 1009 7061 
2839 3806 9040 
1543 300 9692 
6102 5404 8688 
4420 6175 8225 
4017 2910 6699 
1303 6104 7659 
1303 7659 8779 
2499 2053 6105 
2053 5711 6105 
2893 4413 6106 
4413 2489 6106 
3248 1615 9757 
3738 2081 9248 
1063 2030 8597 
6108 6631 8248 
4172 2304 6247 
2304 1348 6247 
3321 5861 6110 
5594 5411 8250 
7147 6111 9203 
4563 6064 6111 
2005 6112 7549 
4694 2005 7549 
6367 1731 9742 
3395 716 6113 
1500 907 7150 
6114 7742 8145 
6305 5210 7627 
5210 3325 7627 
1145 6116 7660 
4291 1145 7660 
4629 2439 6117 
2054 4629 6117 
4473 7277 9483 
1149 4791 7804 
541 6860 9716 
911 2038 6119 
200 950 7298 
5132 3198 6120 
7475 3510 8686 
6652 1981 6879 
3194 1141 6122 
3194 6122 7468 
6118 595 6123 
4593 407 9201 
2753 4959 7957 
4044 4283 6198 
3861 309 6125 
4388 7698 8236 
4662 941 7768 
3735 5005 6969 
1236 4282 9484 
4282 4816 6127 
637 1911 8870 
350 2428 7366 
5817 8138 9480 
5207 2728 6129 
7125 4621 8617 
494 663 8079 
2052 5405 6131 
5405 4635 6131 
766 3197 6132 
3197 1579 6132 
6068 4266 6133 
2626 6037 7615 
6616 2184 8724 
5412 5508 6134 
2173 402 7237 
2737 3568 7940 
2033 690 6136 
5757 959 6253 
1984 7758 9261 
3714 3169 6137 
1488 6383 8185 
3070 3924 6255 
391 3050 6139 
4243 391 6139 
2234 3406 6260 
4718 2234 6140 
5623 185 6141 
7885 6141 8208 
2289 452 6605 
6142 2396 7818 
4659 4644 8659 
2798 9033 9785 
1590 8439 9457 
6756 5430 7867 
3175 3659 6145 
4374 3175 6145 
3957 3938 6146 
3938 4599 6146 
1999 1111 6147 
1111 4311 6147 
1811 3246 6148 
3246 5338 6148 
613 5362 6692 
1893 613 6692 
2409 2957 8475 
8551 2155 9832 
6151 2657 6971 
1981 2743 9515 
6593 5378 8390 
1634 6593 8390 
2241 6164 7014 
1827 4823 6153 
4491 1041 6154 
1041 5628 6154 
7697 4915 8949 
5752 6155 7225 
4897 5270 8382 
3004 4897 8382 
5836 1667 6157 
1076 4730 7686 
6158 83 9097 
83 2835 9097 
1012 8570 8864 
5065 8837 9676 
4645 3357 6160 
3357 5787 6160 
4197 4798 6161 
4120 5688 6161 
2341 3908 6162 
796 6162 9070 
2366 4160 8828 
1251 7326 7672 
6417 6900 8435 
2241 7014 9962 
4074 2936 6582 
1384 7790 8354 
886 2502 6166 
4578 886 6166 
3367 4653 6167 
4653 1167 6167 
293 1823 6168 
293 6776 9012 
5177 5113 7137 
5421 6169 7137 
2231 6170 8388 
436 6490 7379 
1804 2908 8171 
6171 1870 6546 
2370 5124 6172 
5124 3419 6172 
5368 5146 6173 
5915 5368 6173 
4015 3722 6174 
5616 4015 6174 
5966 6175 6699 
4276 5966 6699 
2329 489 6176 
489 2511 6176 
346 5572 6177 
5572 2140 6177 
139 5098 6541 
5116 5040 6178 
3959 6126 6179 
941 640 7768 
322 5139 6180 
3346 4648 9080 
4038 3229 6191 
3049 3981 9186 
3206 6182 8103 
157 3206 8103 
3664 1556 6183 
1294 2610 8827 
1313 5745 6833 
6529 6385 8088 
4657 6185 9798 
1848 4657 9798 
3104 5805 6186 
4477 6444 7467 
7409 3326 8582 
1370 5552 6187 
5414 5737 7897 
6188 7897 9648 
5301 1945 8636 
1945 2976 8636 
4283 1249 8658 
2300 5451 7870 
2099 3918 8714 
168 1585 8941 
5695 5960 6192 
5960 976 6192 
5834 478 6193 
3168 3437 6193 
6649 6194 8188 
4746 5028 6194 
2582 5501 7016 
1411 2582 6829 
372 4889 6196 
4889 4560 6196 
5883 197 6197 
286 5096 6197 
10002 4044 6377 
2504 6124 8386 
8038 2640 9094 
1342 1217 6200 
8075 11 9913 
6200 1578 8038 
661 5323 6274 
2252 5278 6201 
4270 6264 9859 
5199 4270 9859 
985 3845 6203 
6203 6753 9882 
3872 5687 7228 
1470 3035 7041 
8 4264 7059 
6205 8345 9121 
2390 6417 9848 
6153 4823 9962 
1433 101 8310 
2138 2399 6893 
2820 1454 8674 
5382 2417 9191 
4206 2424 6209 
504 6344 9780 
629 2971 6848 
828 5198 6210 
294 1546 7826 
1322 3498 7858 
1330 92 8388 
6170 3860 6212 
7981 1369 9317 
4474 1369 7981 
4772 6214 7678 
276 4772 7678 
270 6054 7655 
4616 270 7655 
1480 5587 8929 
2973 1480 8929 
2224 1013 6217 
1013 5886 6217 
3258 5094 6218 
5094 2685 6218 
6509 454 8284 
5754 1644 9815 
4813 6220 7802 
775 3783 7304 
4329 3649 6221 
3649 3219 8942 
4283 6222 7957 
4283 2067 6222 
7418 750 9957 
3789 750 7418 
346 6085 6224 
2818 144 8716 
6225 1597 8592 
5645 3352 6646 
8041 6777 9426 
350 6062 7427 
4744 4558 6227 
5587 7985 9606 
5956 2376 7663 
2376 5280 7663 
2089 5256 6229 
2009 6229 9697 
1045 6419 8625 
3592 5291 9512 
2599 6231 8513 
2235 7174 7992 
653 1650 7605 
1650 6065 7605 
5864 1436 8458 
1436 4881 8458 
6095 2452 6234 
765 5263 6234 
2216 4103 6235 
4103 4710 6235 
2546 5808 6236 
5808 3810 6236 
1148 6237 8516 
1148 2573 6237 
4508 6851 7347 
2817 7399 9191 
3250 2701 7725 
3946 5449 8922 
1072 3785 6240 
1001 4545 7355 
7161 7232 9019 
6241 3748 9687 
4133 4365 9156 
5490 3710 9855 
4348 6243 8101 
4094 5809 6243 
268 4937 7566 
4542 268 6244 
3067 2434 8885 
2434 4302 8885 
3220 6247 8545 
6247 1348 7382 
6109 4172 6247 
1348 1099 7382 
3120 4968 6248 
8379 2395 9667 
5120 3290 6942 
3290 882 6942 
2461 6089 6250 
5891 3838 6250 
4180 7933 9064 
4098 4217 8986 
4238 3928 9959 
3928 5378 7525 
2033 6136 6253 
6136 5757 6253 
1635 921 7254 
651 1361 9671 
4 1488 7357 
6138 1488 8185 
5954 5558 8077 
5558 5567 8077 
5789 1452 8168 
1452 2403 8168 
3773 3205 7687 
1749 5622 6258 
5448 1071 6259 
1743 5448 8543 
6260 2294 9698 
2294 946 9698 
998 1620 6261 
1620 119 6261 
2872 6262 7058 
5918 571 9169 
3082 1460 9226 
195 3082 9226 
6264 9596 9859 
4270 1088 6264 
6265 394 9053 
5855 2681 8743 
6382 3755 9383 
3755 26 9383 
3828 2938 6267 
3668 6791 9753 
3947 465 6268 
3852 3947 6268 
3936 1291 7451 
5844 3161 6269 
7597 3839 7753 
4051 7753 8708 
1187 591 6271 
591 3916 6271 
6272 2589 9202 
2589 3020 9202 
2673 444 6273 
444 4366 7368 
5278 661 6274 
6201 5278 6274 
768 4018 6275 
4018 4440 7316 
3946 4468 6276 
4468 5500 6276 
6283 1391 7692 
2424 6277 8367 
7406 2719 9664 
1876 551 6278 
110 3190 6279 
3190 1138 6279 
4981 1359 7288 
1359 954 7288 
6281 1264 8016 
971 904 6921 
304 6424 7704 
6282 304 7704 
8367 6277 9190 
5489 2032 6283 
1645 4199 7856 
2013 3362 9591 
4502 3540 6285 
1280 5279 6815 
2031 4783 9558 
596 2031 9558 
6287 8116 8340 
4417 6287 8340 
3103 365 8189 
365 2111 8189 
315 343 8082 
2253 8082 9238 
5598 743 9677 
3456 2277 6662 
5033 5496 8006 
1958 5033 8006 
9381 3787 9766 
4334 6142 7818 
4027 4950 6293 
2789 5985 7238 
5172 1617 6294 
1617 7374 8433 
6592 5144 8694 
425 2568 8694 
4828 1706 6296 
3193 265 6296 
3805 4811 6297 
10002 943 9710 
5208 6259 7463 
1551 5208 6298 
370 5421 6299 
5421 475 6299 
588 6083 6300 
4885 393 6843 
3241 2252 6301 
7417 7050 9822 
1790 283 6302 
2929 4376 8839 
4834 5224 6303 
6325 3793 8175 
896 5072 6304 
5348 896 6304 
1674 845 6602 
845 172 6602 
5250 8286 9820 
5619 3137 6306 
2467 3339 9739 
1642 1222 9328 
129 420 6308 
5402 129 6308 
5 2566 6309 
2566 4930 8285 
3884 2006 8169 
348 4403 8402 
280 1107 8931 
3356 1757 6311 
2867 918 6312 
5617 2867 6312 
1532 4609 6313 
455 5195 7260 
677 5435 6314 
5435 2410 6314 
1310 2638 6315 
2638 4549 6315 
5072 2793 6316 
4958 1684 6316 
6317 4061 9199 
5587 1480 6317 
5285 2919 6318 
1550 364 7700 
326 3962 6319 
3962 5367 6319 
6320 5301 8636 
3143 2866 6320 
4011 4860 6321 
4860 6304 6321 
2619 4377 8486 
2542 2619 8486 
8583 617 9898 
2145 6069 6323 
4179 2926 6324 
6324 2926 7390 
4776 336 9256 
3514 1866 7293 
4006 4882 7051 
4882 6326 7051 
3105 5229 8671 
2956 641 8701 
978 5133 6328 
5133 3074 6328 
1237 1992 6329 
4912 1237 6329 
457 1536 9227 
3811 3605 6330 
6331 291 8234 
3005 1725 6331 
3027 4857 6332 
4857 1405 6385 
1415 4576 6867 
3124 1415 7824 
5444 5390 6334 
5823 5083 9458 
1790 6302 6335 
6302 4893 8375 
1936 3353 6336 
3353 3365 6336 
4395 6337 9470 
819 4395 7488 
4888 3528 7299 
5126 3476 8985 
5528 6339 8703 
3640 5528 8703 
5798 3285 6340 
687 5798 6340 
1810 4641 6341 
2808 2390 9100 
3775 3413 7461 
2796 1438 8586 
6034 6343 6667 
3033 6034 6667 
6209 504 9780 
4661 4026 7183 
5421 370 6345 
370 5358 7363 
2487 4918 7204 
4319 2487 7204 
889 382 6347 
382 4453 6347 
9203 6064 9522 
6064 4379 9522 
1750 7149 9912 
7149 878 9168 
1663 3275 8362 
6034 5857 6350 
3599 5045 7245 
4235 3580 6351 
1572 2786 6352 
3588 1572 6352 
2183 7159 9101 
2643 2183 9101 
6952 4702 7550 
3643 2450 9823 
3634 7152 8642 
5296 3634 6355 
7801 5074 8992 
7055 4615 7273 
2051 4650 7121 
2129 1125 7805 
8694 3408 9585 
2568 3408 8694 
5436 6054 6359 
2260 2391 6359 
3749 2198 9473 
4193 4076 6360 
2334 3679 7720 
7234 6425 7720 
1095 3696 6362 
1095 6362 8918 
6849 1081 7515 
358 674 6708 
797 5213 9407 
4053 797 9407 
3943 206 6365 
4142 3943 6365 
1085 2302 7838 
2037 1598 6554 
1745 947 6968 
97 1745 6968 
5695 693 7903 
107 1830 9164 
5547 8461 9800 
8461 6369 9088 
2964 1041 6370 
5049 2964 6370 
4224 4760 9369 
1459 5506 6371 
4787 5497 6372 
5497 2900 6372 
5182 7613 9941 
7666 5729 9941 
7732 1605 9690 
5388 7732 9690 
5164 5561 6375 
5561 90 6375 
651 2189 6376 
2189 2306 6376 
6321 1684 6377 
6198 6124 6377 
1966 2518 6378 
5555 1966 6378 
5051 3564 6379 
4642 3037 6379 
1653 3282 6380 
1944 3616 9263 
5527 2918 6381 
4126 5527 6381 
5457 3755 6382 
6266 5457 6382 
849 6383 6387 
1799 849 6387 
4287 6384 9836 
4287 4718 6384 
3048 2841 8151 
6332 4857 6385 
383 2209 7175 
2769 5948 7175 
6383 1284 6387 
4388 4145 7539 
3605 4598 6388 
3140 6713 6789 
1309 6389 7271 
1309 3210 6389 
5247 4250 6390 
4250 5525 6390 
741 1399 6391 
1399 3900 6391 
5884 3418 6392 
6010 681 6392 
2544 332 8452 
2509 1559 7869 
5643 102 9521 
1112 1749 9439 
4686 443 6999 
3283 6395 9817 
5561 5164 7556 
6396 3451 7556 
2245 998 6397 
5260 2245 6397 
5084 2208 6398 
3882 5084 6398 
485 1345 7839 
3805 5679 6399 
3206 67 9090 
6071 188 6400 
6005 723 9395 
723 4074 6582 
4700 5932 6402 
7165 2219 9929 
1219 4331 6403 
4331 2052 6403 
3658 3774 6404 
3774 4815 6404 
1613 255 6405 
3233 1613 6405 
6783 1812 8670 
1244 5502 6406 
819 1982 6407 
6407 1982 9891 
1972 364 6408 
364 4367 6408 
4294 5723 6409 
5723 5803 6409 
1864 3780 8306 
8643 8988 9908 
6126 3959 6411 
5403 3735 6411 
7779 6412 8865 
5288 2995 8649 
2694 4833 6413 
4833 5206 9826 
5452 5854 6482 
4674 2671 7055 
3134 5750 6590 
1180 4565 9889 
4068 4452 6416 
7859 5606 8352 
4823 4417 9962 
6206 6417 8435 
5594 3461 6418 
3655 2500 6418 
1045 2267 6419 
6911 7176 9211 
3544 4430 8119 
5935 2732 6420 
4269 82 8723 
87 4269 8723 
10002 7157 9867 
6469 7971 7994 
1186 421 6423 
421 5178 6423 
304 5984 6424 
4083 5035 9771 
6361 7234 7720 
1105 5999 6425 
3364 5996 6426 
2914 5179 8801 
2767 1366 6427 
4125 2616 6796 
2715 6428 9068 
6428 7206 7967 
4495 4623 6429 
4155 4495 7874 
5695 6192 9408 
1956 668 6430 
8423 5641 9406 
3045 8423 9406 
3234 2297 8031 
4007 6891 9566 
6579 721 7534 
156 6579 8054 
316 3098 7048 
5967 4364 6434 
8268 4321 8289 
6435 8268 8289 
6962 6123 7804 
4473 5901 9201 
3658 6437 9386 
3658 6404 6437 
2606 2339 9234 
2339 2203 9234 
3830 2955 6545 
1878 6204 9661 
2499 6105 7436 
899 5794 6440 
5279 1280 6441 
3449 9235 9693 
2587 2501 6442 
5422 2587 6442 
7038 3436 8928 
655 3436 7038 
5068 6186 6444 
6186 5805 7467 
5598 1855 6445 
5598 6445 8304 
6482 6414 8797 
1204 5885 6446 
2526 339 6990 
5327 2526 6990 
218 3073 6448 
5264 218 6448 
1728 817 6449 
5890 3279 6449 
183 2499 7436 
5665 5612 6450 
1961 3404 6588 
2991 1961 6588 
1882 2594 7612 
518 5452 6452 
6340 6909 7935 
6909 2485 7935 
5928 1235 8161 
6762 6480 8534 
4226 8746 8998 
2100 4164 6932 
5315 6456 8872 
1744 5315 8872 
3319 1200 8152 
2002 1095 8918 
4292 6068 6458 
6068 4634 6458 
3997 600 6459 
5986 3997 6459 
2440 788 8597 
5188 8524 8930 
2455 1309 7271 
4834 6303 6464 
6462 7511 9128 
3960 6462 9128 
3753 4368 6727 
4368 1025 6463 
111 6461 8413 
1706 111 8413 
4012 3013 6465 
4524 1185 6465 
5731 6371 6628 
1504 6365 7730 
1204 4351 8408 
5478 5374 6467 
442 1031 6468 
4612 442 8355 
4815 3774 6469 
3774 5309 6469 
1385 4025 6470 
4025 3877 6470 
6471 2743 6652 
2743 1981 6652 
2277 2948 6472 
2948 6185 9095 
4679 4170 7736 
5770 1555 6473 
3079 7376 8404 
3479 4709 8443 
5922 6475 9307 
48 5922 9307 
3839 849 8708 
849 725 8708 
1119 4390 6477 
4390 2435 6477 
6478 3210 7200 
3210 1068 7200 
741 2917 6479 
2917 2073 6479 
3444 3162 6480 
3078 897 9777 
6420 2732 8119 
4430 6420 8119 
4729 6446 8797 
2671 4615 7055 
5993 4786 6483 
3117 5981 8472 
1318 3341 6484 
4533 6484 7289 
3833 5853 6485 
5853 3609 6485 
6599 4518 9868 
8338 5700 9868 
4606 4953 6487 
611 7748 9735 
7072 1176 8438 
2362 7072 8438 
4585 1029 6489 
5667 4585 6489 
436 5721 6490 
5721 1557 6490 
6491 4442 9428 
6438 1155 6491 
3171 208 6492 
208 5796 6492 
17 779 6884 
6327 3403 6493 
1857 1666 6494 
3656 1857 6494 
6508 2621 7081 
4408 1000 6495 
2142 4257 9865 
4734 409 6496 
4963 3808 6497 
937 7201 9444 
6101 2361 7800 
1594 6577 9040 
9372 4685 9393 
4360 3822 6499 
8356 5017 9527 
5310 4774 6500 
3296 228 6501 
3296 6501 7267 
427 3021 8820 
233 3493 6869 
32 1443 6503 
2997 32 6503 
2228 5370 6504 
5370 4124 6504 
2381 4687 6505 
4687 2738 6505 
4673 6580 7126 
5944 4989 6506 
5875 1835 6507 
3468 6936 7961 
3550 2621 6508 
3711 3550 6508 
9374 1454 9815 
2996 454 6509 
2718 95 6510 
6312 2718 6510 
6511 702 6777 
1282 1886 8995 
3421 2936 6512 
2936 3589 6512 
25 5138 6513 
5138 1473 6513 
2649 6514 8111 
3525 2649 8111 
6515 2848 6601 
5154 4000 9724 
1954 3187 6516 
4527 1954 6516 
4130 5006 6517 
5006 2177 6517 
6143 4310 8659 
4310 4659 8659 
9346 1366 9908 
7141 3374 8988 
3288 5115 7738 
6852 812 9586 
3538 1103 6521 
4561 3538 6521 
4431 6522 9681 
6002 4431 9681 
5260 4045 8247 
173 5260 8247 
1739 6398 6524 
6398 2208 6524 
4360 6499 6525 
3449 251 9235 
6526 6535 8146 
114 3876 7236 
2921 5789 6527 
5789 4863 9357 
4026 4661 6528 
4661 3512 6528 
6332 6385 6529 
5745 6529 8088 
1290 2346 6530 
2346 2468 6530 
511 4737 8520 
4658 9323 9971 
5931 4358 9730 
5987 5931 6532 
5898 2539 9281 
2539 2915 9281 
3505 7165 9929 
5932 3505 9929 
5155 3352 8655 
8140 5155 8655 
3353 2771 6536 
3365 3353 6536 
3529 2762 8507 
599 4621 7125 
4438 1225 6538 
5657 4438 6538 
3519 281 6539 
7992 7174 8513 
3545 6540 7575 
2447 7869 8527 
5181 6052 6541 
6052 139 6541 
8646 2108 9496 
5398 5292 6542 
6245 4302 6543 
3225 6245 6543 
6544 4052 8348 
5081 4052 6544 
2147 1878 9661 
6204 4539 9661 
409 3109 6671 
4432 4369 6546 
4458 525 8819 
1405 34 8045 
4167 453 6611 
5138 4445 7001 
3709 5533 9443 
4406 3704 6549 
381 2961 6827 
4732 4157 7588 
6163 5013 7581 
5013 5867 7581 
210 5266 6552 
5266 2854 6552 
6553 2683 6731 
1430 4640 6724 
6366 203 6554 
4767 6366 9368 
1649 4692 6555 
4692 1427 6555 
426 4052 6556 
4052 5081 6556 
7447 5288 7557 
194 3541 6557 
1522 9092 9507 
2998 4195 6558 
4587 5832 6559 
1425 4567 6559 
1285 4381 6560 
7630 1224 9471 
5162 5838 6561 
5838 6007 6561 
6562 7022 8073 
4158 3297 7315 
6563 1153 6710 
1153 2623 6710 
5095 2040 6564 
2040 5653 9230 
2047 2651 6565 
2651 4446 6565 
3242 4911 9685 
4150 4565 6566 
1114 53 6567 
4246 1114 6567 
278 2332 7848 
705 5061 6568 
3591 2288 6569 
4460 3541 7751 
4709 7524 9829 
671 5512 8826 
4207 4802 6571 
4802 5678 6571 
4073 2042 6572 
3561 2642 9285 
2557 6685 8399 
8120 8399 9581 
6574 3914 8662 
131 3914 6574 
3531 3053 6687 
1414 3531 6687 
3262 360 6576 
360 5917 6576 
2298 2351 9338 
7569 2709 9338 
3475 5441 6578 
5441 1832 6578 
156 6515 6579 
2848 5154 9724 
2314 1273 9306 
4465 1137 8629 
3931 4684 6581 
4684 4035 6581 
2647 6401 6582 
5648 6005 9395 
7241 1243 8374 
5663 6583 7314 
150 1029 9513 
5667 2998 9042 
4444 4170 9860 
4170 4184 8981 
66 2045 7850 
4483 7498 8732 
883 2048 8739 
8429 6587 8739 
3072 5697 6588 
8561 5697 9824 
6589 569 8700 
8192 7250 8700 
6590 5210 9889 
3325 5210 6590 
3706 5694 8253 
2475 3706 8253 
3803 5144 6592 
6358 3803 6592 
6374 5736 7527 
272 6374 7527 
2838 3778 6594 
3778 952 6594 
328 3452 9994 
7989 7975 8396 
426 5988 6596 
5988 3093 8748 
1963 6250 7752 
6089 2461 6597 
6120 285 7217 
285 2847 7217 
3761 2255 6599 
6486 857 6599 
6600 1623 7910 
8132 199 9121 
4870 9646 9724 
6579 6515 6601 
6602 396 8147 
4179 1674 6602 
5539 2420 6603 
5079 96 7403 
5157 6031 6604 
4808 7331 9637 
2840 3069 8765 
2289 6605 7993 
4129 1497 6606 
1497 4306 6606 
1781 6505 6607 
6607 8105 8791 
1659 4913 6608 
4913 5784 6608 
872 2917 9602 
3963 2696 6609 
6066 3258 6610 
4993 6066 6610 
6548 1389 6611 
7863 174 8964 
3489 2906 6612 
2955 3489 6612 
1744 8872 9948 
246 1744 9948 
675 8773 9109 
1154 4482 6614 
2691 5176 6615 
2737 112 6615 
2184 3816 8724 
7968 4785 8032 
6617 4499 8332 
4499 3804 8332 
5077 6399 6618 
6399 5679 6618 
977 2533 6619 
2533 3450 6619 
5565 5810 6620 
7103 861 9762 
6621 2330 9158 
2201 4841 6663 
5283 8180 9286 
6613 5283 9286 
1286 284 8000 
2095 1379 7466 
2579 5207 6715 
1843 4780 9025 
1930 4198 7358 
3246 1811 9244 
4623 4188 6626 
842 4623 6626 
4638 3907 6627 
6591 1489 6627 
6371 5506 6628 
6628 4633 9369 
5844 5353 6629 
6793 3161 7610 
3400 2893 6630 
5565 3400 6630 
5762 6108 8248 
6108 2440 6631 
8265 6632 8542 
6632 4440 8542 
4580 4127 6875 
565 4328 6633 
3752 658 6634 
5714 5426 8881 
4685 3191 9393 
5661 203 7400 
6636 713 9320 
5189 411 9860 
1271 5462 9478 
1717 3299 9478 
4971 3334 6638 
6426 4603 6638 
2082 7630 9471 
8243 2082 9471 
5933 1779 6640 
4518 2255 6792 
1618 5771 6641 
3316 1985 7891 
4367 364 8319 
3727 7348 7731 
246 6622 6643 
6622 5571 6643 
2238 5486 6644 
1824 6644 8176 
92 2465 6645 
2465 5343 6645 
1899 5178 6646 
5178 6225 6646 
9 3271 7542 
4863 6647 9357 
5353 1291 6648 
4330 5353 9711 
1094 2120 6649 
2120 6194 6649 
4824 2954 6650 
5465 4824 6650 
2986 2709 6651 
4396 2986 6651 
4607 7034 8030 
2120 5212 8530 
5335 7108 8940 
5610 5335 8940 
1022 3077 6654 
3632 1022 6654 
6972 56 8389 
5778 56 6655 
5287 4299 6656 
5342 5287 6656 
949 2497 8882 
2074 4523 9009 
8262 2711 8747 
2682 290 7167 
878 6349 9332 
4722 9044 9763 
4174 5938 6660 
5938 269 6660 
659 428 6661 
3043 4569 8540 
6128 2001 9547 
2277 6290 6662 
6135 6306 6663 
2330 810 9158 
6655 56 6972 
56 4519 8389 
1522 543 9092 
3856 8754 9194 
1295 1949 6666 
1949 2821 6666 
5184 4764 7295 
6318 2689 6667 
4487 1274 6668 
4829 4487 6668 
224 6242 8256 
8283 1528 9315 
2129 6058 6670 
6058 1125 6670 
6171 6546 6671 
428 7601 9865 
6672 8406 8550 
2627 6672 8550 
4980 2911 8569 
8432 6673 8749 
2268 1265 9398 
3460 3415 8441 
4406 2117 6675 
2117 6632 6675 
628 6676 8678 
4722 628 8678 
4733 5393 6677 
5393 3595 6677 
4562 5240 8350 
5240 1844 6678 
6679 148 9345 
4889 5772 8081 
694 87 6680 
87 1015 6680 
1216 3007 6681 
3007 3581 8977 
1001 5420 6682 
5420 2058 6682 
3059 5666 6683 
3436 2832 8928 
3823 4720 7535 
5410 3744 7535 
4765 662 6685 
2098 3015 7162 
6686 9027 9888 
1032 4997 9027 
3053 3122 8588 
3302 6575 6687 
4815 6422 6688 
6422 1600 6688 
3921 3722 7267 
3827 3296 7267 
5437 547 6690 
2540 5437 6690 
6691 2772 9481 
2772 4624 9481 
1832 5441 7039 
6149 1893 6856 
2463 2896 6693 
2896 3651 6693 
83 6158 6694 
6158 1047 6694 
1575 2034 9279 
7429 5151 9279 
6696 2422 9275 
8487 8681 8684 
6142 1942 7993 
1942 254 7928 
1450 5350 6698 
5350 106 6698 
4296 7988 8086 
6103 4276 8645 
821 3041 8602 
33 3118 7213 
4842 6701 7892 
6701 1640 7846 
1528 4974 6702 
4974 2096 6702 
1138 2864 6703 
6279 1138 6703 
366 6704 7262 
5593 3731 6704 
7235 6705 7273 
6705 5452 7273 
6706 388 8368 
1055 5131 9936 
2725 5559 6707 
5559 1792 6707 
4298 2247 7143 
3394 4298 7143 
1394 3251 6709 
1134 562 7082 
1579 3197 6710 
3197 3150 9482 
378 555 9192 
3666 815 6711 
6712 2497 8999 
2497 949 8999 
4636 457 8539 
73 4636 8539 
1806 2781 6714 
85 3265 7142 
4213 6624 6715 
6624 242 6715 
6716 3280 9829 
3280 4709 9829 
7119 1716 8971 
4229 8202 8906 
3351 5225 7722 
720 1726 7018 
8012 6977 9035 
2765 8012 9035 
646 6720 7074 
2229 646 7074 
675 3757 8773 
6614 4482 6721 
1943 6722 8947 
1943 3687 6722 
4960 4614 6723 
2276 4960 6723 
6724 5875 6760 
2683 5276 6731 
6725 1748 9077 
864 1748 6725 
1164 3333 6726 
3333 5575 6726 
4368 6463 6727 
6463 359 6727 
6888 6159 9270 
5813 6159 6888 
1806 2168 6729 
6213 558 6729 
5614 639 7011 
576 5614 7011 
1430 6724 6731 
5875 6507 6760 
3192 3573 6732 
2282 6732 9288 
7621 573 9959 
5461 4429 6733 
1426 5121 6734 
5121 262 6734 
2066 4366 6735 
4366 2819 6735 
7215 6033 8840 
1255 68 7286 
313 2210 6737 
217 12 9304 
2612 5108 6738 
4196 822 6881 
1935 6041 9155 
8329 2622 9619 
3302 3122 6740 
7907 6740 9141 
6741 2941 9390 
2941 4682 9390 
261 4724 8924 
4724 543 7560 
3886 1851 9209 
3863 3886 9209 
3618 830 6744 
4664 1759 6744 
6062 5464 9394 
347 6290 8817 
2140 5572 6746 
7329 4341 9648 
2423 5015 6747 
5015 2056 6747 
3261 6427 6748 
6427 2616 6748 
6610 5671 9115 
125 6749 6817 
1588 6080 8808 
1570 1933 6933 
1576 5599 6751 
5599 2464 6751 
2169 4433 6752 
6826 2814 9825 
3845 1428 6753 
5481 1769 7729 
4568 6754 8734 
2749 4568 8734 
3417 2438 6755 
4353 3417 6755 
4601 6756 6788 
5341 4601 6788 
1621 4261 6757 
4261 5312 6757 
4509 2925 7092 
3312 4509 7092 
2210 3345 9232 
8324 5958 9420 
6553 6731 6760 
6731 6724 6760 
787 7681 8296 
2958 5175 7486 
3444 6480 6762 
6882 3532 8534 
4845 877 6763 
877 4293 6763 
5809 5109 8644 
2167 4072 6764 
5946 4892 6765 
4589 5946 6765 
2863 1288 6766 
1288 5317 6766 
6931 2934 7792 
7695 2200 8675 
70 1427 6768 
3795 4796 8591 
5061 705 6769 
1240 3040 9039 
2985 5236 6770 
768 9218 9765 
6077 4998 6771 
2461 6077 6771 
79 6553 6772 
6772 6553 9170 
4954 6330 6773 
6330 3952 6773 
6694 2448 8555 
946 7367 9561 
6775 4131 8248 
4131 117 8248 
293 6168 6776 
6168 2802 6776 
1727 6226 6777 
1886 4308 8995 
2862 1256 6778 
1256 4868 6778 
536 5759 6779 
438 686 6779 
568 4108 9074 
4856 4245 6780 
1202 2377 8653 
5953 1418 9010 
4777 3748 6782 
1358 4777 6782 
3528 2179 6783 
6308 3528 6783 
7108 5335 8227 
7718 2055 9877 
4907 4349 6785 
4349 5819 6785 
4381 5687 6786 
5687 4286 6786 
1853 4932 9914 
4745 2123 6787 
6144 2050 6788 
5430 2144 7867 
4123 6388 6789 
6388 4598 6789 
457 4636 6790 
4871 457 6790 
756 6617 8332 
4221 756 8332 
3054 5933 6792 
5933 6640 6792 
3161 5844 7610 
5383 2595 6793 
6956 2000 9499 
5957 3215 9535 
5404 3851 9419 
3736 6102 8688 
8643 5432 8988 
6427 1366 6796 
5239 6797 7404 
648 5239 7404 
5503 3374 7141 
4320 4666 6798 
2061 7178 7309 
845 9462 9892 
4373 5172 6800 
5172 4470 6800 
72 799 9984 
6801 799 9495 
5455 6658 9301 
3740 5455 9301 
2331 583 7383 
1364 4046 6803 
1971 3381 8921 
3381 5471 8921 
3077 2294 6805 
6654 3077 6805 
7360 8615 9018 
1766 4617 6806 
5732 3243 6807 
3849 5732 6807 
120 1188 6808 
2907 6160 6808 
2283 6320 6809 
6320 2364 6809 
4611 1412 9924 
2412 4611 9924 
4874 5031 6811 
5031 3054 6811 
5247 6390 6812 
6390 867 6812 
5098 2871 6813 
2871 5959 6813 
2169 6752 6814 
6752 2855 6814 
5583 1660 6815 
1660 6285 6815 
5974 6816 7499 
3853 1715 6816 
4993 6610 6817 
6749 4993 6817 
3903 3439 6818 
2568 4614 8608 
432 6819 8225 
4939 2232 6819 
6820 3486 9748 
514 6348 9748 
5791 3231 8137 
4461 48 9038 
2699 5346 6822 
5346 1492 6822 
4167 6611 8964 
1389 7420 7863 
288 2975 7673 
5067 1917 8298 
1308 318 9098 
634 1308 9098 
6752 4433 9825 
2814 6752 9825 
4157 3485 7588 
4181 7037 8589 
3457 4118 6828 
4118 2276 6828 
2635 5537 7016 
5501 2635 7016 
3815 2190 6830 
6830 2190 7211 
1062 5104 6831 
5104 2532 6831 
384 2174 6837 
6660 269 6832 
2146 1239 8205 
1405 2146 8205 
4069 3155 6834 
6004 4069 6834 
3744 3823 7535 
5602 6684 6835 
1708 6278 6836 
6278 551 6836 
6660 6832 6837 
6832 384 6837 
6838 826 7438 
826 3525 7438 
8035 6839 9634 
3446 8035 9634 
1793 3045 6840 
3045 2195 6840 
1907 1591 8725 
4843 1907 8725 
5095 6564 7830 
7095 4858 8544 
1955 1815 7006 
1815 6843 7006 
2605 2020 6844 
6032 2605 6844 
4832 3777 7690 
4132 4832 7690 
2813 3760 6846 
3760 5086 6846 
3420 5563 6847 
5563 3362 6847 
8674 1064 9841 
6210 64 8963 
622 6363 7515 
1081 622 7515 
4313 489 6850 
4963 4313 6850 
2203 3967 9976 
4324 4063 9932 
7638 6852 9586 
5115 6003 7738 
3186 1091 8251 
8007 6462 8251 
4919 6009 6854 
6009 5631 6854 
1925 5809 8644 
3874 3732 8764 
6615 6149 9455 
7039 2691 7767 
4 880 9397 
5852 4790 6857 
2198 3046 6858 
1681 4884 6858 
1119 2460 6859 
2460 3752 6859 
1830 2484 9716 
541 5815 6860 
4999 5520 6861 
5520 2540 6861 
6862 4112 8553 
4112 4991 8553 
3147 2736 9050 
6564 235 7830 
5020 5328 6864 
445 487 7116 
2348 4595 6865 
4595 1457 6865 
4140 3908 9851 
5265 1076 6866 
6867 7555 7739 
6333 3404 7555 
6868 4166 9055 
4166 6501 9055 
3493 2507 9003 
3578 6073 8820 
2911 3765 8569 
3765 8432 8749 
876 3515 6871 
6871 3281 6950 
7067 2764 9664 
2719 7067 9664 
1248 3083 6873 
3083 3982 6873 
4457 2154 8339 
4920 3747 7991 
2177 4580 6875 
6633 2177 6875 
3995 6876 8614 
5736 3995 8614 
2582 4612 6877 
5501 2582 6877 
6878 1163 7035 
1163 5990 7035 
6471 6652 8530 
5096 6471 8530 
5349 5543 6880 
5543 4669 6880 
3163 4717 8620 
6738 5108 6881 
1235 1675 8161 
6882 5928 8161 
434 3969 9662 
3135 434 9662 
6327 6493 6884 
6493 2313 6884 
1392 4752 6885 
772 6885 9377 
5418 1091 7519 
1091 5349 7519 
4486 2589 6887 
2851 1214 7111 
5021 6728 6888 
6728 5813 6888 
4667 1232 8681 
2999 2182 6889 
1777 5306 6890 
165 7442 8499 
4007 3375 7960 
6891 4007 7960 
5812 1339 6892 
1007 5812 6892 
5307 3999 6893 
6207 5307 6893 
204 3881 6894 
6534 204 6894 
3711 4408 6895 
1933 1588 8808 
713 1507 6896 
1507 4873 6896 
75 5217 6897 
3185 6352 7884 
1533 1018 6898 
2630 1533 6898 
7646 3309 8335 
3309 5002 8335 
7014 6164 7073 
6900 7014 7073 
1513 4426 6901 
4426 2213 6901 
1431 926 9589 
4500 1431 6902 
5755 1672 8893 
4916 337 6903 
824 3016 6904 
3016 4600 6904 
3684 6444 6905 
2190 3815 9863 
2779 6142 6906 
6142 4334 6906 
1811 6148 6907 
2248 7524 9746 
227 4992 6908 
4992 5850 6908 
6903 1646 7243 
1646 699 7243 
6451 8561 9824 
4605 6451 9824 
3854 6911 9211 
2267 1771 7176 
4902 6785 8166 
6912 7416 9440 
4680 3125 6913 
3765 4680 8432 
3383 4478 9570 
2379 3123 7224 
6609 2696 6915 
3291 6536 8058 
238 5899 6916 
5899 5776 6916 
8941 1585 9862 
6181 6191 6917 
2562 5299 6918 
5299 3888 6918 
4370 6252 8927 
7525 8083 9295 
6099 2062 7565 
2062 1325 6920 
3910 2012 8016 
1264 3910 8016 
901 6767 6922 
2200 4916 6922 
4741 4046 6923 
583 2331 9965 
2643 632 9006 
4965 7374 7393 
674 5146 6925 
4278 3474 6925 
679 2804 6926 
3638 679 6926 
5326 1316 7117 
1968 5326 7117 
816 1598 8414 
1199 2325 7109 
3530 5108 6929 
5108 2612 6929 
722 5421 7137 
5113 3645 8317 
5591 6767 6931 
6767 2934 6931 
4164 6455 6932 
7272 7936 8622 
4408 6495 6933 
6495 6750 6933 
3748 4777 9687 
4777 712 6934 
1024 4096 6935 
4096 5389 6935 
2639 4631 6936 
4631 4996 6936 
3401 1934 6937 
1046 4200 6937 
3207 6994 7883 
6342 4984 9587 
1407 5356 6939 
4290 291 9577 
789 1357 6940 
1357 6000 6940 
2479 181 9206 
5515 424 6941 
2025 1065 6942 
6249 2025 6942 
4175 1967 7734 
6943 7827 8239 
4907 6785 6944 
6785 1293 6944 
2597 4154 7788 
4499 303 6945 
3209 3351 7032 
40 3209 6946 
8460 4251 8602 
7913 7829 9479 
5305 4753 7302 
3294 3298 7302 
6799 1641 9892 
390 1673 9002 
3281 3300 6984 
1032 6950 9344 
4242 2796 8586 
1438 1243 6951 
6354 5233 6952 
3641 6130 6952 
3415 4665 6953 
4665 118 6953 
6440 5794 9583 
3480 8163 8322 
4185 4624 6955 
4624 1037 6955 
6480 6882 8534 
3215 459 9535 
2775 1844 6957 
1844 5240 6957 
6958 4173 9741 
4968 1282 8370 
1332 5566 6959 
5566 3689 6959 
6415 6590 6960 
5210 4400 9889 
3041 8460 8602 
6700 4216 6961 
2456 3204 6962 
6436 6123 6962 
2744 2617 6963 
5323 5654 6963 
4462 5980 6964 
5980 5539 6964 
5417 529 9740 
4627 5417 9740 
5571 6622 6966 
8180 3160 9286 
4363 6464 6967 
6464 6303 6967 
1731 1920 9742 
3024 97 6968 
2057 6411 6969 
6411 3735 6969 
5400 5683 8794 
5889 2353 6970 
1407 6939 6971 
6939 6151 6971 
2221 345 7028 
345 846 7028 
3586 5046 7460 
5046 251 7460 
5300 5201 6974 
5791 3713 6974 
6975 4908 7353 
4908 3000 7353 
3166 6976 7489 
6042 3194 7468 
3791 1648 8616 
4004 6719 6977 
598 734 9492 
1907 4843 6978 
627 5223 6979 
6098 1993 6979 
8717 794 9273 
88 1387 7230 
1225 2105 6981 
2105 6930 6981 
3625 2904 8124 
5491 4280 6982 
4232 3620 7279 
5742 6983 8123 
3957 6146 6984 
6146 1032 9344 
1685 3617 8936 
3942 4177 6985 
2572 6033 6986 
2477 1255 8698 
2964 5671 6987 
5671 6610 6987 
4189 2956 8663 
6237 2573 8663 
1863 2315 9673 
6989 2977 8880 
3712 7171 7855 
5327 6990 8799 
2815 4593 6991 
4593 2263 6991 
5838 3471 6992 
6074 5838 6992 
4376 5647 9712 
4893 283 6993 
3207 3549 6994 
3549 6938 6994 
2495 1097 6995 
1097 5620 6995 
5203 1683 6996 
4119 4009 9909 
584 6997 8196 
2164 584 8196 
5008 885 7669 
2611 5008 8528 
6999 443 9840 
443 6395 9840 
5756 5895 8162 
5895 3320 7000 
4445 1918 7526 
1918 1389 7526 
1367 1287 8567 
6425 5999 7002 
4858 6842 8544 
7003 7095 8544 
2724 1941 9312 
490 2724 9312 
1532 6313 7005 
6313 3496 7005 
6843 393 7006 
6300 6083 7006 
2553 2954 9844 
2954 5107 7007 
6262 2080 9169 
2080 5304 9169 
4947 1796 7009 
6040 4947 7009 
738 3035 7010 
6038 738 7010 
2518 1675 7011 
1675 6730 7011 
5838 5162 7012 
2733 3471 7012 
2249 2920 7013 
4037 2249 7013 
3690 2004 7014 
6900 3690 7014 
8624 8303 8836 
5439 3240 7015 
5537 6195 7016 
6195 6829 7016 
4448 6026 8854 
6565 4446 9107 
5963 4650 7018 
5225 5963 7722 
5209 4980 9773 
4404 5209 9773 
3370 7030 9629 
6432 3370 9629 
1410 7021 8712 
6784 5335 8755 
3297 3068 7315 
1885 4561 9563 
4697 6357 7023 
6357 6600 7023 
3117 8472 8889 
5001 2885 7024 
5955 3511 7025 
3350 1922 7684 
1769 5481 7026 
2949 782 8677 
6096 191 8373 
6906 4334 7027 
6664 8389 8803 
5450 6664 8803 
6096 8373 9540 
733 176 8667 
4376 7020 7030 
4714 8031 9629 
3308 7544 9659 
4618 1555 7031 
7032 3351 7722 
217 6946 7032 
3488 3393 7033 
3393 7415 7970 
8587 7209 9905 
5212 5096 8530 
2561 1842 7820 
6878 7035 7820 
7036 6468 8385 
8115 7036 8385 
7037 4181 9508 
4181 3485 9508 
8524 5188 8928 
5188 6443 7038 
6856 6692 7767 
2691 6615 9455 
3962 2269 7047 
5051 6379 9839 
6204 1878 7228 
1878 5881 7228 
5861 9105 9271 
5861 1444 9105 
7043 896 8369 
4723 5248 7043 
5047 3107 9037 
7044 3500 9037 
5143 5363 7045 
5363 397 7327 
771 2314 7046 
2314 4936 7046 
7040 7047 9839 
2269 326 9263 
6434 1702 7048 
5967 6434 7048 
3089 1110 7999 
1700 6479 9264 
4419 5344 9631 
4140 1090 7050 
5290 6084 9430 
5204 5290 9430 
5680 1842 8014 
2113 526 8014 
6034 1385 7952 
6667 6343 7053 
3628 4251 7829 
3213 1148 8516 
6446 5885 7055 
6414 4729 8797 
5117 4938 7056 
2317 172 9274 
2631 4999 7057 
4999 3087 7057 
7008 2872 7058 
571 7008 7058 
6098 6205 7059 
6205 5377 7059 
5807 4611 9608 
89 7392 8744 
4540 2839 7800 
4030 4540 7800 
3075 7017 7647 
5329 3075 7647 
7063 4020 8508 
8130 1003 9501 
6701 4842 9593 
1695 2193 8244 
3780 3692 9449 
7065 8174 8874 
6465 1563 7066 
3802 4524 7066 
2719 3478 8897 
2058 3583 9686 
2350 3175 9241 
1067 5627 7068 
5863 2293 7069 
4346 1613 7069 
1476 2578 7124 
4984 5277 7070 
4234 5569 7202 
2659 4234 7202 
2362 3557 7072 
3557 1345 7072 
6164 7652 7762 
7073 7762 8435 
6720 3174 7074 
3535 2229 7074 
3613 4780 7075 
1843 4034 8596 
3360 3426 7076 
3426 2670 7076 
3134 6415 7077 
6415 310 7077 
3386 5562 7078 
6769 8070 9316 
4595 2348 7079 
5597 4595 7079 
7118 1611 8113 
2535 7118 8113 
6078 5300 7939 
6974 3713 7939 
3251 267 7082 
6709 3251 7082 
5962 7852 9126 
2272 5962 9126 
3519 2231 9030 
5343 2990 7084 
2689 2919 7589 
4471 5857 7085 
448 762 9253 
2601 4915 7086 
5574 1158 7087 
2510 5574 7087 
5226 6027 7088 
6027 506 7088 
1101 7089 9284 
1812 6021 8670 
6311 1757 7090 
5488 6311 7090 
5049 6370 7091 
6370 1367 7091 
563 1771 9949 
2267 1045 9949 
4120 6161 7093 
314 377 8307 
5972 2265 7094 
5344 5972 7094 
2190 4858 7095 
3208 7537 7607 
6569 2288 7608 
943 6569 7608 
4949 4237 7097 
4237 5319 7097 
2758 2883 7098 
2585 2758 7098 
6920 1325 7567 
4776 1163 9325 
416 2338 7100 
2338 5724 7100 
1228 664 8139 
6632 2117 7101 
1277 1529 7102 
6248 1277 7102 
5810 6099 7103 
6620 5810 7103 
3359 6777 8832 
6777 702 9426 
6757 4411 7105 
5888 4807 7105 
538 2497 7888 
8346 4194 9806 
7821 2237 8401 
3530 7853 8776 
3841 5938 8226 
209 3841 9242 
3883 7109 8638 
5408 2037 8638 
3328 7068 9253 
762 2869 9253 
6887 5019 7111 
4574 2851 7111 
4797 3412 7112 
5799 4797 7112 
7113 2914 8801 
3240 4675 7113 
3074 3901 7114 
3901 1117 7114 
3299 6637 9184 
458 6044 7264 
449 6864 7116 
6864 5328 7116 
5601 1968 7117 
6927 5601 7117 
2535 4056 7118 
1190 414 7140 
3906 7119 7938 
3906 7311 9130 
1418 3056 9010 
3269 5953 9010 
4650 5963 9258 
1623 199 7910 
6013 5625 7122 
7122 7992 8513 
5157 6604 7123 
6604 7160 7918 
2578 7070 7124 
7070 5277 7124 
4621 3641 8617 
5233 8507 8617 
1183 3631 7126 
369 5376 9560 
1602 3322 7127 
3322 745 7127 
5314 2960 9383 
7128 4901 7323 
3218 5880 7129 
5880 482 7129 
2270 3294 7130 
3294 6948 7130 
3516 2583 9008 
2583 2836 9008 
5098 6813 7948 
7029 6541 7132 
5176 3568 9236 
2737 6615 7133 
5900 987 9380 
5495 5900 9380 
3573 5063 7819 
1756 2282 9288 
2706 5418 7136 
5418 5174 7136 
3645 4864 8317 
6930 722 7137 
4146 7885 8208 
144 1357 7276 
7310 839 9863 
839 1541 7470 
1611 7118 7140 
7118 1190 7140 
9139 6519 9346 
6519 7479 9346 
7978 6714 9576 
6714 2781 7142 
674 3394 7143 
7143 6849 9087 
2045 154 7144 
154 5494 7144 
5080 5191 7145 
5191 5014 7145 
2707 5896 7146 
5896 245 7146 
6111 6064 9203 
4379 8004 9522 
3347 5078 7148 
5078 4632 7148 
1750 6349 7149 
6349 878 7149 
6114 2506 7742 
2506 3314 7742 
3371 7148 9370 
2876 1817 9644 
6411 2057 9969 
3634 5103 7152 
7153 1453 9406 
5641 4378 9406 
3368 2912 7154 
2912 6802 8811 
4399 3056 8518 
3056 1418 8518 
4577 2924 7156 
4821 2406 8875 
1872 2068 7810 
1783 3658 9386 
5944 7126 7158 
7126 3631 7158 
920 3252 7159 
3252 2016 7159 
6604 5914 7160 
207 7648 9652 
74 2866 9019 
2571 4323 9611 
4258 2098 7162 
2637 8120 9581 
1669 6620 7163 
6620 7103 9762 
1616 4854 7164 
4854 392 7164 
3505 3788 7165 
3788 318 7165 
1854 569 8802 
3419 1879 7166 
3746 7179 9978 
3746 2711 7179 
4901 7128 7168 
1053 1208 9487 
8954 4309 9491 
4101 8954 9491 
770 4883 7170 
4883 171 7170 
5568 2905 7171 
3153 3712 7855 
137 5320 7172 
5320 3515 7172 
253 2025 8551 
1818 7545 8421 
302 6539 7174 
6539 2599 7174 
7175 2646 7216 
2646 5235 7216 
6911 1573 7176 
3919 5267 7176 
4056 5391 9511 
5391 7177 9511 
2061 4179 7178 
4179 6324 7178 
636 3746 9978 
7167 7154 8262 
547 2664 7180 
2664 1221 7180 
468 4497 7181 
4497 130 7181 
5458 5510 8691 
6759 7182 8321 
1845 6344 7183 
6344 4661 7183 
948 1979 7184 
1979 5342 7184 
2463 3766 7365 
2896 2463 7365 
6266 1261 9131 
8671 5229 8701 
1583 5665 7187 
5665 6450 7187 
5217 7085 7188 
7085 2689 7188 
4968 6958 9741 
2395 1277 9189 
8547 4359 9340 
5404 6102 8769 
1200 983 8152 
6457 2002 7191 
145 1059 9655 
3789 6502 7192 
2843 3836 9562 
730 1350 7796 
3532 6454 7220 
459 2984 7194 
4268 1242 7195 
1242 4794 7195 
2726 3190 7196 
3190 4876 7196 
3862 7197 9214 
4541 3862 9214 
4163 6728 7198 
6728 2188 7198 
5227 3064 7199 
3064 6030 7199 
1068 1710 8322 
4402 3480 8322 
3469 2264 7201 
3191 3469 7201 
5569 4234 9223 
7931 9048 9750 
2873 1679 7203 
1679 2944 7203 
5446 4407 7204 
4407 6346 7204 
2238 6644 7547 
4307 3638 7547 
7967 7206 8468 
2455 6967 7639 
1169 431 7207 
431 1599 7207 
5698 1368 7208 
2284 2643 9006 
3236 4182 7209 
3954 5821 9354 
3954 249 7210 
4794 3954 7210 
2190 7095 7211 
7095 7003 7211 
1683 5982 7212 
1680 1482 9413 
2463 7213 9330 
683 2463 9330 
7214 4715 9466 
4477 7467 9466 
5719 2572 8680 
6986 6033 7215 
5662 6386 7216 
6386 7175 7216 
5132 6120 7217 
6598 5132 7217 
3918 2099 7218 
3488 10003 7633 
180 1311 8497 
5574 2510 9901 
1675 2518 9172 
6794 459 7844 
923 3524 7221 
5463 923 7221 
6534 2219 7222 
3748 6241 7222 
7223 6312 9603 
1316 1144 9703 
7224 9570 9706 
6689 4289 9342 
1080 1508 7225 
6155 1080 7225 
2993 1096 7419 
5052 2993 7226 
5310 6500 7227 
6500 221 7227 
7041 3872 7228 
5881 7041 7228 
1525 3509 7480 
2261 1267 8164 
5368 171 7812 
171 4883 8001 
4493 574 7231 
4987 4493 7231 
3748 7222 7232 
7222 74 7232 
955 4324 7233 
8057 7233 8058 
5970 5911 8721 
5911 1630 8721 
4615 6356 7235 
5074 6705 7235 
4494 6526 7236 
6526 5385 7236 
3475 7237 9718 
6135 3475 9718 
1103 5716 7238 
6293 1103 7238 
3018 3965 9096 
3965 1131 9096 
6292 2396 7240 
4412 3445 7240 
4242 5663 7314 
4817 4242 7314 
4728 213 7242 
3813 8330 8817 
6909 4916 7243 
2485 6909 7243 
2199 4377 7244 
4377 2619 7244 
4235 6351 7245 
6351 3599 7245 
1072 3012 7246 
7 5420 9688 
913 4618 7247 
4618 3826 7247 
3076 1204 8408 
3146 6467 7248 
3940 1930 7249 
4513 3940 7249 
4582 230 9615 
569 8192 8700 
1978 5241 7251 
5400 1978 7251 
495 1637 7252 
4656 495 7252 
6638 1417 7449 
211 6638 9129 
6376 1635 7776 
6254 6376 7776 
7255 2675 9733 
2675 4789 9733 
3924 3477 7256 
4894 3924 7256 
3095 1471 9680 
1768 4668 9680 
5223 7258 9319 
6979 5223 9319 
888 3315 7259 
3315 225 7259 
2027 455 7260 
6313 4609 7260 
567 7261 8759 
567 4301 7261 
6796 366 7262 
6704 3731 7262 
2872 3354 7263 
3354 6067 7263 
7264 6044 9184 
6044 7115 9184 
5646 5162 8605 
8605 7265 9385 
135 103 7266 
3339 135 7266 
6689 374 9247 
374 3827 9247 
1937 1642 9328 
2010 2467 7268 
1982 819 7269 
4525 1982 7269 
3867 4944 7270 
4944 6394 7270 
115 6325 8175 
6967 2455 7271 
3965 3018 9382 
3088 3965 7272 
6482 7055 7273 
5452 6482 7273 
3599 7274 7624 
3483 6433 7334 
6227 4558 9606 
5587 6317 9199 
789 7138 7276 
7138 4146 7276 
6118 6123 7277 
6123 6436 7277 
5553 7239 7278 
276 7278 7485 
5196 5681 7279 
5681 2137 7279 
2473 3850 8126 
7586 545 8126 
618 5878 7281 
3750 1531 7281 
3544 6481 9034 
2471 4967 9497 
1480 2973 7283 
2973 1382 7283 
3120 3784 7284 
3784 1387 7284 
744 3637 7285 
3637 980 7285 
697 673 8469 
3447 697 8469 
3597 6876 7287 
6876 6862 7287 
954 4613 7288 
6280 4981 7288 
3341 1995 7289 
6484 3341 7289 
7290 5331 8295 
3554 8468 9857 
2847 292 7298 
4082 200 7291 
3346 7292 9429 
4648 3346 9429 
115 7293 7371 
6325 115 7371 
5719 753 7294 
1250 5719 7294 
6667 7053 7295 
7053 5184 7295 
4915 2601 8989 
6145 2350 7296 
2154 3380 8339 
5923 4457 8339 
292 7291 7298 
7291 200 7298 
4888 7299 8985 
1244 4888 8985 
1748 5069 9077 
167 5359 7300 
1773 5148 7301 
759 4256 8898 
6948 3294 7302 
4006 5305 7302 
2744 1564 7303 
1564 177 7908 
1296 775 7304 
6220 1296 7304 
6416 8583 9898 
6323 4008 7305 
1715 5306 7306 
6816 1715 7306 
3 5760 7307 
5760 3429 7307 
3369 545 7308 
2257 3369 7308 
845 1674 9462 
1674 2061 9462 
3030 839 7310 
6905 3030 7310 
5442 5786 7835 
5786 159 7835 
1092 3647 7312 
3647 5576 7312 
1750 4534 7313 
4534 1509 7313 
1243 1438 8374 
6583 7241 7314 
4481 1885 9563 
3068 7022 7315 
951 4531 9772 
6275 4018 7316 
3112 613 7317 
5970 8721 8741 
1218 608 8229 
2712 7318 9120 
210 915 7319 
5092 5707 8456 
8511 7614 9599 
8445 773 9177 
7321 795 8112 
795 7230 8112 
1653 6380 7322 
6380 4806 7322 
5281 1012 8864 
1314 7128 7323 
3394 1483 8753 
3520 91 8422 
4353 2899 8984 
3417 4353 7325 
1251 2677 7326 
7326 6551 9438 
5681 5196 7781 
7045 5363 7327 
709 6013 7328 
6013 3885 7328 
5924 5379 9653 
2140 6746 9653 
1197 6071 7330 
6071 6400 7330 
862 5851 7331 
5851 5914 7331 
3750 7281 9400 
4711 3750 9400 
1889 4543 7333 
4543 3062 7333 
2122 3599 7942 
2729 2034 9351 
1394 6709 9981 
6743 5769 7335 
2382 4767 9368 
6554 1598 7336 
5750 3134 7337 
3134 6115 7337 
3988 5535 7338 
5535 4528 7338 
2062 6099 7339 
6099 5810 7339 
729 6129 7340 
6129 2019 7340 
4928 5692 7341 
1217 1342 7341 
7342 5118 8726 
5118 3695 8726 
230 7250 7343 
7250 971 7343 
1090 4140 7834 
214 311 8017 
1236 7021 7345 
7021 7645 8320 
3456 6662 7346 
743 1707 9677 
5642 4508 7347 
6238 2817 9191 
364 1550 8319 
1550 6642 8319 
5061 6769 9316 
3386 7078 7349 
3068 930 7350 
303 4149 9519 
128 6085 7351 
6085 5100 7351 
5156 7352 7462 
2690 4465 8629 
3000 4986 7353 
4986 6975 7353 
5833 2028 7354 
4656 7252 9805 
1023 1974 7355 
1974 6240 7355 
1910 5508 7604 
2352 1910 7604 
6138 6255 7357 
6255 880 7357 
3111 1930 7358 
7358 6625 9564 
4979 7359 8491 
6483 2156 7359 
1766 6806 8615 
4690 1014 7360 
5308 687 7361 
687 6340 7361 
6084 2413 7362 
4006 6084 8697 
7363 2903 8523 
8523 6806 9437 
867 7364 8415 
163 6291 9654 
4740 7365 9350 
4740 1501 9435 
2001 6128 7366 
6128 350 7366 
946 2294 7367 
2294 5409 7367 
5865 6273 7368 
6273 444 7368 
5667 6489 7369 
310 6415 7616 
1446 2770 8945 
4754 1446 7370 
6325 7371 9256 
336 6325 9256 
5680 7052 7372 
8624 8836 9873 
7373 854 9248 
854 3738 9248 
2525 3110 9632 
8433 2596 9404 
4439 1084 7375 
5485 4439 7375 
1292 5760 7376 
5760 3 7376 
5680 7372 7377 
7372 3495 7377 
6048 4763 8265 
7378 7983 7984 
3860 6170 7379 
6170 1496 7379 
247 5540 7380 
5540 4121 7380 
416 6834 7381 
6834 3155 7381 
7382 607 8673 
3832 6246 8673 
1155 6803 7383 
6803 2331 7383 
4960 3423 7384 
4614 4960 7384 
5356 1407 8030 
1407 4607 8030 
3985 4681 7386 
3692 7386 9449 
2952 6581 7497 
1077 7387 9986 
1899 2944 9403 
1733 6423 7388 
1435 4765 7389 
2687 2604 8395 
82 4269 7390 
4269 6324 7390 
6069 2188 8916 
1196 1070 9215 
4910 1717 7392 
4611 791 9608 
2664 7677 7745 
6924 4965 7393 
4095 319 7394 
319 5764 7394 
4287 3342 7395 
3406 4287 7395 
5029 3159 7769 
7769 10001 9697 
1846 172 7397 
1894 1846 7397 
5193 4371 7398 
1988 5193 7398 
2817 6208 7399 
64 2820 8674 
522 1696 9208 
6525 9372 9393 
5461 6733 7401 
6733 2661 7401 
2093 7402 8454 
2634 2093 8454 
3892 5539 7403 
5539 6603 7403 
6417 6206 7404 
6797 6417 7404 
3407 3960 7405 
3960 2503 7405 
6872 1073 7406 
2623 1153 8069 
5879 5892 7407 
5892 5669 7407 
6912 2279 8044 
3820 7416 8044 
1370 6187 8582 
3326 1370 8582 
5825 1610 7410 
1610 5950 7410 
3396 4660 7411 
4660 2094 7411 
1110 7049 7412 
7049 5183 7412 
4030 2442 7413 
5204 4540 9944 
4708 4262 7414 
4262 5636 7414 
4694 7549 9502 
8509 1919 8790 
3181 3820 8044 
7408 3181 8044 
5860 4140 7417 
4140 7050 7417 
6073 6869 7418 
156 6502 9262 
652 7226 7419 
7226 2993 7419 
174 4167 8964 
3888 6823 7420 
2397 6965 7421 
6965 3255 7421 
811 2550 8702 
2644 2626 7615 
4131 4133 7423 
4145 136 9814 
3619 5012 7424 
6863 3619 7424 
1028 4310 9093 
6518 4644 9182 
1290 1108 8165 
4976 2153 7426 
6511 2428 7427 
702 6511 7427 
1418 5087 7428 
7155 1418 7428 
1400 5151 7429 
5937 1400 7429 
1104 540 8405 
4215 4208 7430 
1682 7599 9760 
6350 5857 7431 
1406 3572 7432 
352 1996 7432 
3363 2113 8014 
5340 869 7911 
1690 2590 7434 
5355 1690 7434 
6235 51 7435 
3376 2011 9668 
7187 6450 7436 
6105 7187 7436 
6184 1928 7437 
7437 1882 9029 
7438 3525 8111 
6514 34 8111 
2826 3843 7439 
1602 5200 8351 
2461 6771 7440 
6771 1753 7440 
4713 1751 7441 
1751 5909 7441 
7499 6890 7709 
6091 7499 7709 
6732 2282 8428 
3154 5571 7443 
5835 6540 7444 
6804 2641 7444 
1918 4445 7445 
5611 1918 7445 
3097 5907 7446 
5907 1123 7446 
5288 2498 7557 
2498 6557 7557 
2564 2217 8278 
2217 7101 8780 
2172 7253 7449 
7253 3767 7449 
2554 4688 7450 
4688 5435 7450 
1291 5844 7451 
5844 6269 7451 
554 3152 7452 
4773 1517 7452 
1263 3267 7453 
3267 3214 7453 
5332 6027 7454 
6027 5964 7454 
1434 3892 7455 
3892 96 7455 
4976 7426 7456 
7456 7426 8738 
1661 145 7457 
3580 1661 7457 
6421 1015 7458 
7458 8106 8855 
7794 1702 9389 
5069 4570 7459 
6973 7460 8939 
3586 6973 7687 
8586 6342 9707 
3413 8586 9707 
7126 6580 7462 
1183 7126 7462 
5443 9000 9530 
6298 5208 7463 
3139 5793 7464 
5793 1252 7464 
10000 2737 7940 
1429 10000 7940 
2819 2095 7466 
6735 2819 7466 
1445 4477 9466 
4715 1445 9466 
6976 4536 7489 
4536 6042 7489 
3013 4012 7469 
4012 3550 7469 
1541 6584 9894 
7139 4858 7470 
2898 4657 7471 
4657 1848 7471 
1138 5041 7472 
4941 2864 7472 
8222 4213 9450 
4213 495 9450 
2287 5316 7474 
1162 5149 9726 
1337 7475 8334 
6121 1337 8334 
3150 699 7971 
4815 6469 7994 
5050 2371 8109 
605 5050 8109 
1595 3970 7478 
735 196 9222 
366 6796 8915 
5521 366 8915 
2411 2261 8164 
7229 1525 7480 
6074 2916 9085 
7481 6074 9085 
706 5042 7482 
5042 4865 7482 
4339 5017 7483 
5017 3973 7483 
7909 233 9834 
3021 7484 9834 
3088 3571 7485 
7278 7239 7485 
4554 1533 7486 
1533 6761 7486 
373 4035 7774 
6581 373 7487 
7269 819 9549 
4623 8420 9470 
7468 3166 7489 
6042 7468 7489 
3475 6135 7490 
6135 810 7490 
3719 1207 9656 
1207 1665 7491 
2509 6899 7711 
5244 2509 7711 
1006 7493 8523 
2903 1006 8523 
5066 1804 7494 
4588 5066 7494 
5382 7399 7495 
7399 6208 7495 
30 7496 8679 
4252 1581 7496 
4829 2952 7497 
7387 4829 7497 
3914 2674 8662 
4483 4024 8838 
6091 5974 7499 
7306 1777 7499 
2459 1723 7500 
1723 4041 7500 
2585 4450 7501 
4450 4951 7501 
1898 2089 8959 
7405 2503 7595 
3038 274 8041 
7503 3442 8832 
6867 4576 7504 
5507 5552 7504 
5513 3927 9805 
7354 5613 9441 
1622 1668 8203 
1725 3005 7506 
1603 3527 7507 
3527 5241 7507 
3664 6183 7508 
6183 3543 7508 
5997 1172 7509 
4761 5997 7509 
8595 248 9500 
7510 8595 9500 
3556 3999 7511 
6462 3556 7511 
2570 532 9854 
767 2308 7512 
1198 6902 7513 
6902 1431 7513 
4398 5756 7514 
4900 5570 7514 
6363 5598 8304 
674 7143 9087 
5005 3735 7516 
4169 5005 7516 
7517 5532 8635 
4235 7517 8635 
2445 2389 7518 
2787 1189 7518 
6886 5174 7519 
5349 6886 7519 
3090 4786 7520 
4786 2717 7520 
5976 3249 9379 
6307 7633 9132 
3646 8039 8804 
9282 8994 9700 
2038 1483 7523 
6119 2038 7523 
2248 671 7524 
5512 4775 8826 
6919 8277 9295 
1135 6919 9295 
1389 6548 7526 
6548 7001 7526 
5736 1142 7527 
5378 6593 8083 
2484 186 9716 
186 541 9716 
2774 3865 7840 
4706 4470 7529 
4822 2104 9594 
6097 4962 7530 
897 176 9777 
3215 3078 7531 
3899 7532 9063 
2264 3899 9063 
4782 1646 7670 
337 4805 7533 
1254 5390 7534 
5390 6433 7534 
4720 5602 7535 
5602 6835 7535 
987 2204 7536 
4905 987 7536 
1425 2780 7537 
3208 1425 7537 
3976 1591 8363 
7538 2186 8363 
4792 9118 9855 
4243 7510 9217 
4503 3855 7540 
3855 4584 7540 
3447 7286 7546 
5686 2652 7541 
62 6527 7864 
3271 62 7864 
4714 6335 7543 
6335 6302 7543 
2491 1791 7544 
1791 7031 7544 
4768 761 9362 
988 253 7759 
1075 1531 8823 
5686 8823 8982 
6644 5114 7547 
3638 7205 7547 
4631 4519 7548 
4040 5609 7548 
3307 4694 9502 
1919 7970 8790 
2450 6354 7550 
6354 6952 7550 
6456 5315 7551 
5315 3372 7551 
7552 7341 8056 
7341 5692 8056 
5535 3988 7553 
3799 5535 7553 
4626 7265 7554 
7265 3883 7554 
6867 5552 7555 
3866 6333 8217 
3451 2074 9009 
6657 5561 7556 
1505 7447 7557 
6557 3541 7557 
1536 4375 7558 
3952 6330 7558 
3085 6781 7559 
6781 1004 7559 
6558 4195 7560 
4195 6742 7560 
3188 3083 9721 
3083 1130 9721 
980 3637 7562 
5701 980 7562 
2490 2464 9355 
3237 2598 7563 
4549 1544 7564 
6315 4549 7564 
2708 1548 9784 
6920 6878 7820 
249 6244 7566 
6244 268 7566 
7099 336 7567 
1325 7099 7567 
1444 256 9105 
7356 2347 7568 
6768 6651 7569 
2356 6768 7569 
4485 5858 7570 
5858 1633 7570 
6750 6821 7988 
1570 6750 7988 
4619 4999 7572 
4999 6861 7572 
1540 3682 7573 
3682 3355 7573 
398 1215 8961 
4520 398 7574 
7575 5648 8452 
5648 1259 8452 
2157 2939 7576 
2939 6456 7576 
5551 4530 7577 
3535 4760 7577 
5968 6474 8404 
5373 7596 9937 
7579 4114 9349 
6026 501 8648 
6842 4858 7580 
4858 7139 7580 
847 7326 9438 
6551 6163 7581 
1967 1560 7582 
455 4175 7734 
2187 2945 7583 
2945 7192 7583 
1946 43 7584 
43 5499 7584 
5952 5347 9136 
6625 1608 7585 
5024 838 8126 
545 5024 8126 
3310 5550 9796 
5550 4701 8200 
6827 4732 7588 
6550 6827 7588 
7589 2919 9290 
4249 7188 7589 
2156 3561 7590 
2469 4979 8491 
1146 7591 8425 
4264 1146 8425 
270 4616 7592 
4616 5062 7592 
5486 7593 8176 
675 1423 7593 
4655 556 7594 
4891 4655 7594 
2503 7502 7595 
10001 2009 9697 
1897 5968 8404 
7578 5373 9937 
6270 3839 7597 
2242 6270 7597 
4277 3624 9779 
4566 5929 8154 
5634 2701 9490 
3349 4468 7599 
5492 4178 7600 
4178 1519 7600 
6661 428 9865 
1632 6661 9865 
1968 5601 7602 
3254 9231 9979 
5459 964 7603 
964 7234 7603 
7356 2352 7604 
2833 7356 7604 
5869 653 7605 
5592 5869 9224 
5686 7541 7606 
7541 7546 7606 
6830 7211 7607 
7211 3208 7607 
2288 7096 7608 
7096 5679 7608 
2006 6310 7609 
6310 3636 7609 
6629 5383 7610 
5383 6793 7610 
534 7611 8153 
1512 534 8153 
518 6452 7612 
6452 5074 7612 
6666 5729 7666 
6373 7208 7728 
901 5774 8511 
1201 901 8511 
2550 4505 8702 
7422 2644 7615 
21 7369 7616 
7369 6489 7616 
4052 5476 7617 
5476 958 7617 
414 3771 7618 
3771 3524 7618 
7930 4271 8483 
7098 2883 7619 
7672 7326 8828 
5159 1251 7672 
2661 3857 7621 
7401 2661 7621 
7622 1808 7959 
1808 5012 7959 
4619 7572 7623 
7572 5252 7623 
1184 7334 9298 
7274 5603 7624 
5615 3875 7625 
890 1656 8538 
597 1762 7626 
7384 597 7626 
1705 5175 7627 
7337 1705 7627 
191 7628 8085 
254 7027 8085 
7629 2860 8436 
5110 8683 9781 
859 883 8639 
7630 859 8639 
342 7631 9154 
3507 342 9154 
4196 5108 7632 
7107 4196 7632 
2099 5976 9379 
3249 1937 9379 
4449 1951 7634 
3934 3047 8574 
7472 5041 7860 
8261 5041 9626 
2830 3597 7636 
3597 4583 7636 
3292 4421 7637 
4421 2392 7637 
6319 5367 7638 
5367 6852 7638 
7206 1655 7639 
3554 7967 8468 
4106 1891 7640 
8004 4911 9522 
182 5384 7641 
6416 4452 8352 
2137 5693 7642 
7279 2137 7642 
3122 2889 7643 
2889 5090 7643 
7644 4095 8426 
4095 4757 8426 
1410 3470 7645 
7021 1410 7645 
997 3309 7646 
7492 997 7646 
7017 10003 7647 
10003 3140 9107 
7000 3320 7648 
8162 5272 9633 
3058 4424 7649 
4424 3977 7649 
3873 4337 7650 
4337 1910 7650 
4067 4681 7651 
4681 3985 7651 
5827 1625 7652 
6164 5827 7652 
4517 5528 7653 
5528 3640 7653 
1126 733 7654 
6178 1126 7654 
6054 5436 7655 
5436 6215 7655 
3915 2216 7656 
4345 3915 7656 
7196 4876 7657 
32 1695 7657 
5538 3598 7658 
9367 4906 9813 
3716 8357 9930 
6039 3716 9930 
4577 2406 7660 
6116 4577 7660 
7661 6457 8232 
6457 7191 8232 
3398 5758 7662 
5758 1819 7662 
6228 2983 7663 
5280 6228 7663 
7664 2103 8218 
287 5313 7664 
2177 3984 8235 
4484 5147 7665 
7613 7666 9941 
961 6666 8127 
1584 7667 8751 
6934 712 7900 
6678 6216 8350 
6216 3157 8350 
1761 2611 8528 
5258 6998 7669 
7533 10002 7670 
1646 4801 7670 
2021 6237 7671 
3386 7349 8663 
7326 1524 8828 
1524 2366 8828 
1917 875 8298 
5691 288 7857 
6891 3673 7674 
8559 7674 9075 
1230 6948 7675 
6948 4753 7675 
2150 7676 8479 
1169 2150 8479 
1221 2664 7745 
6924 7393 7677 
5728 650 7678 
6214 5728 7678 
2878 4449 7679 
4449 7634 7679 
2529 3154 7680 
2282 6516 8428 
787 8296 8634 
4995 787 8634 
5781 7682 9311 
4869 2733 7682 
5845 957 9555 
1589 5845 9555 
5955 7025 7684 
7025 3350 7684 
4257 2142 7685 
6396 3329 7685 
8585 8010 9879 
2341 8585 9879 
7460 6441 8939 
6441 1280 8939 
4212 2040 9352 
747 4212 9352 
86 3196 7689 
3196 6010 7689 
6094 4132 7690 
1639 6845 7690 
1955 7177 7691 
7177 376 7691 
7482 1109 7692 
1391 3770 7692 
1382 5363 7693 
5363 5143 7693 
298 5611 7694 
5611 3189 7694 
2092 646 7695 
646 7533 7695 
7943 370 9401 
520 7943 9401 
109 7296 7697 
7296 2350 7697 
1284 4691 8125 
3861 6125 7698 
4194 1626 9806 
90 3119 9434 
1972 5285 7700 
5285 6318 7700 
4041 1371 8149 
2355 7500 7701 
91 5405 7702 
5405 612 7702 
1093 633 7703 
4604 1093 7703 
5843 5135 7704 
3632 6282 8610 
5787 7705 8589 
120 5787 8589 
2123 4745 9411 
2 5336 9371 
181 7685 7707 
7685 2142 7707 
170 5406 7708 
5406 281 7708 
1165 6091 7709 
7442 7954 8857 
5557 5841 7710 
5841 1297 7710 
8059 4465 8796 
8536 3545 9181 
6516 7680 7712 
7680 3154 7712 
3204 8852 9483 
5901 4473 7713 
750 6223 9957 
4690 7360 9018 
1349 3653 7715 
3653 2782 7715 
3759 6295 7716 
8204 8694 9585 
3531 4441 7717 
4441 1021 7717 
2887 2055 7718 
1295 3972 7718 
357 4374 9005 
7296 109 7719 
6425 7002 7720 
3679 6361 7720 
5196 3620 7721 
2106 5196 7721 
2322 12 7722 
12 7032 7722 
4411 6757 7723 
6757 1669 7723 
3645 5113 7941 
5113 5177 7941 
2701 5634 7725 
5634 6239 7725 
3183 5953 7726 
5953 3269 7726 
1059 1661 9568 
1939 4414 9079 
7728 7208 9941 
7208 5182 9941 
5629 6753 7729 
6753 1428 7729 
4633 4224 9369 
6466 1504 7730 
7348 4693 7731 
1320 3579 7731 
1605 7732 8384 
4112 1605 8384 
4831 3149 7771 
4480 4831 7733 
1967 7582 7734 
2517 6943 8239 
3757 5486 7735 
5486 311 7735 
5770 6473 7736 
6473 4679 7736 
4098 4476 8375 
10002 4098 8375 
4087 7638 9586 
8094 4362 9743 
3404 1961 7739 
7555 3404 7739 
2415 6047 7740 
6047 5871 7740 
5182 1368 7741 
7613 5182 9293 
1071 3283 9817 
3026 1071 8145 
7743 194 9952 
194 3591 9952 
1822 6927 7744 
6927 877 7744 
7208 6373 7745 
6373 1221 7745 
9255 6295 9489 
6295 3759 9489 
433 1833 9486 
5592 2792 7747 
611 6487 7748 
5985 611 9735 
6443 5188 7749 
6460 6443 7749 
2492 5415 7750 
4913 386 9639 
7743 6569 7751 
6569 943 7751 
6089 6597 7752 
6597 1963 7752 
8256 8022 8283 
4051 391 7753 
4758 4240 7754 
4240 5992 7754 
7755 807 8878 
1028 3612 9728 
4414 4340 7756 
6223 750 7756 
3754 260 8252 
1739 6524 7757 
1808 7758 9645 
1808 7622 7758 
7083 7545 7817 
5847 7083 7817 
1398 5429 7760 
5429 7285 7760 
712 4777 7761 
4777 1358 7761 
3894 6206 8923 
7073 6164 7762 
4970 3455 7763 
6122 1482 8844 
39 292 7764 
292 7225 7764 
5264 1670 7765 
7765 1830 8850 
1906 3173 7766 
5119 1906 7766 
6692 1832 7767 
1832 7039 7767 
5103 4662 7768 
7152 5103 7768 
7396 620 8654 
620 5624 8654 
7770 5658 8982 
5658 3919 8982 
3149 7733 7771 
7733 4831 7771 
6453 1539 7772 
2485 6453 7772 
590 510 7773 
510 7437 9029 
2809 7487 7774 
7487 373 7774 
5870 3093 7775 
3093 5988 7775 
7254 2253 9238 
343 2747 9238 
3856 4724 7777 
4724 261 7777 
3825 4562 7778 
4562 4844 7778 
5709 1176 8517 
1176 7072 8517 
4821 564 7780 
5071 1049 7831 
2106 7045 7781 
7045 7327 7781 
4013 3858 7782 
7719 4013 7782 
5274 6207 7783 
7783 6207 9405 
653 5869 7784 
8599 5869 9027 
6280 7288 7785 
1811 6907 7785 
4716 7786 8826 
4775 4716 8826 
2927 1040 9432 
5849 484 8632 
7788 1002 8618 
1002 3804 8618 
2898 192 7789 
4657 2898 7789 
7790 1384 8764 
1384 6764 8764 
6245 579 8885 
579 5545 8885 
1472 1902 7792 
1902 6931 7792 
2676 4803 9590 
4042 2149 9590 
316 7048 7794 
7048 1702 7794 
3569 983 8815 
4551 2625 7795 
4352 423 7796 
423 7193 7796 
1807 7330 7797 
7330 6400 7797 
3484 3061 8337 
2458 7862 8337 
2521 6017 7799 
6017 3630 7799 
7061 1009 7800 
6498 7061 7800 
4717 3163 8992 
3163 3585 8361 
5449 2533 7951 
2533 10001 7951 
6776 857 7803 
1523 293 9012 
1374 2544 8266 
894 6962 9337 
4697 2129 7805 
6357 4697 7805 
5024 3369 7813 
3369 5055 9916 
948 7184 7807 
7184 2466 7807 
5470 3071 9418 
4254 3791 7808 
1736 2837 7809 
7953 6759 8321 
2608 1783 9386 
7157 1872 7810 
1172 5324 7811 
5324 9099 9946 
795 6980 8978 
335 7230 7812 
7806 838 7813 
7806 7813 8522 
2975 5616 7814 
5616 2299 7814 
7281 5878 7815 
5878 7332 7815 
3266 1776 7816 
6258 3266 7816 
7817 7545 9082 
7545 5231 9082 
5232 7027 9788 
3956 5232 9788 
7135 2547 7819 
2829 7135 7819 
7820 1842 8913 
5680 7377 9556 
2237 5725 8401 
822 4196 8401 
3337 7587 7822 
677 6314 9796 
2015 5027 7823 
5027 4846 7823 
1415 7739 7824 
7739 1961 7824 
1867 5746 7825 
5746 3502 7825 
3498 6211 9647 
5431 1322 9150 
5195 455 7827 
6943 5195 7827 
5510 1671 7828 
1671 6011 7828 
7829 4251 9479 
7054 3628 7829 
7211 4943 7830 
4943 5542 7830 
152 7780 7831 
7780 4022 7831 
3465 2662 7832 
4704 3465 7832 
4083 5984 7833 
5984 6654 8394 
7344 5088 8017 
5088 6157 8017 
7311 2025 7835 
856 7311 7835 
5329 7647 7836 
3140 6565 9107 
7676 2464 7837 
1599 431 8034 
1598 1448 7838 
7336 1598 7838 
2528 1873 7839 
6618 2528 7839 
4706 7529 7840 
7529 2774 7840 
3796 4695 7841 
4695 2092 7841 
5047 9037 9178 
7964 5047 9178 
3053 7843 8731 
2889 3053 8731 
2984 8787 8937 
2000 5957 9499 
213 4728 7845 
5282 213 7845 
3051 4842 7892 
912 4382 7914 
5968 1897 7847 
1359 5968 7847 
2332 774 9396 
1738 6568 7848 
696 5201 7849 
5201 5300 7849 
2679 352 8732 
1763 2679 8732 
2185 6382 7851 
6382 2960 7851 
142 1818 8421 
4546 142 8421 
3530 5818 7853 
5818 3574 7853 
1662 4726 7854 
1272 7854 8429 
2905 5327 8799 
7171 2905 8799 
6317 3693 8867 
2013 6284 7856 
7673 6795 7857 
288 7673 7857 
294 7826 9647 
6014 294 9647 
5606 6416 8352 
8495 8091 9864 
7472 7860 9755 
4630 7472 9755 
8431 7861 9625 
6554 4122 7861 
3366 2458 8337 
4192 3473 7862 
6823 174 7863 
7420 6823 7863 
6647 4775 7864 
4775 7542 7864 
873 2311 7865 
2311 1623 7865 
5286 1835 7866 
1835 5875 7866 
1730 868 9457 
6788 6756 7867 
5585 5877 7868 
5877 776 7868 
3545 7575 9016 
332 2447 8452 
7870 4383 8658 
4383 6190 8658 
3484 5703 7871 
8847 1035 9015 
2592 7872 8098 
5690 3747 7872 
3687 6025 7873 
3303 4214 7873 
4495 6429 7874 
6429 6337 7874 
2296 3303 7875 
3303 4269 7875 
7071 7202 8966 
7202 5569 7876 
4330 1860 7877 
1860 6629 7877 
7308 166 7878 
1734 5273 7878 
8446 5045 8869 
4628 8446 8869 
4774 5310 7880 
5310 1099 7880 
5339 18 9460 
291 1826 9577 
6922 6767 7882 
2200 6922 7882 
4984 3964 7998 
6994 6938 7883 
6352 75 7884 
75 6897 7884 
1884 435 7885 
435 6141 7885 
6365 206 7886 
7730 6365 7886 
1651 4517 7887 
4517 1888 7887 
3911 7106 7888 
7106 538 7888 
4804 3428 8343 
3636 6310 7889 
2624 8944 9897 
7890 2624 9897 
5771 3316 7891 
6641 5771 7891 
7846 1751 9358 
1751 4887 9358 
1485 2769 9071 
4116 5978 7893 
1181 2373 7894 
2373 7778 7894 
1926 4230 7895 
1578 2640 8038 
1383 4036 7896 
7261 4301 7896 
4341 4648 9648 
7897 5924 9648 
5462 5859 8202 
7958 4229 8906 
6726 3814 7899 
1164 6726 7899 
1328 5055 8115 
4084 1328 8115 
8264 5097 9646 
8043 8264 9646 
2892 1044 7902 
1044 5763 7902 
976 5960 7903 
1830 7528 8850 
4478 5104 7904 
5104 1062 7904 
5179 2626 7905 
5589 5179 7905 
8341 7906 9252 
7906 5852 9252 
7453 3214 7976 
4660 1312 7976 
177 6008 8710 
5708 7303 7908 
9700 5511 9791 
4977 9700 9791 
7121 4650 9258 
5225 4697 9258 
869 7433 7911 
7433 5906 7911 
6538 7783 7912 
7783 4135 7912 
6947 7054 7913 
7054 7829 7913 
3051 7892 7914 
4887 1800 8100 
3318 5604 7915 
5604 3052 7915 
4009 5203 9909 
399 5422 8786 
3306 1870 9026 
1870 540 9026 
3320 5895 7979 
7123 6604 7918 
7919 4005 9089 
4913 1659 7919 
5128 3492 9056 
6635 203 7920 
6095 963 7921 
7321 6095 7921 
7258 967 9319 
967 5862 9319 
4281 4988 8392 
1150 5600 9051 
5596 6233 7924 
6233 2063 7924 
2340 3548 7925 
4125 7262 7925 
2226 4365 7926 
5242 2226 7926 
3818 7183 7927 
7183 4026 7927 
254 3215 8781 
4556 6697 7928 
6028 3937 7929 
921 1635 7929 
4271 1538 8483 
5540 3707 7930 
7876 464 8966 
7202 7876 8966 
314 4356 7932 
4356 3625 7932 
5411 6418 7933 
6418 2500 7933 
2686 4393 7975 
7975 5905 8396 
5308 7361 7935 
7772 5308 7935 
2746 7272 8622 
5111 5125 7936 
5336 703 7937 
6787 5336 7937 
6717 4846 7938 
7119 6717 7938 
3713 6750 7939 
6750 7081 7939 
7465 3951 7940 
4903 7465 7940 
2591 7724 7941 
5177 4427 7941 
7624 2729 7942 
2034 1575 9351 
5560 5289 8713 
1288 5560 8713 
604 6737 7944 
6737 2210 7944 
4839 5016 7945 
5016 7169 7945 
19 2732 7946 
2242 3683 8976 
1328 7947 8522 
5055 1328 9916 
5116 7029 7948 
7029 7132 7948 
5666 7949 8930 
7949 5266 8930 
6445 1855 9567 
5394 6445 9567 
7802 7304 8816 
7304 7725 8816 
3877 7053 7952 
7053 6343 7952 
7809 4080 7953 
1736 7809 7953 
5292 3975 7954 
7442 165 7954 
5476 6596 7955 
6596 5988 7955 
2654 1836 7956 
3602 2416 7956 
6198 4283 7957 
6222 6077 7957 
6431 4229 7958 
6717 7119 9364 
5140 8967 9309 
3619 7688 9810 
6019 3673 7960 
3673 6891 7960 
6760 6507 7961 
6553 6760 8440 
1742 4209 8660 
4209 1960 7962 
131 4301 7963 
5829 131 7963 
2586 4987 7964 
7842 2586 7964 
1038 5892 7965 
5892 54 7965 
2435 4535 7966 
4535 3092 8068 
5331 3114 8295 
6090 2715 9068 
1775 6616 7968 
6616 4785 7968 
6056 3672 8965 
2321 2409 8475 
5052 7033 7970 
7033 3393 7970 
3150 7971 9020 
7476 3150 9020 
4924 1746 7972 
5030 4924 7972 
2780 5832 7973 
5068 3684 7973 
762 4538 7974 
4538 1401 7974 
7934 5905 7975 
3705 7934 7975 
7907 2094 7976 
3214 7907 7976 
4398 7514 7977 
7514 5570 7977 
3265 85 9576 
2877 7978 9704 
905 3694 7979 
7918 3320 7979 
7980 2784 9548 
2784 977 9548 
558 6213 9317 
1369 558 9317 
7917 4588 7982 
2345 7917 7982 
3704 4357 7983 
7378 3704 7983 
6675 6632 7984 
6632 7378 7984 
3023 3116 8727 
3116 844 8727 
992 4476 7986 
4476 3422 7986 
4191 5462 7987 
5462 1271 7987 
7571 3497 7988 
4296 7571 7988 
2686 7975 7989 
6595 2707 7989 
596 1749 7990 
1749 1112 7990 
591 1187 9485 
2812 7297 9485 
5150 7992 9043 
5150 2235 7992 
1942 7928 7993 
7928 2289 7993 
1600 6422 9621 
7971 3534 7994 
2260 6359 7995 
7995 6359 8514 
2224 6217 7996 
1742 5453 7996 
4818 10002 8375 
5647 2687 8627 
3964 7883 7998 
7883 6938 7998 
1110 7412 7999 
7412 2454 7999 
6623 7466 8000 
7466 1379 8000 
335 7812 8001 
7812 171 8001 
3427 6012 8531 
777 8002 8347 
3509 1616 8003 
1616 4380 8003 
3486 514 9748 
6348 4911 8004 
3835 2438 8521 
1113 3994 8287 
5496 3523 8006 
3523 6291 8006 
6462 3960 8251 
3960 6853 8251 
7317 613 8008 
5911 7317 8008 
4476 7737 8009 
7737 2297 8009 
7686 5836 8010 
1076 7686 8233 
1322 7858 8011 
7858 2022 8011 
2765 4958 8012 
4958 2793 8012 
3137 2673 8013 
6306 3137 8013 
5906 7433 8014 
7433 3363 8014 
1241 5666 8015 
5666 3059 8015 
4409 4582 9615 
6921 6281 9617 
8017 311 8133 
311 888 8133 
4124 5370 8018 
5370 4288 8018 
3766 683 9350 
7168 1027 8019 
1127 1458 8020 
10001 4321 8763 
7674 3673 8021 
3182 7674 8021 
6242 4792 8022 
4792 6669 8022 
6778 3364 8023 
2862 6778 8023 
2723 4361 8024 
4361 4035 8024 
1869 5748 8025 
5748 1954 8025 
1653 4837 8026 
4837 4362 8026 
5334 6420 9219 
9339 8027 9497 
5880 6018 8028 
6018 3893 8028 
5558 5954 8029 
5954 2449 8029 
7385 6879 8030 
7034 7385 8030 
6335 4714 9629 
4714 3234 8031 
6665 4724 9194 
4724 3856 9194 
892 1636 8033 
1636 1226 8033 
431 7837 8034 
7837 5599 8034 
415 5443 9530 
6839 5443 9634 
4339 7483 9335 
6359 4663 8036 
1104 7430 8037 
7430 71 8037 
11 5059 9913 
6199 1530 8301 
1079 7522 8039 
7522 4977 8804 
4942 5499 8040 
260 2957 8252 
334 7503 8041 
3442 7104 8832 
3604 4656 8042 
4656 7505 8042 
1061 5823 8264 
4870 7901 8043 
7416 6912 8044 
2279 7408 8044 
3268 4458 8819 
3949 3268 8819 
2330 6663 8046 
6663 4841 8046 
5585 7868 8187 
231 4727 8187 
6865 5618 8048 
502 6865 8048 
2672 5424 8049 
5424 4222 8049 
1312 4892 8398 
8398 729 9514 
561 5221 8051 
5221 4850 8051 
770 4676 9547 
1911 1191 8870 
3580 4235 8635 
5532 5318 8053 
6579 7534 8054 
7534 3483 8054 
479 7464 8055 
7464 218 8055 
3809 4436 8056 
4436 7552 8056 
3277 4385 8490 
8490 2771 9069 
4324 3291 8058 
7233 4324 8058 
7711 6899 8059 
2220 7492 8059 
1194 2327 8060 
4099 1194 8060 
7798 807 8061 
3061 7798 9122 
2314 4579 8062 
5156 2290 9767 
6633 4328 8063 
1352 4810 8063 
7358 4198 8064 
138 5840 8064 
405 1233 8065 
5317 405 8065 
3937 785 8761 
5776 5899 8066 
282 3305 8067 
3305 3848 8067 
3152 7966 8068 
7966 4535 8068 
5354 2017 9664 
2764 5354 9664 
17 6884 8070 
6884 2313 8070 
758 9113 9691 
169 5651 8071 
435 2994 8072 
6141 435 8072 
3068 2550 8073 
7022 3068 8073 
5679 3805 8074 
7608 5679 8074 
9151 8075 9913 
9025 3613 9926 
3264 5525 8076 
5525 5632 8076 
786 8077 9950 
5567 6256 8077 
3383 2532 8078 
2532 5104 8078 
5443 212 9634 
212 4702 8207 
5884 3847 8080 
4239 3563 8080 
2208 5084 9345 
148 2208 9345 
5374 315 8082 
6289 5374 8082 
6593 7527 8083 
1142 1135 9295 
6567 3377 8084 
8084 865 8508 
7628 3078 8085 
3215 254 8085 
2910 4296 8830 
8645 6699 8830 
3212 7301 8087 
4186 759 8898 
6833 5745 8088 
6184 6833 8088 
2069 2193 8089 
2193 4851 8089 
7221 3771 8090 
4531 951 8090 
1615 3248 8091 
8091 3248 9864 
372 5982 8092 
5982 5530 8092 
2436 6431 8093 
1716 159 8971 
4362 4837 9743 
4837 4087 9743 
899 6440 8095 
7187 899 8095 
3825 1877 8096 
5693 3825 8096 
2096 7112 8097 
7112 3412 8097 
3747 4920 8098 
7872 3747 8098 
5283 717 8180 
6136 690 8099 
1800 7914 8100 
7914 7892 8100 
5809 5722 8101 
6243 5809 8101 
6006 2709 8102 
378 6006 8102 
6182 4921 8103 
5727 157 8103 
8104 2978 8293 
4072 2167 8860 
2385 8089 9992 
6607 6505 8105 
6761 2630 8855 
6421 7458 8855 
8485 438 9578 
3546 8485 9578 
7971 6469 9020 
6469 5309 9020 
7477 15 8109 
5423 7477 8109 
1638 6163 8110 
6163 1651 8110 
4100 6838 8111 
6838 7438 8111 
6095 7321 8112 
7230 3829 8112 
5032 2734 8113 
2734 7080 8113 
8114 8866 9968 
4751 3890 8114 
7667 2377 8751 
2377 4084 8751 
5015 3930 8116 
6287 5015 8116 
851 5331 8117 
9189 7189 9667 
4249 3727 9494 
3185 6897 9441 
6481 3544 8119 
2732 6481 8119 
7838 3388 8737 
1085 7838 8737 
7235 6356 8121 
5074 7235 8121 
8122 5244 8796 
9181 2509 9529 
6983 7279 8123 
7279 7642 8123 
2856 7932 8124 
4280 3508 8613 
3861 7698 8125 
7698 353 8125 
838 2473 8126 
7280 7586 8126 
7613 3961 8127 
7666 7613 8127 
4691 417 8128 
913 4691 8128 
6119 1956 8129 
6430 6192 9716 
1003 8084 9501 
865 1363 8508 
1417 1825 8834 
6020 5799 8131 
2051 7121 8132 
7121 199 8132 
7834 7344 8133 
7344 8017 8133 
332 2544 8134 
5399 332 8134 
3986 5365 8135 
5365 5519 8135 
2471 4971 8157 
2079 2471 8157 
3713 5791 8137 
6821 3713 8137 
2019 6129 8138 
6129 2728 8138 
1373 7101 8139 
7101 2117 8139 
4299 4463 8140 
1335 5155 8140 
1510 1687 8141 
5214 1510 8141 
2041 7926 8142 
7926 1362 8142 
6150 7969 8143 
7969 5 8143 
141 5863 8144 
5863 7069 8144 
7150 3026 8145 
1500 7150 8145 
4781 2413 8693 
5385 6526 8146 
6305 5255 8147 
2926 6602 8147 
6086 5529 8419 
5529 5044 8419 
7500 4041 8149 
7701 7500 8149 
2963 1412 9828 
1412 2461 9828 
6332 6529 8151 
6529 5745 8151 
2134 3319 8152 
7661 2134 8152 
5389 4096 8153 
7611 5389 8153 
3908 5820 8154 
6162 3908 9597 
8155 5542 9380 
5542 4943 9380 
5129 5493 8156 
5493 1128 8156 
5994 3096 8157 
3096 8136 8157 
4074 723 8158 
723 6005 8158 
1376 1675 9172 
7220 6454 8664 
2748 3894 8160 
2223 8160 8923 
6454 3532 8161 
3532 6882 8161 
5272 207 9633 
5035 7514 9633 
3480 1760 8163 
6478 7200 8163 
7229 7480 8164 
7480 5371 8164 
7426 1005 8738 
1005 8165 8738 
1633 5858 9759 
7408 1633 8166 
5482 7605 8167 
7605 6065 8167 
6257 1429 8168 
2403 6257 8168 
4139 2059 8169 
2059 3457 8169 
31 4685 8170 
4685 5046 8170 
4432 6546 8171 
3306 1804 8182 
241 5230 8172 
5230 1554 8172 
1983 2559 8173 
2559 938 8173 
4681 4275 8174 
7065 4681 8174 
6967 7271 8175 
7271 115 8175 
656 1824 9193 
7593 5474 8176 
5751 3093 8177 
4866 5902 8177 
1121 461 8178 
461 3719 8178 
5480 5517 9799 
5642 5480 8179 
717 8099 8180 
8099 3160 8180 
6514 6547 8181 
8045 6514 8181 
6546 1870 8182 
8171 6546 8182 
1160 4605 8183 
4605 2211 8183 
4410 4190 8184 
4570 4410 8184 
3070 6255 8185 
6255 6138 8185 
635 6002 9681 
6522 2278 8186 
7851 8047 8187 
7868 231 8187 
5028 1761 8188 
6194 5028 8188 
6288 739 8189 
2111 6288 8189 
122 1564 9620 
3726 8190 9620 
271 8114 8191 
8114 3890 8879 
4362 1477 8532 
6598 3424 9175 
4132 6094 8193 
6094 2795 8193 
4675 5439 8194 
5439 2113 8194 
2866 3143 8498 
1603 5644 8195 
2556 2164 8196 
6997 2556 8196 
7617 1794 8348 
4052 7617 8348 
4600 773 8760 
6202 2462 8198 
6605 2840 8765 
4536 6976 8199 
4701 3337 8200 
3337 7822 8200 
4900 7514 8201 
7514 5035 8201 
4611 5807 8202 
5807 7898 8202 
1725 7506 8203 
7506 1622 8203 
6358 6592 9585 
6295 6358 9585 
8088 6385 8205 
6184 8088 8205 
2875 5302 8206 
5302 4610 8206 
6952 6130 8207 
6130 8079 8207 
4300 7276 8208 
7276 4146 8208 
3506 1657 8209 
2852 20 8209 
3223 1707 8210 
483 2888 8210 
783 3996 8211 
3996 2338 8211 
1195 385 8212 
4591 1195 8212 
8213 1380 8216 
1380 2992 8216 
377 5401 8214 
5401 5170 8214 
1406 4028 8215 
4028 2748 8215 
6807 3243 8759 
3243 567 8759 
6333 7555 8217 
7555 1370 8217 
6078 4012 8218 
1185 7664 8218 
4855 3440 8564 
484 4855 8564 
5118 1222 8220 
1222 5617 8220 
80 5460 8221 
5460 2181 8221 
6624 4213 8222 
7473 6624 8222 
1521 5651 8223 
707 5925 8223 
412 6033 8224 
6033 2572 8224 
2232 4420 8225 
6819 2232 8225 
7108 1520 8226 
437 5610 8940 
6784 2821 8227 
5335 6784 8227 
8118 7505 8228 
2457 8118 8228 
3764 2712 9120 
7318 2169 8229 
2516 2627 8550 
6167 2627 9072 
1388 8087 8231 
8087 7301 8231 
7191 5842 8232 
5842 7661 8232 
6866 1076 8233 
7686 8010 8233 
1052 3005 8234 
3005 6331 8234 
3577 4484 8235 
4484 7665 8235 
4145 4388 8236 
6125 680 8236 
3253 3745 8237 
3745 2609 8237 
8238 3938 9684 
3938 3131 9684 
7582 3414 9970 
3414 2517 9970 
406 2466 8240 
2466 7184 8240 
5084 5834 9345 
8241 8081 9233 
1583 8095 9583 
5187 1583 9583 
1224 6639 9471 
28 2082 8243 
4842 3642 8244 
7064 8833 9593 
5268 1192 8245 
1940 5268 8245 
8246 3917 9603 
6256 3917 8246 
4045 102 8247 
102 6523 8247 
117 5762 8248 
609 6775 8248 
1043 506 8249 
506 6027 8249 
7568 2347 8250 
5411 7042 8250 
1091 8007 8251 
6853 3186 8251 
1739 7757 8252 
8040 5499 8252 
6591 3907 8253 
5694 6591 8253 
6930 7137 8254 
7137 5113 8254 
6700 6961 8255 
6961 1847 8255 
391 224 8256 
8022 1528 8283 
2174 6264 8257 
6264 1088 8257 
7815 7332 8258 
512 4711 9400 
357 4391 8259 
4391 860 8259 
8260 1237 9284 
1992 1237 8260 
7657 1695 8261 
5041 7196 9626 
7179 2711 8262 
2711 2552 8747 
6169 5421 8263 
5421 6345 8263 
7901 3858 9731 
8043 7901 8264 
4763 7378 8265 
7378 6632 8265 
8266 2544 9337 
2544 894 9337 
1487 2750 8267 
2750 1586 8267 
2358 4014 8268 
6435 2358 8268 
1797 8201 8269 
8201 4083 8269 
42 1899 8270 
3385 42 8270 
4182 5262 8271 
5262 4136 9557 
367 5943 8272 
5659 5280 8272 
5091 2456 8273 
5816 5091 8273 
1334 7087 8274 
7087 2778 8274 
8131 8275 8758 
8275 5529 8805 
3768 4665 8276 
4665 3415 8276 
8277 1062 8927 
1062 4370 8927 
7448 2524 8780 
2524 1124 8780 
830 5083 8279 
5083 4013 8279 
5036 4053 8621 
6364 4573 8280 
5824 265 8281 
5584 3939 8281 
1750 163 9654 
5247 6812 9384 
1528 8097 9315 
391 8256 8283 
5105 1540 8619 
6219 5105 8284 
974 6309 8285 
6309 2566 8285 
3721 5250 9820 
5250 2678 8286 
7094 8287 9188 
5830 7094 9188 
3440 3817 8288 
8219 3440 8288 
2681 6055 8289 
6055 6435 8289 
2590 2536 9708 
4849 4606 8290 
884 7754 8462 
3167 884 8462 
1377 3094 8292 
2176 8292 9173 
5192 5673 8293 
5673 8104 8293 
1705 7337 9031 
4995 1705 9031 
3114 6090 9068 
7967 3554 8295 
1705 4995 8634 
4554 7486 8296 
5897 5352 8624 
7015 3240 8297 
5691 7857 8298 
7857 6824 8298 
9250 4136 9885 
3762 3798 8299 
5071 2400 8300 
2400 7244 8300 
3613 8075 9151 
1530 8775 9094 
1499 4390 8302 
4390 5426 8302 
3495 7372 8303 
7372 7052 8303 
6445 6708 8304 
6708 674 9087 
3654 6043 8305 
6043 1513 8305 
1545 557 8525 
1864 8306 8822 
4120 7093 9391 
7093 314 8307 
3606 4910 8308 
4910 1752 8308 
4977 570 8804 
9473 4104 9899 
4135 7783 9405 
8310 101 9405 
241 1876 9225 
321 2425 8371 
539 5934 8312 
5934 4804 8312 
5708 5788 8313 
5788 3499 8313 
592 8568 8782 
3672 3989 8314 
7411 2094 8315 
2094 5004 8315 
7261 351 8316 
351 8216 8316 
4864 4647 8317 
4647 8254 8317 
3303 7309 8318 
7309 7178 8318 
7348 4367 8319 
4778 7348 8319 
4282 7345 8320 
7345 7021 8320 
5510 1736 8321 
1736 7953 8321 
7200 1068 8322 
8163 7200 8322 
1265 4563 8323 
4563 6111 8323 
9210 9232 9939 
9420 5958 9939 
1551 8197 9436 
1794 2205 9436 
161 7164 8326 
7164 3731 8326 
7660 14 8327 
4314 4291 8327 
6577 3979 8328 
2709 2298 9338 
3322 1602 8351 
5200 3698 8329 
3813 2316 8330 
213 3813 8817 
2024 2954 9847 
1784 2024 9847 
3728 6791 8332 
6791 4221 8332 
4733 6677 8333 
6677 4620 8333 
6121 8334 8587 
8587 8334 8957 
5156 7646 8335 
2930 4504 8577 
4254 7808 8336 
7808 1164 8336 
7798 8061 9122 
7862 3473 8337 
4518 6640 8338 
6640 5700 8338 
7297 2812 8339 
6874 7297 8339 
3930 2241 8340 
8116 3930 8340 
3099 222 8341 
1122 7906 8341 
2483 2236 8342 
2186 1050 8363 
1772 7889 8343 
7889 5085 8343 
723 6582 8344 
6582 6401 8344 
6098 5369 8345 
6205 6098 8345 
538 7106 8346 
7106 4194 8346 
4983 3427 8531 
2617 4983 8531 
6544 8348 9694 
9436 8197 9967 
5668 957 8349 
7475 1337 8349 
7668 4562 8350 
3157 7668 8350 
5200 8329 8351 
8329 2826 8351 
4452 7641 8352 
7641 7859 8352 
2436 5786 8353 
882 7153 8353 
5597 7079 8354 
7079 1384 8354 
7036 2240 9610 
6468 7036 9610 
6832 269 8356 
5017 7227 9527 
3716 5239 8357 
5239 1303 8779 
3909 5491 8358 
5491 6982 9392 
6498 7800 8380 
9125 1578 9579 
8360 3998 8437 
3998 2286 8437 
1882 7612 8361 
7612 7801 8361 
3686 7431 8362 
7431 5857 8362 
2483 8342 8363 
8342 3976 8363 
2007 3043 8540 
9665 767 9903 
1482 8365 8844 
372 5298 8365 
1703 2708 8366 
2708 7377 8366 
5489 6283 9190 
6277 5489 9190 
3288 1055 9936 
5131 1323 8368 
8369 896 9701 
896 5348 9701 
3603 7570 9343 
6958 4968 8370 
8311 4608 9484 
4608 1236 9484 
5100 5546 8372 
5546 7410 8372 
191 8085 8373 
8085 5232 8373 
1438 7314 8374 
7314 7241 8374 
4893 7997 8375 
7997 4818 8375 
7711 8059 8796 
5244 7711 8796 
2437 6329 8377 
8260 2437 8377 
6502 7418 8378 
7418 6869 8378 
3230 2395 8379 
8117 3230 8379 
3340 8359 8380 
8359 6498 8380 
5777 1948 8381 
5829 5777 8381 
4472 4689 8382 
4689 6156 8382 
554 1486 9880 
7966 554 8383 
7732 3645 8384 
7724 4112 8384 
6934 7900 8385 
1031 6241 9687 
4959 2753 8386 
6198 4959 8386 
5243 8735 8866 
8114 271 8866 
501 1330 8388 
6212 501 8388 
1747 7028 8389 
7028 6972 8389 
272 1634 8390 
6152 272 8390 
4848 5826 8391 
5826 5166 8391 
2044 5685 8392 
5685 7923 8392 
7936 5125 8622 
5125 6932 8622 
3141 7833 8394 
7833 5984 8394 
1909 2687 9518 
7389 4765 8395 
1082 6595 8396 
6595 7989 8396 
1501 3763 8397 
3763 2580 8397 
9448 8689 9559 
8398 8689 9448 
8120 4258 8399 
4258 7162 8399 
3080 4848 9433 
5923 2812 8400 
4196 7107 8401 
1678 7821 8401 
4403 5085 8402 
5085 7889 8402 
3722 4166 8403 
6174 3722 8403 
5608 7578 9937 
6474 5608 9937 
4215 7430 8405 
7430 1104 8405 
7883 3964 9893 
6672 6532 8406 
4211 294 8407 
294 6014 8407 
4351 3146 8408 
3146 7248 8408 
8745 72 9984 
2086 8745 9984 
1191 1911 8410 
1911 2834 8410 
3051 7914 9592 
986 4169 9504 
1166 6394 8412 
6394 1321 8412 
4834 6464 8413 
6461 3156 8413 
2037 3883 8638 
6928 1656 8414 
3523 8282 8415 
8282 867 8415 
104 4462 8416 
4462 6964 8416 
6535 8140 8655 
5645 8417 8655 
2181 7009 8418 
7009 80 8418 
8148 3868 8419 
5044 8148 8419 
1014 2754 9964 
6429 4623 9470 
7852 4546 8421 
7545 7083 8421 
1483 942 8753 
6860 866 8422 
4260 1565 8423 
1565 5641 8423 
5186 1512 8424 
4096 1024 8424 
5440 941 8425 
7591 5440 8425 
4784 462 8426 
462 7644 8426 
700 1181 8427 
1181 4844 8427 
3192 6732 8428 
7712 3192 8428 
1880 6587 8429 
7854 1880 8429 
3734 5518 9052 
5518 2374 9052 
7861 4122 9625 
6554 7861 8431 
4680 6913 8432 
6913 6673 8432 
7057 5158 9632 
3110 7057 9632 
2306 2189 8463 
6050 4629 8434 
7762 2223 8923 
8435 7762 8923 
2458 5110 8436 
5110 7629 8436 
3700 3516 9938 
3516 2378 9938 
2871 8774 9303 
5773 2871 9303 
1590 5685 8439 
5685 401 8439 
6760 7961 8440 
7961 6772 8440 
6674 2527 8441 
5717 3460 8441 
5585 8047 8442 
8047 2960 8442 
5968 3479 8443 
6474 5968 8443 
676 8224 8444 
8224 1250 8444 
7614 3285 8445 
766 6132 9161 
4628 5907 8446 
2727 3567 8795 
660 2593 8447 
3961 660 8447 
7303 8313 8448 
8313 2933 8448 
3406 7395 8449 
3097 698 8449 
6468 1031 8450 
8385 6468 8450 
7203 7931 9750 
2873 7203 9750 
8527 7869 9016 
7869 1559 9016 
3540 2967 8453 
2967 5718 8453 
7402 4493 8454 
4987 2634 8454 
1797 498 8455 
1938 4107 8455 
210 7319 8456 
7319 5092 8456 
1495 5016 8457 
199 3184 9121 
6233 4168 8458 
4881 6233 8458 
8170 4783 9243 
1654 8170 9243 
959 5003 8460 
5003 4251 8460 
5547 1528 8461 
1528 8022 8461 
7754 3639 8462 
3639 8291 8462 
2306 8463 9474 
6050 8434 8463 
4647 5903 8464 
5903 4688 8464 
8729 8465 9961 
5415 8729 9961 
8466 4579 9306 
4579 2314 9306 
174 6823 8467 
6823 2239 8467 
7206 7639 8468 
7639 6303 8468 
7286 3447 8469 
6736 2477 8698 
3623 1954 8470 
1954 3911 8470 
5668 5821 8471 
5821 1977 8471 
3305 10003 8472 
10003 8466 8472 
5589 6426 8473 
6426 5996 8473 
639 5614 8474 
7257 639 8474 
6150 8143 8475 
8143 2321 8475 
3824 3195 8476 
5692 4928 8476 
4312 4990 8770 
2784 3953 9709 
1575 6695 8478 
7879 1575 8478 
431 1169 8479 
7837 431 8479 
461 8847 9015 
7871 5703 8480 
4446 2651 8481 
5868 4446 8481 
5628 6987 8482 
6987 2553 8482 
2393 5540 8483 
5540 7930 8483 
6558 6584 9042 
2998 6558 9042 
3335 2465 8485 
594 438 8485 
3544 9034 9497 
4967 8548 9339 
1232 387 8681 
6889 4667 8681 
5570 8488 9024 
7977 5570 9024 
502 8293 8489 
8293 2978 8489 
8490 3226 8979 
3226 6609 8979 
2156 7590 8491 
7590 2469 8491 
4062 3015 8492 
7625 4062 8492 
1722 5061 8493 
5061 5562 8493 
2387 840 8722 
4396 3795 9573 
7641 295 8495 
295 22 8970 
2369 5563 8573 
5618 8496 9915 
1311 7219 8497 
2510 4548 9901 
3402 1603 8498 
1603 8195 8498 
165 8499 8646 
2108 5321 9496 
4935 1347 8500 
8071 758 9691 
655 1016 8501 
1016 3627 8501 
4274 2258 8502 
4521 4274 8502 
2789 7238 8503 
7238 5716 8503 
5429 1398 9678 
2280 6346 8504 
501 3743 8505 
3743 686 8505 
3453 7671 8506 
2573 3386 8663 
6952 5233 8617 
3641 6952 8617 
8508 4020 9501 
4020 4594 9501 
7970 7415 8790 
7549 6112 8509 
4360 6525 9393 
937 522 9208 
5774 7320 8511 
7320 7614 8511 
2273 2402 8512 
920 3865 8512 
6231 3885 8513 
3885 7122 8513 
6359 8036 8514 
8036 3220 8514 
474 3920 8515 
3920 5590 8515 
3213 8516 9479 
5003 3213 9479 
6412 7779 8517 
7072 485 8517 
7155 908 8518 
6669 5490 8518 
4856 6780 9517 
4982 568 8519 
5269 511 8520 
6531 5269 8520 
1113 8287 8521 
8287 3835 8521 
1202 2250 9729 
2250 4344 9729 
6053 6806 8526 
6806 4617 9437 
7749 5188 8930 
5266 7749 8930 
6410 1864 8822 
8306 1545 8525 
6806 8523 8526 
8523 7493 8526 
8452 2447 8527 
7575 8452 8527 
6998 1761 8528 
7669 6998 8528 
2022 5753 8529 
8011 2022 8529 
6879 7385 8530 
7385 2120 8530 
3893 8347 8531 
8347 8002 8531 
1582 8532 9175 
3424 1582 9175 
5853 3833 9802 
3833 106 9802 
3532 7220 8534 
7220 6762 8534 
2420 5183 8535 
5183 7049 8535 
4989 3381 8536 
3545 1559 9181 
2486 1614 8537 
3691 3044 9299 
8492 4725 8538 
3170 8492 8538 
4985 73 8539 
1317 4985 9143 
4569 8364 8540 
8364 659 8540 
5099 81 9991 
5215 4354 8541 
4018 768 9765 
6048 8265 8542 
5448 6259 8543 
6259 5837 9623 
5495 7003 8544 
6842 5900 8544 
7995 8514 8545 
8514 3220 8545 
3101 5030 8546 
5030 1019 8546 
3851 5404 8769 
1030 3851 8769 
736 4265 8548 
4265 5595 8548 
2831 488 8549 
488 3496 8549 
2627 2516 9072 
3367 6167 9072 
5847 7759 8551 
7759 253 8551 
2927 7294 8552 
7294 4335 8552 
4991 3513 8553 
3513 6862 8553 
5655 1635 8554 
1635 6376 8554 
6140 946 9561 
6774 1360 8555 
2509 1258 8556 
6899 2509 8556 
1810 8557 8767 
5523 1810 8767 
3790 8558 8993 
4582 3790 8993 
6432 8031 8559 
9152 2297 9732 
4454 2487 8560 
2487 5037 8560 
6451 5840 8561 
6588 5697 8561 
2054 6117 8562 
6117 2078 8562 
1638 133 8563 
6081 1638 8563 
8219 5949 8564 
3440 8219 8564 
2388 8364 8565 
8364 4569 8565 
4447 5332 8566 
5332 1013 8566 
7720 7002 9622 
2334 7720 9622 
5962 8551 9832 
6056 8858 9832 
8569 8749 8958 
6870 711 9773 
782 7026 8570 
7026 5481 8570 
2811 1558 8571 
1558 4639 8571 
1838 7649 8572 
7649 3977 8572 
4799 5618 9915 
2369 8573 9516 
7679 952 8574 
3047 7679 8574 
9003 2507 9262 
8378 3493 9003 
1336 929 8576 
4444 1336 8576 
2290 8335 8577 
8335 5002 8577 
5833 3727 8578 
3727 7731 8578 
1333 372 8579 
372 8365 8579 
6406 5502 8987 
6021 6406 8580 
3544 8027 8581 
8027 4430 8581 
6187 5507 8582 
5507 7409 8582 
6107 685 8583 
6416 5606 8583 
1440 5989 9165 
2523 1440 9165 
2482 8233 8585 
3908 2341 9879 
6342 8586 8883 
4984 6342 8883 
7034 8587 8957 
7385 7034 8957 
3302 6687 8588 
6687 3053 8588 
7037 120 8589 
7705 7588 8589 
3293 7275 8590 
7275 4061 8590 
4796 6768 8591 
6768 1427 8591 
5645 6646 8592 
6646 6225 8592 
8593 1227 9941 
1227 7728 9941 
814 4940 8594 
4940 1619 8594 
8595 6139 9554 
6139 3050 9554 
3414 7075 8596 
7075 4780 8596 
788 7749 8597 
7749 1063 8597 
6098 4143 9960 
4264 8425 9960 
4997 7784 8599 
7784 5869 8599 
4156 8496 8600 
8496 5618 8600 
1773 820 8601 
6935 1773 8601 
4251 3628 8602 
3628 8255 8602 
6268 902 9734 
3416 6268 9734 
3392 4541 9214 
2661 3392 9214 
1199 7265 8605 
3126 8605 9385 
3332 1549 8606 
1549 5524 8606 
6044 2293 8607 
5863 3608 8607 
3903 6818 8608 
6818 4793 8608 
1836 1561 8609 
1561 8160 8609 
6282 7704 8610 
7704 5135 8610 
1020 4678 8611 
4678 4925 8611 
4531 8090 8612 
8090 3771 8612 
8124 2904 8613 
6982 4280 8613 
3597 5951 8614 
6876 3597 8614 
4414 4690 9638 
3922 4414 9638 
4004 6977 8616 
6977 761 8616 
6537 7125 8617 
8507 6537 8617 
4499 6945 8618 
3297 4158 9162 
8619 5682 9123 
5682 4809 9123 
1516 6738 8620 
6738 6881 8620 
6364 8280 8621 
8280 5036 8621 
2746 8622 9133 
8393 2746 9133 
6548 6611 8623 
6611 453 8623 
5889 8624 9873 
2353 5889 9873 
6230 5812 9512 
5812 3592 9512 
8626 6913 9857 
6913 4210 9857 
3742 7997 8627 
7997 4893 8627 
7340 989 9514 
729 7340 9514 
1137 5156 8629 
5156 7462 8629 
333 4225 8630 
4225 3948 8630 
4023 5678 8631 
5678 1246 8631 
5949 3390 8859 
7787 5949 8632 
6159 1314 8633 
1314 7323 8633 
7486 5175 8634 
8296 7486 8634 
5532 8053 8635 
8053 3580 8635 
4899 6189 8636 
6189 6320 8636 
3741 2474 8637 
2474 6855 8637 
6928 8414 8638 
8414 5408 8638 
5123 7630 8639 
6587 2625 8639 
3011 1390 8959 
7595 7502 9022 
76 7182 8641 
7182 6759 8641 
823 6355 8642 
6355 3634 8642 
8306 8525 8643 
8525 5432 8643 
6855 3874 8644 
5109 6855 8644 
8086 6103 8645 
6699 2910 8830 
6890 5306 8646 
8499 6890 8646 
746 8647 8871 
6097 931 9416 
6212 7579 9300 
501 6212 9300 
485 2498 8649 
2498 5288 8649 
5760 1292 8650 
1286 5011 8650 
5279 6441 8651 
6441 5739 8651 
3948 4225 8652 
4225 681 8652 
802 1202 8653 
7120 802 8653 
7396 8654 9697 
5624 7769 8654 
8417 5085 8655 
4781 6535 8655 
3962 7047 8656 
7047 7040 8656 
8657 8081 8683 
3300 6679 8657 
8658 1249 9084 
1249 6016 9084 
4644 6518 8659 
6518 6143 8659 
4209 7962 8660 
7962 1151 8660 
4340 7714 8661 
6053 7418 9957 
8351 6586 8838 
2674 8351 8838 
7671 6237 8663 
8506 7671 8663 
8159 6956 9499 
7194 2984 8937 
8665 8810 9542 
735 8665 9542 
143 6490 8666 
6490 1557 8666 
5181 6541 9197 
4102 5181 9197 
9112 8990 9308 
7090 9112 9308 
4146 7138 8669 
7885 4146 8669 
2437 8260 8670 
8260 7089 8670 
6327 3344 8671 
3403 6327 8671 
6782 1957 8672 
1957 7232 8672 
6246 7995 8673 
7995 8545 8673 
5382 7495 8674 
7495 3963 8674 
3796 7841 8675 
7882 3796 8675 
2719 1023 8676 
1023 7355 8676 
782 8570 8677 
8570 1012 8677 
574 2337 9044 
6676 4935 8678 
1581 965 8679 
7496 1581 8679 
5702 965 8680 
6986 7215 8680 
2999 6889 8681 
8487 2999 8681 
2399 7136 8682 
101 4135 9405 
601 3300 8683 
3300 8657 8683 
5660 710 8684 
3983 6696 9257 
8685 5031 8691 
5031 5458 8691 
6194 2120 8686 
2120 7385 8957 
14 152 8687 
6322 14 8687 
6795 7673 9419 
5067 6795 9419 
108 8050 8689 
8628 9448 9559 
5065 6888 9270 
6159 8633 9270 
8685 8691 9955 
8691 7182 9955 
8692 621 8815 
621 6457 8815 
2413 6084 8693 
5385 8146 8693 
8204 6592 8694 
5144 425 8694 
581 2400 8695 
5852 305 9252 
5837 5942 8696 
8543 5837 8696 
5305 4006 8697 
7362 5305 8697 
1255 7286 8698 
7286 8469 8698 
8790 7415 9502 
1008 3339 8699 
6172 6589 8700 
7250 230 8700 
5229 7186 8701 
7186 8506 8701 
7422 7615 8702 
7615 6133 8702 
6339 4397 8703 
5706 4227 8703 
5050 5925 8704 
707 5872 9341 
2475 1393 9935 
8705 667 9935 
5087 575 8706 
1179 5087 8706 
5504 6362 8707 
6362 2655 8707 
725 6476 8708 
6476 4051 8708 
26 2084 8997 
2084 6045 8709 
6008 4461 8710 
5708 7908 8710 
1361 7776 8711 
7776 2747 8711 
5009 990 8712 
7021 5009 8712 
2539 4322 8912 
5289 7943 8713 
5976 2099 8714 
6917 5976 8714 
6315 7564 8715 
7564 2302 8715 
6085 1952 8716 
6224 6085 8716 
7523 3474 8717 
2555 1956 9273 
3510 4756 8718 
4756 4746 8718 
4480 7733 8719 
7733 3944 8719 
3090 7520 8720 
8067 3090 8720 
7234 2886 8721 
4466 7234 8721 
7417 8722 9573 
3795 7417 9573 
2630 6421 8855 
8106 87 8723 
6134 189 8724 
3816 3332 8724 
1546 4843 8725 
7826 1546 8725 
5222 2615 8726 
2615 7342 8726 
7985 7275 8727 
6227 7985 8727 
1868 3714 8728 
3714 6137 8728 
386 1005 8729 
1005 8465 8729 
759 4186 8730 
5357 759 8730 
7843 6619 8731 
5090 2889 8731 
7498 476 8732 
352 7850 8732 
4163 935 8733 
935 5346 8733 
6754 2782 8734 
3653 2845 8734 
8215 61 8735 
8866 8735 9968 
3763 3522 8736 
2580 3763 8736 
6573 1085 8737 
8120 6573 8737 
8165 1108 8738 
4244 7456 8738 
6587 8639 8739 
8639 883 8739 
2098 4258 8740 
4258 4725 8740 
3112 7317 8741 
7317 5970 8741 
1056 633 8742 
633 6071 8742 
5431 6265 8743 
394 832 9053 
1717 7060 8744 
7392 1717 8744 
7614 8445 9177 
1201 8511 8745 
4456 2375 8746 
6455 4456 8746 
180 8497 8747 
7167 8262 8747 
5503 7141 8748 
7141 7955 8748 
3781 4828 9539 
8569 3765 8749 
827 4955 8750 
6966 827 8750 
8385 7900 8751 
4084 8115 8751 
5368 5915 9103 
171 5368 9103 
942 6860 8835 
8422 7324 8753 
3856 7968 8754 
7968 8032 8754 
4575 8320 8755 
8320 1058 8755 
120 7037 8756 
5098 4946 8756 
1665 4272 8757 
4272 1353 8757 
6086 266 8805 
5529 6086 8805 
2992 6807 8759 
8316 2992 8759 
6202 8198 8760 
8198 4600 8760 
5899 238 8761 
8066 5899 8761 
1810 5249 8762 
5249 657 8762 
4321 4014 8763 
7151 3371 9370 
3732 3758 8764 
3758 7790 8764 
2415 2396 8765 
8199 2415 8765 
54 3273 8766 
7965 54 8766 
8557 5403 8767 
8768 9251 9278 
8767 5403 9251 
5403 1146 9251 
4359 1360 9340 
7190 8547 8769 
35 1764 8770 
8477 35 8770 
423 2557 8771 
2557 8399 8771 
3826 3662 8772 
4203 3826 8772 
6614 6721 8773 
6721 1363 9109 
8438 5912 9303 
5912 6488 9303 
6199 8301 8775 
2640 1530 9094 
5744 7107 8776 
7107 3530 8776 
3777 4832 8777 
4832 1906 8777 
8778 1030 9340 
5042 706 9076 
7659 8357 8779 
8357 5239 8779 
1373 7448 8780 
1124 8278 8780 
5977 1934 8781 
4556 7928 8781 
7311 3906 8782 
3906 8314 8782 
2144 250 9452 
3162 3444 9998 
2582 1411 9014 
2842 1329 9014 
8081 5772 9927 
2658 8092 8785 
5422 3617 8786 
4119 7916 8786 
1126 3149 8787 
3149 4831 8787 
6654 6805 8788 
8394 6654 8788 
5159 7620 8789 
7620 8291 8789 
7415 1008 9502 
7549 8509 8790 
4642 6379 8791 
8105 4642 8791 
3194 6042 8792 
6042 4536 8792 
1599 1924 8793 
7207 1599 8793 
8794 69 8934 
69 5889 8934 
3567 8446 8795 
8446 5907 8795 
4465 8376 8796 
8376 8122 8796 
6446 7055 8797 
7055 6482 8797 
5582 5912 8798 
5912 5709 8798 
6447 7855 8799 
7855 7171 8799 
1646 4782 8800 
4782 3534 8800 
5926 5996 8801 
5996 7113 8801 
6589 7166 8802 
7166 1854 8802 
4519 5450 8803 
8389 4519 8803 
4193 9473 9899 
570 8309 8804 
2172 8758 8805 
8758 8275 8805 
3651 4116 8806 
6693 3651 8806 
1408 244 8807 
244 7693 8807 
5206 2494 9336 
6895 4408 8808 
1185 4524 8809 
4524 1929 8809 
8665 317 8810 
1340 9542 9928 
7154 8811 9978 
7154 2912 8811 
2069 3935 8812 
3935 3913 8812 
5432 8525 9249 
557 8813 9249 
5841 3126 9385 
7265 4626 8814 
6457 3569 8815 
7795 8692 8815 
7725 6239 8816 
6239 7951 8816 
7242 213 8817 
236 6062 9394 
8542 4440 9765 
558 4019 9001 
8045 8181 8819 
525 3091 8819 
6053 427 8820 
7418 6053 8820 
17 4315 8821 
4315 2354 8821 
1366 2767 8822 
1366 8822 9908 
5686 7606 8823 
7606 68 8823 
966 2755 8824 
2755 5473 8824 
2602 5913 8825 
5913 5842 8825 
2678 6082 8826 
7786 2678 8826 
2610 6183 8827 
6183 2702 8827 
7620 5159 8828 
5159 7672 8828 
2727 8795 8829 
8795 8449 8829 
4296 8086 8830 
8086 8645 8830 
8020 8763 8831 
8763 2876 8831 
6777 8041 8832 
8041 7503 8832 
1640 6701 8833 
7064 1640 8833 
1825 6020 8834 
6020 8131 8834 
8422 8753 8835 
8753 942 8835 
5439 7015 8836 
8303 526 8836 
5065 8690 8837 
8837 9543 9630 
8662 2674 8838 
6586 7498 8838 
7030 3182 8839 
430 2929 8839 
8698 8469 8840 
8469 673 8840 
1166 8453 8841 
8453 5718 8841 
2301 9310 9804 
7635 2301 9804 
8027 3544 9497 
2805 2471 9497 
5298 4970 8844 
8365 5298 8844 
3851 5067 9419 
7673 2975 8845 
5096 5212 8846 
5212 3217 8846 
1915 395 9571 
395 1035 9571 
1507 1396 8848 
6094 1507 8848 
4281 5600 8849 
5600 1568 8849 
2323 6368 8850 
7903 2323 8850 
417 1284 8851 
1284 6383 8851 
6608 3399 8852 
3399 7713 8852 
4400 5210 8853 
5210 396 8853 
5329 7836 8854 
7836 4448 8854 
8106 8723 8855 
8723 6761 8855 
8856 3963 8863 
3963 6609 8863 
1165 7709 8857 
7709 7442 8857 
3672 4930 8965 
592 6056 9832 
1876 5849 8859 
5849 8632 8859 
5673 4072 8860 
8104 5673 8860 
5473 5870 8861 
8824 5473 8861 
2051 720 8862 
4650 2051 8862 
6609 3226 8863 
3226 8856 8863 
4078 3100 8864 
3100 8690 8864 
1987 516 8865 
6412 1987 8865 
8387 66 8866 
271 8387 8866 
6522 1645 9811 
3693 6522 9811 
1668 1622 8868 
1622 5909 8868 
7942 7879 8869 
2122 7942 8869 
2001 770 9547 
4676 637 9547 
4127 4580 8871 
4580 5006 8871 
2939 1738 9396 
6456 2939 9396 
1178 41 8873 
4651 1178 8873 
4275 1305 8874 
8174 4275 8874 
2406 4577 8875 
4577 7156 8875 
3507 5528 8876 
5528 1651 8876 
4210 6913 8877 
6913 3125 8877 
4997 1032 8878 
1032 7755 8878 
6167 1167 8879 
1167 8191 8879 
4068 2797 8880 
2797 6989 8880 
3752 6634 8881 
6634 5714 8881 
4437 949 8882 
6657 4437 8882 
6951 5277 8883 
8586 6951 8883 
5571 8750 8884 
8750 3336 8884 
4302 6245 8885 
5545 7791 8885 
4512 5721 9642 
5721 2235 8886 
9074 8887 9517 
8519 9074 9517 
3888 2162 8888 
6918 3888 8888 
8472 8466 8889 
7024 3117 8889 
3610 5765 8890 
5765 3652 8890 
633 1093 9881 
6677 3595 8891 
2768 1433 8892 
1433 5483 8892 
4916 6909 8893 
6909 5755 8893 
1841 1808 9645 
7758 1984 8894 
3418 8080 8895 
8080 3563 8895 
5331 7290 8896 
8117 5331 8896 
2368 2058 9686 
5979 6836 9686 
1388 8231 8898 
8231 4186 8898 
4422 1101 9284 
1237 4912 8899 
1618 548 8900 
8652 1618 8900 
1386 470 8901 
470 8798 8901 
8159 8664 8902 
8664 6454 8902 
8443 3280 8903 
6716 2859 8903 
3124 6079 9887 
1415 3124 9887 
1699 2909 8905 
2909 825 8905 
8906 5859 9364 
6431 7958 8971 
5035 9633 9958 
9771 5035 9958 
515 8784 9523 
6147 4311 8908 
932 3570 8909 
1071 5448 8909 
1307 5808 8910 
5808 3378 8910 
3805 5638 8911 
5638 3511 8911 
7943 521 8912 
8713 7943 8912 
6920 8913 9784 
6920 7820 8913 
3128 3055 9975 
3055 7193 8914 
6796 1366 8915 
1366 7479 8915 
410 3739 8916 
4766 1196 9215 
6874 8339 8917 
8339 3380 8917 
5504 7191 8918 
7191 2002 8918 
3553 5691 8919 
5691 875 8919 
3130 6543 8920 
7212 3130 8920 
3895 6804 8921 
5471 3009 8921 
5449 6239 8922 
6239 5634 8922 
6206 8435 8923 
8160 3894 8923 
4724 7560 8924 
7560 6742 8924 
9809 5153 9948 
2721 3869 8925 
2847 7298 8926 
7298 3424 8926 
6252 7525 8927 
7525 8277 8927 
2072 8524 8928 
5188 7038 8928 
4558 3157 9606 
3157 6216 8929 
6683 5666 8930 
8524 6683 8930 
1489 8668 8931 
8668 280 8931 
7502 4178 9022 
8640 625 8932 
5275 1397 8933 
1397 8705 8933 
5889 6970 8934 
6970 8794 8934 
9057 8935 9990 
1105 4466 8935 
3942 6985 8936 
6985 4077 8936 
7220 8664 8937 
8664 7844 8937 
972 8886 8938 
8886 2235 8938 
7687 6973 8939 
1280 7687 8939 
8226 5938 8940 
7108 8226 9702 
6181 6917 9862 
1585 6181 9862 
2054 6221 9778 
4629 2054 9778 
4119 3617 8943 
4386 4119 8943 
2624 5802 8944 
5802 2928 8944 
5245 7370 8945 
1484 1487 9493 
1962 6835 9442 
6835 6684 9442 
534 3089 8947 
3089 7999 8947 
8948 7753 9315 
3683 8952 9117 
2121 6155 8949 
6155 5752 8949 
4563 533 8950 
6064 4563 8950 
3533 8226 8951 
8226 6653 8951 
2242 8948 8952 
8948 8097 8952 
6838 4100 8953 
4100 46 8953 
2857 6997 9314 
5379 4309 8954 
5484 2085 8955 
2085 5706 8955 
1116 1729 9900 
3472 6811 8956 
8334 8686 8957 
8686 2120 8957 
2451 714 9431 
6870 8569 8958 
625 1898 8959 
8932 625 8959 
177 836 8960 
6008 177 8960 
2176 7574 8961 
7574 398 8961 
167 381 8962 
381 6550 8962 
1064 4819 9841 
8963 8674 9841 
6611 1389 8964 
1389 7863 8964 
7969 8858 8965 
8858 6056 8965 
464 3108 9747 
4762 9048 9747 
6659 7622 8967 
7622 7959 8967 
4438 5657 8968 
5657 5568 8968 
3354 3382 8969 
3382 972 8969 
8091 8495 8970 
8495 295 8970 
7958 8906 8971 
5859 6717 9364 
474 8515 8972 
8515 5657 8972 
513 1940 8973 
6808 513 8973 
8974 1101 9635 
1101 4422 9635 
4024 1066 8975 
8662 4024 8975 
3683 19 8976 
19 7946 8976 
2879 6681 8977 
6681 3007 8977 
7230 795 8978 
7812 7230 8978 
6609 6915 8979 
8057 8490 8979 
5036 8280 8980 
8280 1413 8980 
6585 4067 9860 
4067 4444 9860 
1573 2652 9102 
8982 8823 9078 
1892 7740 8983 
7740 458 8983 
7325 4353 8984 
3598 9367 9813 
6338 1244 8985 
3476 6338 8985 
8986 5333 9064 
5333 4180 9064 
1510 5261 8987 
5261 8580 8987 
8525 557 9249 
6798 7141 8988 
2121 8949 8989 
8949 4915 8989 
1864 78 9112 
78 3261 9112 
1563 2523 8991 
239 2397 8991 
3163 8361 8992 
8361 7801 8992 
906 5605 8993 
8558 906 8993 
4977 7522 8994 
7522 1079 8994 
6511 6777 8995 
6777 6226 8995 
7887 3614 8996 
3413 5735 8996 
2084 8709 8997 
8709 2858 8997 
5746 5995 8998 
8746 2375 8998 
949 4148 9110 
3425 6712 8999 
6839 8035 9000 
8035 3503 9000 
6048 8818 9001 
8818 5514 9001 
6594 6949 9002 
1894 845 9892 
5801 8575 9262 
2507 5801 9262 
718 6739 9004 
1935 874 9114 
4391 357 9005 
7782 3858 9005 
632 5698 9006 
5698 7745 9006 
1378 3927 9007 
3927 5513 9007 
7131 2378 9008 
2836 7131 9008 
4523 6657 9009 
6657 7556 9009 
6781 802 9010 
802 7120 9010 
5842 5913 9011 
5913 5578 9011 
6776 7803 9012 
1558 2811 9323 
1241 8015 9013 
8015 3059 9013 
2107 9523 9821 
4952 9014 9821 
1035 7871 9015 
7871 8480 9015 
7575 8527 9016 
1559 3545 9016 
2244 4205 9017 
3389 5715 9066 
8615 6806 9018 
6053 7714 9018 
2866 4490 9019 
4490 7161 9019 
8108 1153 9020 
5309 8108 9020 
1789 4827 9021 
4913 7919 9021 
8640 8932 9022 
8932 7595 9022 
7715 7786 9023 
7786 1664 9023 
2034 7429 9279 
8488 6695 9024 
2752 1843 9025 
7473 2752 9025 
7982 7494 9026 
71 7982 9026 
6686 4021 9027 
4021 1032 9027 
1657 428 9028 
659 8364 9028 
1882 7773 9029 
7773 510 9029 
5343 7084 9030 
7084 2180 9030 
6115 1051 9031 
1051 8294 9031 
5852 6857 9032 
6857 2312 9032 
2060 6818 9033 
6818 688 9033 
6481 19 9034 
19 8843 9034 
3834 4762 9035 
6977 3834 9035 
3509 8003 9036 
8003 161 9036 
3500 3671 9037 
3671 7842 9037 
4276 8137 9038 
8137 3231 9038 
4315 5626 9039 
5626 6769 9039 
6101 7800 9040 
7800 2839 9040 
8608 4793 9041 
4405 4914 9041 
4585 5667 9042 
6584 8484 9042 
7122 5625 9043 
7992 7122 9043 
4935 3663 9044 
8678 4935 9044 
3251 1394 9469 
5677 5019 9045 
6428 3135 9662 
3145 8242 9046 
2883 3991 9047 
8483 2883 9047 
3108 4762 9747 
4762 8451 9048 
1113 195 9226 
1770 6263 9134 
1986 6863 9050 
6863 3147 9050 
5959 5773 9051 
7923 5959 9051 
8430 5557 9052 
2374 8430 9052 
9053 5855 9506 
5855 8743 9506 
648 2365 9062 
1466 2895 9062 
4155 6868 9055 
6501 228 9055 
94 6635 9056 
6635 7920 9056 
413 2376 9057 
2376 1983 9057 
865 7855 9109 
1363 865 9109 
2071 4753 9059 
4753 4559 9059 
4233 1785 9060 
2824 2505 9060 
2982 5536 9061 
7257 8474 9758 
2679 2444 9327 
1996 2679 9327 
6176 2511 9063 
7532 6176 9063 
6251 3454 9064 
4703 8986 9064 
1401 5747 9065 
5747 2481 9065 
4205 3389 9066 
9017 4205 9066 
727 3431 9067 
3431 6004 9067 
7967 8295 9068 
8295 3114 9068 
684 3277 9069 
3277 8490 9069 
3624 3020 9070 
1392 4277 9779 
2769 4116 9071 
4116 7893 9071 
2516 8550 9072 
8550 8230 9072 
6524 2208 9073 
7757 6524 9073 
4108 144 9074 
144 8887 9074 
3182 3370 9075 
7674 3182 9075 
706 226 9076 
226 5704 9076 
3730 7300 9077 
7300 5359 9077 
512 7770 9078 
7770 8982 9078 
1057 7727 9079 
7727 7269 9549 
4982 6180 9080 
6180 5139 9080 
4483 7144 9081 
7144 1066 9081 
7759 5847 9082 
5847 7817 9082 
3077 4026 9083 
5409 3077 9083 
2300 7870 9084 
7870 8658 9084 
5727 4921 9085 
4921 7481 9085 
84 2923 9616 
8470 4686 9086 
7515 8304 9087 
8304 6708 9087 
6369 1048 9088 
2218 6059 9088 
4005 9021 9089 
9021 7919 9089 
1807 7797 9090 
7797 341 9090 
4602 4023 9091 
4023 1861 9091 
543 4724 9092 
4724 6665 9092 
8908 2798 9182 
4644 8908 9182 
7473 9025 9926 
8775 8301 9094 
7242 6472 9095 
6472 2948 9095 
8331 219 9715 
2772 8331 9715 
3342 4287 9836 
6384 1147 9836 
4610 634 9098 
6825 4610 9098 
5324 5937 9099 
47 5823 9458 
6797 3716 9848 
6341 4641 9100 
6353 632 9101 
2742 6353 9101 
5686 8982 9102 
8982 3919 9102 
5915 1990 9103 
1990 8752 9103 
3785 1072 9104 
1072 7246 9104 
6110 5861 9271 
256 7568 9105 
6419 7176 9106 
7176 5267 9106 
7062 7836 9107 
7836 7647 9107 
321 8371 9108 
8371 2989 9917 
9058 1423 9109 
7855 9058 9109 
3425 8999 9110 
8999 949 9110 
1281 7448 9111 
7448 1373 9111 
3261 8668 9112 
8668 8990 9112 
1881 4537 9113 
8500 1347 9113 
874 9004 9114 
9004 6739 9114 
5049 5956 9115 
5956 6817 9115 
2165 3391 9116 
5340 2165 9116 
8097 3412 9117 
8952 8097 9117 
7510 4671 9217 
4671 353 9217 
2426 1394 9528 
4594 23 9119 
7318 8229 9120 
8229 3764 9120 
1495 8457 9121 
8457 6205 9121 
8061 4975 9122 
3366 8337 9122 
8284 5105 9123 
5105 8619 9123 
897 7628 9540 
176 897 9540 
1686 3340 9579 
1578 1686 9579 
7083 2272 9126 
8421 7083 9126 
8998 2375 9871 
3304 8998 9871 
7511 3999 9128 
1758 1494 9128 
6638 7449 9129 
7449 3767 9129 
1716 7119 9130 
7119 3906 9130 
1261 3453 9131 
3453 7186 9131 
7218 2099 9132 
7633 7218 9132 
6455 2333 9133 
8622 6455 9133 
4771 7746 9134 
7746 9049 9134 
2062 6920 9784 
7565 2062 9784 
6625 7585 9136 
7585 4544 9136 
3027 4636 9137 
4636 73 9137 
3558 2606 9138 
6438 3558 9138 
2254 6519 9584 
7479 1366 9346 
1350 2225 9835 
9140 5710 9835 
1210 5004 9141 
6740 1210 9141 
208 264 9142 
5796 208 9142 
8539 457 9143 
4985 8539 9143 
4719 1782 9221 
6001 5761 9144 
2833 3723 9145 
8250 2347 9145 
6312 6510 9146 
3917 5222 9603 
3004 8382 9147 
8382 6156 9147 
1223 4515 9148 
6851 9148 9976 
3345 447 9149 
5933 3345 9149 
5753 3235 9150 
8529 5753 9150 
8301 9456 9953 
9094 8301 9953 
4978 4007 9566 
6891 7674 9566 
66 3572 9153 
3572 5243 9153 
3433 5528 9154 
7631 3433 9154 
7860 8842 9755 
5650 4630 9755 
3710 4792 9855 
4243 9217 9272 
7914 1800 9737 
5664 5696 9179 
6135 6663 9158 
6663 6621 9158 
710 2882 9159 
2882 3132 9159 
3939 714 9160 
8281 3939 9160 
577 8445 9161 
8445 3285 9161 
7788 8618 9162 
8618 6945 9162 
3754 7747 9163 
7747 1100 9163 
1670 6576 9164 
7765 1670 9164 
5989 2075 9165 
2075 8584 9165 
4301 6574 9166 
7896 4301 9166 
5237 1494 9167 
4836 7502 9167 
4534 1750 9912 
6658 5455 9520 
7058 6262 9169 
5304 5918 9169 
6553 8440 9170 
8440 6772 9170 
2985 327 9171 
327 6989 9171 
8902 6454 9172 
2518 8902 9172 
3094 7530 9173 
8292 3094 9173 
1506 5828 9174 
5828 6443 9174 
1477 8192 9175 
8532 1477 9175 
2056 124 9176 
6747 2056 9176 
1348 8745 9599 
3016 1348 9599 
7842 7964 9178 
9037 7842 9178 
5696 481 9179 
1168 7914 9737 
3263 496 9180 
4127 3263 9180 
2509 5244 9529 
5244 8122 9529 
9093 6143 9182 
9182 688 9488 
250 3162 9183 
3162 8783 9657 
6637 7264 9184 
1216 1717 9478 
5654 3726 9620 
8190 3241 9185 
5304 3049 9186 
8714 3918 9186 
9164 6576 9187 
3028 9283 9503 
3994 8005 9188 
8287 3994 9188 
4173 9440 9741 
9440 5573 9741 
6283 7692 9190 
7692 8367 9190 
5642 7347 9191 
7347 6238 9191 
3666 6711 9192 
6711 3622 9192 
1824 8176 9193 
8176 5474 9193 
1765 6665 9194 
8754 1765 9194 
1274 4508 9195 
6668 1274 9195 
2263 7080 9196 
7080 2734 9196 
7628 6096 9540 
8667 176 9197 
8486 5935 9198 
6322 8486 9198 
4061 7985 9199 
7985 5587 9199 
255 4346 9200 
4346 478 9200 
6118 7277 9201 
7277 4473 9201 
1692 4929 9202 
4929 6272 9202 
4911 4106 9522 
7640 7147 9203 
200 5271 9204 
5271 1792 9204 
4904 2567 9725 
5556 5219 9205 
424 2479 9206 
6941 424 9206 
8568 592 9207 
7311 8568 9207 
7201 937 9208 
8510 7201 9208 
5768 3863 9209 
6743 5768 9209 
7182 8324 9955 
5031 8685 9787 
1771 3854 9211 
7176 1771 9211 
1078 7256 9212 
7256 3430 9212 
2567 5556 9725 
4708 4904 9213 
8604 3857 9214 
7197 8604 9214 
7391 8916 9215 
8916 3739 9215 
1867 3955 9216 
5746 1867 9216 
353 7539 9217 
9118 4243 9272 
6048 8542 9765 
4440 4018 9765 
5595 6322 9219 
6322 9198 9219 
3927 2457 9220 
2457 8228 9220 
5761 4719 9221 
9144 5761 9221 
196 7478 9222 
7478 3970 9222 
4872 7876 9223 
7876 5569 9223 
5869 7605 9224 
7605 6232 9224 
4252 8371 9225 
8371 2425 9225 
1460 9049 9226 
9049 7746 9226 
7558 6330 9607 
1536 7558 9227 
1924 5165 9228 
5165 751 9228 
7976 1312 9229 
1312 8398 9229 
4567 235 9230 
235 6564 9230 
1678 3254 9979 
936 1678 9979 
9210 2210 9232 
3054 5031 9787 
4560 8241 9233 
6193 3437 9233 
5355 9138 9234 
9138 2606 9234 
5739 3449 9693 
6525 6499 9235 
3568 2737 9236 
2737 7133 9236 
3057 5697 9237 
5697 3072 9237 
1635 7254 9238 
7776 1635 9238 
4291 4314 9239 
4314 1788 9239 
5579 2981 9240 
8 5579 9240 
1067 7068 9241 
7068 3328 9241 
3841 8226 9242 
8226 3533 9242 
9775 5038 9911 
2031 9775 9911 
3111 7358 9564 
6625 5347 9244 
3426 893 9245 
5923 8400 9245 
652 5423 9246 
5423 7033 9246 
7267 3722 9247 
4015 6689 9247 
6107 3247 9248 
3247 7373 9248 
6798 8988 9249 
8988 5432 9249 
606 692 9250 
4136 9250 9557 
9240 8768 9278 
8768 5523 9251 
940 8695 9669 
305 940 9669 
7110 2601 9253 
7086 3328 9253 
1960 4209 9254 
4209 1742 9254 
7130 6358 9255 
3759 1770 9489 
7293 1866 9256 
7371 7293 9256 
8487 8684 9257 
8684 710 9257 
7910 199 9258 
7023 7910 9258 
839 3030 9259 
3030 1060 9259 
9260 2604 9541 
2604 5647 9541 
1868 8728 9261 
8728 1984 9261 
8575 2163 9262 
8378 9003 9262 
3616 7047 9263 
7047 2269 9263 
8535 7049 9264 
4890 8535 9264 
202 3365 9265 
3365 5920 9265 
5049 9266 9945 
7091 1367 9266 
2008 6883 9267 
6883 3969 9267 
222 6636 9268 
6636 411 9268 
6870 8958 9269 
8958 2451 9269 
8633 2858 9270 
2858 8690 9270 
7042 5411 9271 
9105 7042 9271 
4133 9156 9814 
9217 7539 9272 
1956 7523 9273 
7523 8717 9273 
1846 5117 9274 
5117 7056 9274 
5734 2999 9275 
2999 8487 9275 
404 2131 9276 
7084 404 9276 
4756 5845 9277 
5845 1493 9277 
1146 8 9278 
9251 1146 9278 
98 9024 9279 
9024 6695 9279 
4989 8536 9280 
8536 9181 9280 
1114 5898 9281 
6533 53 9281 
8994 5604 9700 
5604 5699 9700 
2484 107 9283 
9187 3028 9503 
1237 8899 9284 
8899 4422 9284 
5981 4073 9285 
4073 6572 9285 
6622 6613 9286 
6966 6622 9286 
4429 3159 9745 
6733 4429 9287 
3573 7819 9288 
7819 1756 9288 
2299 6868 9289 
6868 5652 9289 
6408 4249 9290 
4249 7589 9290 
975 5504 9996 
1182 5126 9291 
2645 2788 9292 
5621 2645 9292 
63 7613 9293 
7741 63 9293 
7010 3035 9294 
3124 8064 9294 
7527 1142 9295 
8083 7527 9295 
1003 8130 9296 
8130 1740 9296 
4115 4397 9297 
603 4861 9297 
9099 2729 9298 
7334 5444 9298 
1614 3691 9299 
8537 1614 9299 
8648 501 9300 
4114 2514 9349 
6802 1871 9301 
6658 6802 9301 
5060 2225 9302 
2603 5060 9302 
8774 6072 9303 
6488 5773 9303 
3462 40 9304 
7944 3462 9304 
6227 8727 9305 
8727 844 9305 
1273 5541 9910 
7024 8889 9306 
432 6175 9307 
6475 432 9307 
1489 1026 9308 
8990 1489 9308 
7959 5012 9309 
8967 7959 9309 
2301 8411 9310 
8411 6023 9310 
5646 2126 9311 
7682 5646 9311 
1941 5522 9312 
805 7004 9312 
4974 5547 9800 
5044 5529 9313 
9653 5379 9906 
9314 9653 9906 
391 8283 9315 
8097 8948 9315 
6988 7349 9316 
7349 7078 9316 
6213 5866 9317 
5866 7981 9317 
3084 3718 9318 
3718 7482 9318 
7922 6098 9319 
5862 7922 9319 
1305 6585 9320 
6585 6636 9320 
618 2191 9321 
5878 618 9321 
576 693 9322 
5614 576 9322 
1523 9012 9323 
9012 7803 9323 
3760 2813 9324 
5399 4255 9324 
6920 7567 9325 
7567 4776 9325 
1143 5473 9326 
5902 1143 9326 
2444 9054 9327 
9054 9062 9327 
1222 2010 9328 
2010 7268 9328 
5451 2300 9329 
7459 5451 9329 
4216 683 9330 
6961 4216 9330 
715 4049 9331 
4049 5025 9331 
6349 3559 9332 
9168 878 9332 
4501 4994 9333 
4994 5392 9333 
1205 4385 9334 
4385 3277 9334 
3832 8673 9335 
8673 607 9335 
6895 8808 9336 
8808 6080 9336 
6962 7804 9337 
7804 8266 9337 
8328 2356 9338 
6577 8328 9338 
8548 5595 9339 
5595 9219 9339 
8769 8547 9340 
1360 8778 9340 
5872 8704 9341 
8704 5925 9341 
2379 7224 9706 
7224 6914 9342 
6958 8370 9343 
8370 3603 9343 
6950 6984 9344 
6984 6146 9344 
5834 6193 9345 
6193 9233 9345 
8822 8643 9908 
3374 9139 9346 
179 5565 9347 
6106 179 9347 
39 7764 9348 
7764 1895 9348 
5581 8648 9349 
8648 9300 9349 
683 8019 9350 
8019 4740 9350 
7879 7942 9351 
7942 2729 9351 
7688 3619 9352 
6863 1986 9352 
1783 2608 9353 
2608 2068 9353 
6121 8587 9905 
5821 6121 9905 
3237 7563 9355 
7563 1568 9355 
2612 1158 9356 
1158 5574 9356 
6647 7864 9357 
7864 6527 9357 
6701 7846 9358 
7892 6701 9358 
99 3657 9359 
3657 5274 9359 
6260 2194 9360 
2194 498 9360 
1683 5203 9361 
7629 4957 9361 
988 7759 9362 
7759 9082 9362 
1077 932 9363 
7387 1077 9363 
7119 8971 9364 
8971 8906 9364 
355 2162 9365 
2162 3733 9365 
4838 2720 9412 
4472 6074 9366 
3598 3929 9367 
1460 3082 9367 
6554 7336 9368 
7336 2382 9368 
6466 7730 9369 
7730 5731 9369 
3260 1140 9370 
1140 8831 9370 
5136 2 9371 
7706 5136 9371 
9235 251 9372 
251 4685 9372 
3730 5955 9373 
7300 3730 9373 
1454 5754 9815 
8284 4809 9374 
7754 884 9375 
4581 4758 9375 
1164 7899 9376 
7899 1679 9376 
772 9377 9597 
7598 772 9597 
4769 50 9531 
3305 282 9378 
6307 9132 9379 
9132 2099 9379 
4943 5495 9380 
7134 8155 9380 
469 4747 9381 
4747 3787 9381 
3018 7936 9382 
7936 7272 9382 
26 8997 9383 
8997 5314 9383 
3523 5247 9384 
8282 3523 9384 
7265 8814 9385 
8814 5841 9385 
7157 7810 9386 
7810 2608 9386 
882 3290 9387 
7153 882 9387 
490 9312 9388 
9312 7004 9388 
2300 7794 9389 
9329 2300 9389 
86 6741 9896 
4682 3647 9390 
7093 8307 9391 
8307 3361 9391 
8613 2904 9830 
6982 8613 9830 
3191 8510 9393 
8510 7400 9393 
347 8817 9394 
8817 8330 9394 
723 8344 9395 
8344 6401 9395 
4333 4304 9396 
4304 8872 9396 
2312 4 9397 
9032 2312 9397 
533 2268 9398 
8441 533 9398 
2438 3417 9399 
8521 2438 9399 
8258 512 9400 
7815 8258 9400 
422 520 9401 
7696 422 9401 
2828 1013 9402 
1013 5964 9402 
2944 1733 9403 
1733 7388 9403 
6294 1617 9404 
1617 8433 9404 
2399 8682 9405 
8682 8310 9405 
8353 7153 9406 
2436 8353 9406 
8621 4053 9407 
5213 6364 9407 
6430 8474 9408 
8474 5614 9408 
483 1219 9409 
2888 483 9409 
5961 4423 9410 
2969 5961 9410 
5136 7706 9411 
7706 2123 9411 
6074 4838 9412 
9366 6074 9412 
5982 1333 9413 
7212 5982 9413 
4504 8062 9414 
8062 4579 9414 
5756 8162 9633 
7514 5756 9633 
1889 7333 9416 
7333 8647 9416 
2793 5072 9417 
5072 5248 9417 
3071 689 9418 
4254 8336 9418 
7673 8845 9419 
8845 3736 9419 
5958 9210 9939 
3054 9787 9939 
2673 402 9421 
5459 2673 9421 
5742 735 9542 
1340 5742 9542 
1354 4637 9423 
4637 3184 9423 
1927 5436 9424 
5436 1987 9424 
4496 5747 9425 
5747 3590 9425 
7427 6062 9426 
3038 8041 9426 
5714 1193 9427 
5426 5714 9427 
3558 6438 9428 
6438 6491 9428 
7292 1552 9429 
5924 7329 9648 
4540 5204 9430 
6084 7051 9430 
711 9269 9431 
9269 2451 9431 
1040 5949 9432 
5949 8219 9432 
2670 9245 9433 
9245 3080 9433 
7699 4569 9434 
6375 90 9434 
2896 7365 9435 
7365 4740 9435 
2205 5991 9436 
5991 8325 9436 
6345 7363 9437 
7363 8523 9437 
6551 7581 9438 
7581 847 9438 
3867 7270 9439 
7270 102 9439 
2395 9189 9667 
7416 8379 9667 
8118 3185 9441 
7505 8118 9441 
170 3464 9442 
3464 8946 9442 
4406 6549 9443 
6549 3709 9443 
4963 6497 9444 
2511 4313 9444 
328 2801 9445 
2801 4649 9445 
5682 8619 9446 
8619 5670 9446 
3505 4700 9447 
4700 515 9447 
8628 9229 9448 
9229 8398 9448 
7065 557 9449 
7386 4681 9449 
7473 8222 9450 
495 2752 9450 
3284 4609 9451 
4609 1907 9451 
7867 2144 9452 
8783 1730 9657 
2144 5430 9453 
5430 1252 9453 
5665 5187 9454 
6883 472 9454 
6856 7767 9455 
7767 2691 9455 
9456 7895 9953 
9151 8038 9953 
6788 7867 9457 
7867 1730 9457 
7811 5324 9946 
4055 7811 9946 
3674 8488 9459 
8488 1300 9459 
2657 4290 9577 
7881 5339 9460 
5303 21 9461 
21 7616 9461 
4159 6799 9675 
2061 7309 9462 
6883 9454 9463 
9046 8242 9463 
3356 6311 9464 
3859 2405 9477 
1086 5519 9465 
5519 4066 9465 
5805 7214 9466 
7467 5805 9466 
3603 1727 9467 
4522 3603 9467 
2421 3441 9468 
2233 2111 9713 
5677 9045 9469 
9045 3251 9469 
2754 7488 9470 
8420 2754 9470 
5950 6381 9471 
6381 8243 9471 
2271 638 9472 
638 9254 9472 
6858 4884 9473 
4193 6360 9473 
8434 4393 9474 
8463 8434 9474 
3794 9475 9845 
3468 3720 9475 
9332 2736 9476 
8811 6658 9978 
9477 2405 9995 
2405 9464 9995 
1271 9478 9993 
7115 1271 9993 
5877 7913 9479 
4251 5003 9479 
8138 2728 9480 
837 1816 9480 
2024 1784 9797 
1784 6691 9481 
6563 6710 9482 
6710 3197 9482 
7713 4473 9483 
8852 7713 9483 
2989 8311 9917 
6127 9108 9484 
1187 4920 9485 
4920 7991 9485 
1034 433 9486 
9163 1034 9486 
7128 1314 9487 
7168 7128 9487 
7425 9093 9488 
9093 9182 9488 
910 1950 9489 
1950 9255 9489 
4468 3946 9490 
7599 4468 9490 
2981 7945 9491 
7945 4101 9491 
1907 6978 9492 
6978 598 9492 
354 8945 9493 
8945 2770 9493 
7354 9441 9494 
9441 6897 9494 
1995 3607 9495 
3607 8409 9495 
6542 5292 9496 
165 8646 9496 
9034 8843 9497 
7282 2805 9497 
321 9108 9498 
9108 6127 9498 
7844 8664 9499 
8664 8159 9499 
6387 4671 9500 
4671 7510 9500 
4594 8130 9501 
8084 8508 9501 
8699 3307 9502 
7549 8790 9502 
9164 9187 9503 
9283 107 9503 
9310 6023 9504 
6739 9310 9504 
1781 6607 9505 
155 1352 9505 
8743 6265 9506 
6265 9053 9506 
6584 1522 9507 
7139 7470 9507 
3485 2871 9508 
2871 8756 9508 
1842 5680 9509 
9135 1842 9509 
2718 918 9510 
4253 2718 9510 
7177 1955 9511 
7006 6083 9511 
5291 8625 9512 
8625 6230 9512 
4715 150 9513 
4585 9042 9513 
989 4879 9514 
4879 8689 9514 
2743 5064 9515 
5064 6939 9515 
8496 5337 9516 
3566 4799 9915 
2794 185 9604 
6780 8519 9517 
4765 1909 9518 
8395 4765 9518 
4149 7350 9519 
7350 996 9519 
623 1463 9878 
9168 9476 9520 
1212 1549 9521 
7270 1212 9521 
4106 7640 9522 
7640 9203 9522 
2091 8908 9523 
8908 4311 9523 
6875 9180 9524 
9180 496 9524 
4355 4941 9705 
1323 4355 9705 
7325 8984 9526 
8984 7658 9526 
5134 384 9527 
7227 221 9527 
5769 9119 9528 
9119 2426 9528 
9280 9181 9529 
8122 8376 9529 
7463 415 9530 
9000 6298 9530 
50 9378 9531 
9378 3525 9531 
4888 1244 9532 
1244 6406 9532 
3950 170 9533 
170 9442 9533 
7108 8227 9534 
8227 2739 9534 
6794 9499 9535 
9499 5957 9535 
3496 3729 9536 
7005 3496 9536 
4718 6140 9537 
3084 6774 9561 
2692 5996 9538 
5996 3364 9538 
5824 9160 9539 
8749 6673 9539 
9124 4102 9540 
4102 9197 9540 
1310 9260 9541 
5647 4376 9541 
8810 5978 9542 
5978 9422 9542 
8690 3100 9543 
8837 8690 9543 
4537 5811 9544 
1919 2586 9544 
5704 7793 9545 
9076 5704 9545 
3486 760 9546 
760 6397 9546 
8052 5464 9547 
8870 8052 9547 
5417 4627 9548 
4627 7980 9548 
7488 9079 9549 
9079 7727 9549 
1419 4356 9550 
4356 4798 9550 
1335 4550 9551 
5155 1335 9551 
45 2694 9552 
2694 6413 9552 
7318 8537 9553 
8537 3044 9553 
6476 248 9554 
248 8595 9554 
93 4220 9555 
7683 93 9555 
7377 2708 9556 
2708 9509 9556 
692 5965 9557 
9250 692 9557 
6258 5622 9558 
6286 6258 9558 
7453 8628 9559 
8689 8050 9559 
3009 7158 9560 
7158 369 9560 
2448 9537 9561 
9537 6140 9561 
5710 4818 9835 
7796 1350 9562 
7022 6562 9723 
6562 49 9723 
6625 9244 9564 
9244 3111 9564 
1084 6070 9565 
7375 1084 9565 
8559 8031 9566 
8031 9152 9566 
7346 6662 9567 
7950 7346 9567 
1057 9079 9568 
9079 4414 9568 
9498 8257 9569 
321 9498 9569 
7224 9342 9570 
9342 4289 9570 
8847 1121 9571 
1035 8847 9571 
4758 4652 9572 
4652 5803 9572 
840 8494 9573 
8722 840 9573 
5775 6885 9574 
6885 772 9574 
424 4369 9575 
4369 3529 9575 
7142 3265 9576 
1871 6802 9704 
7881 9460 9577 
9460 6971 9577 
8107 4598 9578 
5759 8107 9578 
5904 9125 9579 
8380 2361 9579 
4364 5967 9580 
5967 312 9580 
8399 6685 9581 
662 2637 9581 
3172 6439 9582 
6439 2955 9582 
6954 9046 9583 
9046 5187 9583 
6519 9139 9584 
9139 3374 9584 
6592 8204 9585 
7716 6295 9585 
6003 5297 9586 
7738 6003 9586 
1859 4165 9587 
4165 4877 9587 
1468 1476 9588 
1476 7124 9588 
1198 7513 9589 
7513 1431 9589 
3851 7793 9590 
7793 5704 9590 
850 6284 9591 
6284 2013 9591 
6023 8411 9592 
8411 2537 9592 
4842 8244 9593 
8244 7064 9593 
2783 6097 9594 
6097 7530 9594 
6275 7316 9595 
7316 2564 9595 
6202 5194 9859 
5194 5631 9859 
3908 8154 9597 
8154 7598 9597 
8413 6464 9598 
1706 8413 9598 
9177 3016 9599 
7614 9177 9599 
3784 3120 9600 
7102 3784 9600 
5193 5567 9601 
5567 5558 9601 
9602 3963 9856 
3963 8856 9856 
6312 9146 9603 
6256 8246 9950 
4856 9517 9604 
9517 8887 9604 
3882 6398 9605 
6398 1739 9605 
3157 8929 9606 
8929 5587 9606 
3605 6388 9607 
6388 9227 9607 
791 89 9608 
89 8744 9608 
1604 5556 9609 
5556 2567 9609 
8355 442 9610 
2635 8355 9610 
1526 7161 9611 
7161 4490 9611 
3773 7687 9612 
7687 1280 9612 
2666 1102 9613 
4109 2666 9613 
349 4086 9614 
4086 497 9614 
9615 7343 9617 
7343 6921 9617 
8470 9086 9616 
9086 84 9616 
8016 4409 9617 
4409 9615 9617 
6000 1952 9618 
7351 3689 9618 
29 2826 9619 
2826 8329 9619 
8190 9185 9620 
9185 36 9620 
2386 7994 9621 
7994 3534 9621 
8567 2334 9622 
7002 5999 9622 
5837 8543 9623 
8543 6259 9623 
4955 827 9624 
383 3537 9624 
7554 8431 9625 
4122 1696 9625 
7196 7657 9626 
7657 8261 9626 
638 5886 9627 
5886 8543 9627 
1513 6901 9628 
6901 1192 9628 
7030 7020 9629 
8031 6432 9629 
9543 3100 9630 
403 678 9630 
5860 7417 9631 
7417 4202 9631 
5158 8433 9632 
8433 7374 9632 
2256 9771 9958 
1534 5843 9652 
212 8207 9634 
8207 3446 9634 
4572 5402 9635 
5402 8974 9635 
979 3201 9636 
3879 979 9636 
6031 4808 9637 
6604 6031 9637 
9018 7714 9638 
4690 9018 9638 
2263 5784 9639 
8729 5415 9639 
2372 5429 9640 
5429 5921 9640 
5681 7781 9641 
7781 397 9641 
5795 4512 9642 
8886 5795 9642 
4533 5062 9643 
1504 2003 9769 
3371 7151 9644 
7151 2876 9644 
7758 8894 9645 
8894 1841 9645 
5097 721 9646 
4870 8043 9646 
7826 6841 9647 
6841 7858 9647 
4648 9429 9648 
9429 6188 9648 
3227 4803 9649 
4803 2676 9649 
1398 1628 9650 
1965 5429 9678 
7173 4835 9651 
4768 7173 9651 
5914 1534 9652 
7648 9415 9652 
7329 5924 9653 
4341 7329 9653 
3523 8415 9654 
8415 4940 9654 
3789 7192 9655 
7192 2945 9655 
1207 7491 9656 
7491 237 9656 
1730 9452 9657 
9452 9183 9657 
257 2285 9658 
2285 6201 9658 
4060 3308 9659 
7031 2799 9659 
8822 2767 9660 
78 6410 9660 
6439 2147 9661 
6545 6439 9661 
7206 6428 9662 
9463 7206 9662 
2897 3880 9663 
7280 2897 9663 
8069 6872 9664 
2017 8069 9664 
531 1989 9665 
5063 531 9665 
9331 6007 9666 
6007 4897 9666 
5573 9440 9667 
9440 7416 9667 
8574 3376 9668 
492 7435 9668 
8695 2400 9669 
2400 9252 9669 
3565 964 9670 
9421 3565 9670 
2885 5001 9790 
5001 7024 9910 
5664 9179 9672 
9179 9157 9672 
8880 2977 9673 
182 8880 9673 
2829 7819 9674 
7819 5063 9674 
7309 3303 9675 
9462 7309 9675 
5021 6888 9676 
6888 5065 9676 
1707 853 9677 
853 7950 9677 
1398 9650 9678 
9650 8504 9678 
2508 9204 9679 
9204 1792 9679 
1471 1502 9680 
1502 9061 9680 
6522 8186 9681 
8186 635 9681 
6407 8829 9682 
8829 817 9682 
1467 6269 9683 
6269 3161 9683 
4975 8061 9684 
8061 8238 9684 
4150 6566 9685 
6566 3242 9685 
8897 3478 9686 
7067 8897 9686 
6934 8450 9687 
8450 1031 9687 
5420 3785 9688 
3785 9104 9688 
3394 674 9689 
674 6925 9689 
3064 5388 9690 
1605 6374 9690 
1347 5460 9691 
9113 1347 9691 
8845 1543 9692 
2433 4359 9692 
8651 5739 9693 
9235 6499 9693 
8197 2776 9694 
1794 9436 9967 
5493 6036 9695 
8042 2844 9695 
4499 6617 9696 
6617 2849 9696 
8640 7396 9697 
8654 7769 9697 
6140 2234 9698 
2234 6260 9698 
1084 13 9699 
6070 1084 9699 
4977 9282 9700 
7484 4977 9791 
5120 1065 9701 
1065 8369 9701 
8226 8940 9702 
8940 7108 9702 
1658 786 9950 
9146 6510 9703 
9576 85 9704 
6802 2912 9704 
9525 1323 9705 
4941 5650 9705 
4478 7904 9706 
9570 4478 9706 
6342 340 9707 
340 7461 9707 
4606 2590 9708 
8290 4606 9708 
35 8477 9709 
8477 4990 9709 
7048 3098 9710 
6297 4811 9710 
5855 4719 9711 
6648 5855 9711 
5647 8627 9712 
8627 6993 9712 
2111 9468 9713 
9468 6063 9713 
734 793 9714 
5498 734 9714 
7239 5553 9715 
9096 7239 9715 
1956 6430 9716 
8129 1956 9716 
3689 5566 9717 
4198 3689 9717 
7237 402 9718 
5619 6135 9718 
1275 8178 9719 
8178 2175 9719 
5648 7575 9720 
7575 5835 9720 
1130 5713 9721 
5713 7561 9721 
6151 6939 9722 
6939 5064 9722 
7315 7022 9723 
9563 7315 9723 
721 6579 9724 
6579 6601 9724 
9205 4456 9725 
4456 9213 9725 
5149 7474 9726 
7474 5316 9726 
4130 6517 9727 
6517 2853 9727 
4997 8878 9728 
8878 807 9728 
7947 4247 9729 
8522 7947 9729 
4358 3207 9730 
3207 7883 9730 
1061 8264 9731 
8264 7901 9731 
2380 9152 9732 
992 7986 9732 
5649 5479 9733 
5479 7255 9733 
902 6081 9734 
6081 8603 9734 
6487 4953 9735 
7748 6487 9735 
5564 5919 9736 
9542 9422 9928 
9157 9179 9737 
9179 481 9737 
1423 9058 9738 
9058 5474 9738 
103 7521 9739 
7521 7268 9739 
3953 4627 9740 
2988 6965 9740 
9189 6248 9741 
7189 9189 9741 
922 6968 9742 
6968 6367 9742 
1913 8094 9743 
5297 3910 9743 
2246 3341 9744 
3341 5316 9744 
5741 9287 9745 
9287 4429 9745 
6148 2248 9746 
6907 6148 9746 
8966 464 9747 
9048 8966 9747 
6348 8004 9748 
8004 2697 9748 
3784 7102 9749 
7102 1529 9749 
8451 2873 9750 
9048 8451 9750 
9055 228 9751 
4583 4155 9751 
9752 4055 9946 
9458 5083 9752 
3828 6267 9753 
6267 4314 9753 
5627 9013 9754 
9013 3059 9754 
8842 9004 9755 
9004 9155 9755 
5377 5579 9756 
7059 5377 9756 
1615 1704 9757 
1704 7373 9757 
8474 2982 9758 
2982 9061 9758 
5858 4088 9759 
4902 8166 9759 
2328 6350 9760 
6350 7431 9760 
2375 4738 9871 
3925 9127 9761 
861 7163 9762 
7163 6620 9762 
5251 6659 9763 
6659 4722 9763 
3527 2875 9764 
2875 5683 9764 
8818 6048 9765 
9218 8818 9765 
4334 7818 9766 
7818 6292 9766 
2290 9414 9767 
9414 5156 9767 
3106 5775 9768 
5775 3994 9768 
2003 9643 9769 
9643 5062 9769 
4350 3844 9770 
8397 2580 9770 
5984 4083 9771 
6424 5984 9771 
2564 8278 9772 
9595 2564 9772 
4980 8569 9773 
8569 6870 9773 
1774 9475 9774 
9475 3794 9774 
127 4750 9775 
4750 2943 9775 
4553 2029 9776 
3435 1687 9776 
2984 7531 9777 
7531 3078 9777 
8942 3633 9778 
6221 8942 9778 
3624 9070 9779 
9070 6162 9779 
1845 2480 9780 
6344 1845 9780 
4957 7629 9781 
7629 5110 9781 
4921 6182 9782 
6182 1624 9782 
4016 4581 9783 
4581 4237 9783 
8913 1842 9784 
1842 9135 9784 
688 9182 9785 
9182 2798 9785 
119 2998 9786 
2998 7369 9786 
9232 3345 9939 
3345 3054 9939 
9766 3787 9788 
7027 9766 9788 
297 3010 9789 
2472 320 9803 
8711 5007 9790 
9671 8711 9790 
5633 7909 9791 
2141 3021 9834 
8295 3554 9857 
7290 8295 9857 
5673 1925 9793 
1925 8644 9793 
550 7562 9794 
7562 3002 9794 
2245 5260 9795 
5260 173 9795 
8200 7822 9796 
7822 677 9796 
1784 9481 9797 
9481 3871 9797 
6185 2948 9798 
5531 1848 9798 
5517 3931 9799 
3931 8179 9799 
5044 9313 9800 
9313 4974 9800 
9263 326 9801 
7322 9263 9801 
8533 4678 9802 
106 8533 9802 
320 9789 9803 
9789 3010 9803 
7860 7635 9804 
8842 7860 9804 
9220 8228 9805 
3927 9220 9805 
1626 7699 9806 
7699 9434 9806 
2479 3529 9807 
3529 6354 9807 
3014 1789 9808 
1789 5109 9808 
2721 8925 9809 
8925 3244 9809 
5140 9309 9810 
9309 3619 9810 
1645 7856 9811 
7856 8867 9811 
4173 6958 9933 
6958 9343 9812 
7325 9526 9813 
9526 3598 9813 
9156 9272 9814 
9272 7539 9814 
6509 8284 9815 
8284 9374 9815 
1082 2735 9816 
2735 8066 9816 
6114 8145 9817 
8145 1071 9817 
3510 8349 9818 
8349 957 9818 
9091 4165 9819 
258 4602 9819 
1306 8046 9820 
8046 3721 9820 
8784 2318 9821 
9014 5364 9821 
1090 3241 9822 
3241 6301 9822 
2450 7550 9823 
7550 4702 9823 
5697 3057 9824 
3057 6910 9824 
4433 1770 9825 
1770 6826 9825 
2009 6413 9826 
6413 4833 9826 
1548 7163 9827 
7565 1548 9827 
7440 1753 9828 
1753 8150 9828 
6570 2859 9829 
2859 6716 9829 
2904 5814 9830 
9392 6982 9830 
7484 9791 9831 
9791 7909 9831 
2155 9207 9832 
9207 592 9832 
599 966 9833 
4621 599 9833 
233 2141 9834 
7484 9831 9834 
4818 9562 9835 
9562 1350 9835 
1147 6158 9836 
6158 9097 9836 
4316 5548 9837 
8970 22 9837 
5101 6046 9838 
6046 3721 9838 
3616 5051 9839 
7047 3616 9839 
6395 3283 9840 
3283 6999 9840 
6848 6210 9841 
6210 8963 9841 
6885 870 9842 
508 4277 9842 
4246 1003 9843 
1003 9296 9843 
5639 3792 9844 
2954 7007 9844 
3720 3669 9845 
9475 3720 9845 
8721 1630 9846 
413 9057 9990 
6691 1784 9847 
8331 6691 9847 
3716 6341 9848 
6341 9100 9848 
6925 5368 9849 
5368 7812 9849 
1474 3661 9850 
3661 1410 9850 
8010 6157 9879 
6157 5088 9879 
5007 5478 9852 
5478 6572 9852 
595 6118 9853 
8572 595 9853 
2308 4552 9854 
7512 2308 9854 
4058 5490 9855 
9272 4058 9855 
872 9602 9856 
8856 1462 9856 
4210 7290 9857 
9792 8626 9857 
69 2501 9858 
2501 2587 9858 
5631 5199 9859 
9596 6202 9859 
8981 5189 9860 
4170 8981 9860 
9797 4342 9861 
4342 3395 9861 
6917 3981 9862 
3981 8941 9862 
839 7470 9863 
7470 4858 9863 
3247 5606 9864 
5606 8495 9864 
7601 409 9865 
6671 6546 9865 
3580 7457 9997 
8054 3898 9866 
6404 4815 9867 
4815 6688 9867 
6057 885 9868 
885 6486 9868 
641 6988 9869 
6988 3542 9869 
2446 7699 9870 
7699 507 9870 
3287 3925 9871 
3925 9761 9871 
5684 860 9872 
4000 5684 9872 
7015 8297 9873 
8297 2353 9873 
5055 3369 9874 
2240 5055 9874 
4643 8556 9875 
8556 1258 9875 
106 2073 9876 
8533 106 9876 
7108 9534 9877 
2055 1520 9877 
6137 3169 9878 
636 9520 9878 
9851 3908 9879 
5088 9851 9879 
1491 8383 9880 
8383 554 9880 
3133 8891 9881 
8891 3595 9881 
678 403 9882 
403 6203 9882 
1668 8868 9883 
8868 1751 9883 
1171 2243 9884 
5635 1171 9884 
3762 8299 9885 
8299 1461 9885 
2727 6407 9891 
1982 9886 9891 
6079 1878 9887 
1878 8904 9887 
5592 7747 9888 
1498 43 9888 
4150 6960 9889 
6960 6590 9889 
2488 2513 9890 
2513 5735 9890 
9886 5318 9891 
5532 2727 9891 
1641 9002 9892 
9002 6949 9892 
2574 8406 9893 
8406 6532 9893 
7470 1541 9894 
9507 7470 9894 
7162 2349 9895 
2349 8771 9895 
6741 9390 9896 
9390 1092 9896 
2303 5386 9897 
5386 7890 9897 
2145 6323 9898 
6323 7305 9898 
3646 8804 9899 
8804 8309 9899 
3472 8956 9900 
8956 1116 9900 
4548 8497 9901 
8497 7219 9901 
1858 6039 9902 
7659 6104 9902 
6542 8565 9903 
8565 2133 9903 
2017 5354 9904 
5354 1579 9904 
7209 4182 9905 
4182 9354 9905 
8954 2857 9906 
2857 9314 9906 
1313 580 9907 
580 590 9907 
8988 3374 9908 
3374 9346 9908 
1621 7916 9909 
7916 4119 9909 
184 9790 9910 
9790 5001 9910 
5038 8459 9911 
8459 9243 9911 
9520 5455 9912 
7149 9168 9912 
8038 9151 9913 
5059 6200 9913 
4932 4745 9914 
4745 7937 9914 
8496 9516 9915 
9516 8573 9915 
1328 8522 9916 
8522 4187 9916 
8311 9484 9917 
9484 9108 9917 
3942 2501 9918 
2501 4272 9918 
2657 9722 9919 
9722 298 9919 
3177 3682 9920 
6087 3177 9920 
4239 3847 9921 
1203 4891 9921 
6037 6068 9922 
6068 6133 9922 
3229 4038 9923 
4038 2867 9923 
1412 2963 9924 
2963 6810 9924 
8600 3891 9925 
3891 6051 9925 
8038 9094 9953 
3613 9151 9926 
2658 8785 9927 
8785 8683 9927 
9422 1442 9928 
1442 9736 9928 
6534 2890 9929 
2219 6534 9929 
7659 9902 9930 
9902 6039 9930 
3697 5402 9931 
5402 4572 9931 
4063 6851 9932 
6851 4324 9932 
6958 9812 9933 
9812 1633 9933 
1896 7924 9934 
7924 2609 9934 
8933 8705 9935 
3706 2475 9935 
8368 388 9936 
5131 8368 9936 
8404 6474 9937 
7596 8404 9937 
3155 8437 9938 
8333 3700 9938 
8685 9420 9939 
9787 8685 9939 
275 527 9940 
527 4032 9940 
5729 4090 9941 
4090 8593 9941 
4201 4795 9942 
4795 5748 9942 
595 4649 9943 
4649 2326 9943 
2442 5204 9944 
7413 2442 9944 
5999 938 9945 
9266 5999 9945 
6334 9458 9946 
9458 9752 9946 
1356 2258 9947 
5032 1356 9947 
4304 4333 9948 
4333 9809 9948 
2925 6758 9949 
7092 2925 9949 
9146 9703 9950 
9703 1658 9950 
866 5815 9951 
5815 3028 9951 
3591 6569 9952 
6569 7743 9952 
7895 9926 9953 
9926 9151 9953 
3537 383 9954 
383 4425 9954 
8324 9420 9955 
9420 8685 9955 
9166 8975 9956 
4653 9166 9956 
6223 524 9957 
524 8661 9957 
9633 9652 9958 
9652 5843 9958 
6252 5461 9959 
5461 7621 9959 
5806 8598 9960 
4143 4264 9960 
3138 7750 9961 
7750 5415 9961 
2004 6153 9962 
7014 2004 9962 
9902 6104 9963 
3843 9902 9963 
8420 842 9964 
7360 1014 9964 
4741 6923 9965 
6923 5586 9965 
8789 7825 9966 
2656 121 9966 
8197 9694 9967 
9694 8348 9967 
463 6347 9968 
8735 463 9968 
7768 6126 9969 
7152 7768 9969 
7734 7582 9970 
8239 7734 9970 
1908 5269 9971 
5269 6531 9971 
2920 3869 9972 
3869 8493 9972 
2119 6937 9973 
6937 4200 9973 
1196 7637 9974 
7637 1017 9974 
3055 8914 9975 
8914 2349 9975 
4324 6851 9976 
9148 4515 9976 
1547 3648 9977 
3648 3289 9977 
6658 9520 9978 
9520 636 9978 
7602 5601 9979 
9231 7602 9979 
8996 3614 9980 
5484 2295 9980 
7335 9528 9981 
9528 1394 9981 
1073 6872 9982 
6734 262 9982 
4271 4998 9983 
5468 4271 9983 
8409 7792 9984 
6801 8409 9984 
2682 4338 9985 
4338 2168 9985 
7387 7497 9986 
7497 7487 9986 
3090 3848 9987 
3848 3305 9987 
3094 5339 9988 
7530 3094 9988 
5979 3583 9989 
3817 5979 9989 
8935 4466 9990 
4466 9846 9990 
5215 8541 9991 
8541 1279 9991 
4642 8105 9992 
8105 6505 9992 
9478 3299 9993 
9184 7115 9993 
7934 2801 9994 
5905 7934 9994 
9464 6311 9995 
6311 9477 9995 
1182 9291 9996 
9291 975 9996 
2187 9866 9997 
9866 3898 9997 
8719 8783 9998 
8783 3162 9998 
49 4273 9999 
4273 296 9999 
